expression,reading,level
現像,げんぞう,JLPT_1 JLPT
原則,げんそく,JLPT_1 JLPT
見地,けんち,JLPT_1 JLPT
現地,げんち,JLPT_1 JLPT
限定,げんてい,JLPT_1 JLPT
原点,げんてん,JLPT_1 JLPT
原典,げんてん,JLPT_1 JLPT
原爆,げんばく,JLPT_1 JLPT
原文,げんぶん,JLPT_1 JLPT
厳密,げんみつ,JLPT_1 JLPT
賢明,けんめい,JLPT_1 JLPT
倹約,けんやく,JLPT_1 JLPT
原油,げんゆ,JLPT_1 JLPT
兼用,けんよう,JLPT_1 JLPT
権力,けんりょく,JLPT_1 JLPT
言論,げんろん,JLPT_1 JLPT
故～,こ～,JLPT_1 JLPT
語彙,ごい,JLPT_1 JLPT
恋する,こいする,JLPT_1 JLPT
甲,こう,JLPT_1 JLPT
～光,～こう,JLPT_1 JLPT
好意,こうい,JLPT_1 JLPT
行為,こうい,JLPT_1 JLPT
合意,ごうい,JLPT_1 JLPT
工学,こうがく,JLPT_1 JLPT
抗議,こうぎ,JLPT_1 JLPT
合議,ごうぎ,JLPT_1 JLPT
皇居,こうきょ,JLPT_1 JLPT
好況,こうきょう,JLPT_1 JLPT
鉱業,こうぎょう,JLPT_1 JLPT
興業,こうぎょう,JLPT_1 JLPT
高原,こうげん,JLPT_1 JLPT
交互,こうご,JLPT_1 JLPT
煌々と,こうこうと,JLPT_1 JLPT
考古学,こうこがく,JLPT_1 JLPT
工作,こうさく,JLPT_1 JLPT
耕作,こうさく,JLPT_1 JLPT
鉱山,こうざん,JLPT_1 JLPT
講習,こうしゅう,JLPT_1 JLPT
口述,こうじゅつ,JLPT_1 JLPT
控除,こうじょ,JLPT_1 JLPT
交渉,こうしょう,JLPT_1 JLPT Intermediate_Japanese_Ln.8 Intermediate_Japanese
高尚,こうしょう,JLPT_1 JLPT
向上,こうじょう,JLPT_1 JLPT
行進,こうしん,JLPT_1 JLPT
香辛料,こうしんりょう,JLPT_1 JLPT
降水,こうすい,JLPT_1 JLPT
洪水,こうずい,JLPT_1 JLPT
合成,ごうせい,JLPT_1 JLPT
公然,こうぜん,JLPT_1 JLPT
抗争,こうそう,JLPT_1 JLPT
構想,こうそう,JLPT_1 JLPT
後退,こうたい,JLPT_1 JLPT
光沢,こうたく,JLPT_1 JLPT
公団,こうだん,JLPT_1 JLPT
好調,こうちょう,JLPT_1 JLPT
口頭,こうとう,JLPT_1 JLPT
講読,こうどく,JLPT_1 JLPT
購読,こうどく,JLPT_1 JLPT
購入,こうにゅう,JLPT_1 JLPT
公認,こうにん,JLPT_1 JLPT
光熱費,こうねつひ,JLPT_1 JLPT
購買,こうばい,JLPT_1 JLPT
好評,こうひょう,JLPT_1 JLPT
交付,こうふ,JLPT_1 JLPT
公募,こうぼ,JLPT_1 JLPT
巧妙,こうみょう,JLPT_1 JLPT
公用,こうよう,JLPT_1 JLPT
小売,こうり,JLPT_1 JLPT
効率,こうりつ,JLPT_1 JLPT
公立,こうりつ,JLPT_1 JLPT
護衛,ごえい,JLPT_1 JLPT
コーナー,コーナー,JLPT_1 JLPT
小柄,こがら,JLPT_1 JLPT
小切手,こぎって,JLPT_1 JLPT
国産,こくさん,JLPT_1 JLPT
国定,こくてい,JLPT_1 JLPT
告白,こくはく,JLPT_1 JLPT
国防,こくぼう,JLPT_1 JLPT
国有,こくゆう,JLPT_1 JLPT
極楽,ごくらく,JLPT_1 JLPT
国連,こくれん,JLPT_1 JLPT
焦げ茶,こげちゃ,JLPT_1 JLPT
語源,ごげん,JLPT_1 JLPT
心地,ここち,JLPT_1 JLPT
心得,こころえ,JLPT_1 JLPT
心掛け,こころがけ,JLPT_1 JLPT
心掛ける,こころがける,JLPT_1 JLPT
志,こころざし,JLPT_1 JLPT
志す,こころざす,JLPT_1 JLPT
心強い,こころづよい,JLPT_1 JLPT
心細い,こころぼそい,JLPT_1 JLPT
試み,こころみ,JLPT_1 JLPT
試みる,こころみる,JLPT_1 JLPT
快い,こころよい,JLPT_1 JLPT
誤差,ごさ,JLPT_1 JLPT
ございます (かん),ございます (かん),JLPT_1 JLPT
孤児,こじ,JLPT_1 JLPT
こじれる,こじれる,JLPT_1 JLPT
こす (みずを～),こす (みずを～),JLPT_1 JLPT
梢,こずえ,JLPT_1 JLPT
個性,こせい,JLPT_1 JLPT
戸籍,こせき,JLPT_1 Intermediate_Japanese_Ln.14 JLPT Intermediate_Japanese
古代,こだい,JLPT_1 JLPT
こたつ,こたつ,JLPT_1 JLPT
こだわる,こだわる,JLPT_1 JLPT
誇張,こちょう,JLPT_1 JLPT
こつ (をつかむ),こつ (をつかむ),JLPT_1 JLPT
滑稽,こっけい,JLPT_1 JLPT
国交,こっこう,JLPT_1 JLPT
骨董品,こっとうひん,JLPT_1 JLPT
固定,こてい,JLPT_1 JLPT
事柄,ことがら,JLPT_1 JLPT
孤独,こどく,JLPT_1 JLPT
ことごとく,ことごとく,JLPT_1 JLPT
言付け,ことづけ,JLPT_1 JLPT
殊に,ことに,JLPT_1 JLPT
粉々,こなごな,JLPT_1 JLPT
好ましい,このましい,JLPT_1 JLPT
碁盤,ごばん,JLPT_1 JLPT
個別,こべつ,JLPT_1 JLPT
ごまかす,ごまかす,JLPT_1 JLPT
細やか,こまやか,JLPT_1 JLPT
コマーシャル,コマーシャル,JLPT_1 JLPT
込める,こめる,JLPT_1 JLPT
コメント,コメント,JLPT_1 JLPT
籠もる,こもる,JLPT_1 JLPT
固有,こゆう,JLPT_1 JLPT
暦,こよみ,JLPT_1 JLPT
凝らす,こらす,JLPT_1 JLPT
ごらんなさい (かん),ごらんなさい (かん),JLPT_1 JLPT
孤立,こりつ,JLPT_1 JLPT
懲りる,こりる,JLPT_1 JLPT
凝る,こる,JLPT_1 JLPT
根気,こんき,JLPT_1 JLPT
根拠,こんきょ,JLPT_1 JLPT
混血,こんけつ,JLPT_1 JLPT
コンタクト (レンズ),コンタクト (レンズ),JLPT_1 JLPT
昆虫,こんちゅう,JLPT_1 JLPT
根底,こんてい,JLPT_1 JLPT
混同,こんどう,JLPT_1 JLPT
コントラスト,コントラスト,JLPT_1 JLPT
コントロール,コントロール,JLPT_1 JLPT
コンパス,コンパス,JLPT_1 JLPT
根本,こんぽん,JLPT_1 JLPT
財,ざい,JLPT_1 JLPT
再会,さいかい,JLPT_1 JLPT
災害,さいがい,JLPT_1 JLPT
細菌,さいきん,JLPT_1 JLPT
細工,さいく,JLPT_1 JLPT
採掘,さいくつ,JLPT_1 JLPT
サイクル,サイクル,JLPT_1 JLPT
採決,さいけつ,JLPT_1 JLPT
再建,さいけん,JLPT_1 JLPT
再現,さいげん,JLPT_1 JLPT
財源,ざいげん,JLPT_1 JLPT
在庫,ざいこ,JLPT_1 JLPT
採算,さいさん,JLPT_1 JLPT
サイズ,サイズ,JLPT_1 JLPT
再生,さいせい,JLPT_1 JLPT
財政,ざいせい,JLPT_1 JLPT
最善,さいぜん,JLPT_1 JLPT
採択,さいたく,JLPT_1 JLPT
栽培,さいばい,JLPT_1 JLPT
再発,さいはつ,JLPT_1 JLPT
細胞,さいぼう,JLPT_1 JLPT
採用,さいよう,JLPT_1 JLPT
遮る,さえぎる,JLPT_1 JLPT
さえずる,さえずる,JLPT_1 JLPT
冴える,さえる,JLPT_1 JLPT
竿,さお,JLPT_1 JLPT
栄える,さかえる,JLPT_1 JLPT
差額,さがく,JLPT_1 JLPT
杯,さかずき,JLPT_1 JLPT
逆立ち,さかだち,JLPT_1 JLPT
さきに (いぜん),さきに (いぜん),JLPT_1 JLPT
詐欺,さぎ,JLPT_1 JLPT
削減,さくげん,JLPT_1 JLPT
錯誤,さくご,JLPT_1 JLPT
作戦,さくせん,JLPT_1 JLPT
叫び,さけび,JLPT_1 JLPT
捧げる,ささげる,JLPT_1 JLPT
差し掛かる,さしかかる,JLPT_1 JLPT
指図,さしず,JLPT_1 JLPT
差し出す,さしだす,JLPT_1 JLPT
差し支える,さしつかえる,JLPT_1 JLPT
授ける,さずける,JLPT_1 JLPT
摩する,さする,JLPT_1 JLPT
さぞ (さぞや。さぞかし),さぞ (さぞや。さぞかし),JLPT_1 JLPT
定まる,さだまる,JLPT_1 JLPT
定める,さだめる,JLPT_1 JLPT
座談会,ざだんかい,JLPT_1 JLPT
雑,ざつ,JLPT_1 JLPT
雑貨,ざっか,JLPT_1 JLPT
殺人,さつじん,JLPT_1 JLPT
察する,さっする,JLPT_1 JLPT
雑談,ざつだん,JLPT_1 JLPT
さっと,さっと,JLPT_1 JLPT
さっぱりする,さっぱりする,JLPT_1 JLPT
悟る,さとる,JLPT_1 JLPT
最中,さなか,JLPT_1 JLPT
座標,ざひょう,JLPT_1 JLPT
さほど,さほど,JLPT_1 JLPT
サボる,サボる,JLPT Genki_Ln.11 Intermediate_Japanese JLPT_1 Intermediate_Japanese_Ln.13 Genki
様,さま,JLPT_1 JLPT Intermediate_Japanese Intermediate_Japanese_Ln.11
寒気,さむけ,JLPT_1 JLPT
侍,さむらい,JLPT_1 JLPT Intermediate_Japanese_Ln.7 Intermediate_Japanese
さも,さも,JLPT_1 JLPT
作用,さよう,JLPT_1 JLPT
さらう (こどもを～),さらう (こどもを～),JLPT_1 JLPT
障る,さわる,JLPT_1 JLPT
酸,さん,JLPT_1 JLPT
山岳,さんがく,JLPT_1 JLPT
参議院,さんぎいん,JLPT_1 JLPT
産休,さんきゅう,JLPT_1 JLPT
サンキュー,サンキュー,JLPT_1 JLPT
残金,ざんきん,JLPT_1 JLPT
産後,さんご,JLPT_1 JLPT
残酷,ざんこく,JLPT_1 JLPT
産出,さんしゅつ,JLPT_1 JLPT
参照,さんしょう,JLPT_1 JLPT
参上,さんじょう,JLPT_1 JLPT
残高,ざんだか,JLPT_1 JLPT
サンタクロース,サンタクロース,JLPT_1 JLPT Intermediate_Japanese_Ln.8 Intermediate_Japanese
桟橋,さんばし,JLPT_1 JLPT
賛美,さんび,JLPT_1 JLPT
山腹,さんぷく,JLPT_1 JLPT
産婦人科,さんふじんか,JLPT_1 JLPT
産物,さんぶつ,JLPT_1 JLPT
山脈,さんみゃく,JLPT_1 JLPT
仕上がり,しあがり,JLPT_1 JLPT
仕上,しあげ,JLPT_1 JLPT
仕上げる,しあげる,JLPT_1 JLPT
飼育,しいく,JLPT_1 JLPT
強いて,しいて,JLPT_1 JLPT
シート,シート,JLPT_1 JLPT
ジーパン,ジーパン,JLPT_1 JLPT
仕入れる,しいれる,JLPT_1 JLPT
強いる,しいる,JLPT_1 JLPT
潮,しお,JLPT_1 JLPT
歯科,しか,JLPT_1 JLPT
自我,じが,JLPT_1 JLPT
自覚,じかく,JLPT_1 JLPT
仕掛,しかけ,JLPT_1 JLPT
仕掛ける,しかける,JLPT_1 JLPT
しかしながら,しかしながら,JLPT_1 JLPT
色彩,しきさい,JLPT_1 JLPT
式場,しきじょう,JLPT_1 JLPT
しきたり,しきたり,JLPT_1 JLPT
事業,じぎょう,JLPT_1 JLPT
軽蔑,けいべつ,JLPT_1 JLPT
経歴,けいれき,JLPT_1 JLPT
経路,けいろ,JLPT_1 JLPT
けがらわしい,けがらわしい,JLPT_1 JLPT
劇団,げきだん,JLPT_1 JLPT
激励,げきれい,JLPT_1 JLPT
ゲスト,ゲスト,JLPT_1 JLPT
獣,けだもの,JLPT_1 JLPT
決,けつ,JLPT_1 JLPT
決意,けつい,JLPT_1 JLPT
結核,けっかく,JLPT_1 JLPT
決議,けつぎ,JLPT_1 JLPT
結合,けつごう,JLPT_1 JLPT
決算,けっさん,JLPT_1 JLPT
月謝,げっしゃ,JLPT_1 JLPT
決勝,けっしょう,JLPT_1 JLPT
結晶,けっしょう,JLPT_1 JLPT
結成,けっせい,JLPT_1 JLPT
結束,けっそく,JLPT_1 JLPT
げっそり,げっそり,JLPT_1 JLPT
決断,けつだん,JLPT_1 JLPT
月賦,げっぷ,JLPT_1 JLPT
欠乏,けつぼう,JLPT_1 JLPT
蹴飛ばす,けとばす,JLPT_1 JLPT
けなす,けなす,JLPT_1 JLPT
煙たい,けむたい,JLPT_1 JLPT
煙る,けむる,JLPT_1 JLPT
獣,けもの,JLPT_1 JLPT
家来,けらい,JLPT_1 JLPT
下痢,げり,JLPT_1 JLPT Intermediate_Japanese_Ln.12 Intermediate_Japanese
権威,けんい,JLPT_1 JLPT
兼業,けんぎょう,JLPT_1 Intermediate_Japanese_Ln.14 JLPT Intermediate_Japanese
原形,げんけい,JLPT_1 JLPT
原型,げんけい,JLPT_1 JLPT
権限,けんげん,JLPT_1 JLPT
現行,げんこう,JLPT_1 JLPT
健在,けんざい,JLPT_1 JLPT
原作,げんさく,JLPT_1 JLPT
検事,けんじ,JLPT_1 JLPT
原子,げんし,JLPT_1 JLPT
元首,げんしゅ,JLPT_1 JLPT
原書,げんしょ,JLPT_1 JLPT
懸賞,けんしょう,JLPT_1 JLPT
健全,けんぜん,JLPT_1 JLPT
元素,げんそ,JLPT_1 JLPT
同調,どうちょう,JLPT_1 JLPT
到底,とうてい,JLPT_1 JLPT
動的,どうてき,JLPT_1 JLPT
尊い,とうとい,JLPT_1 JLPT
貴い,とうとい,JLPT_1 JLPT
同等,どうとう,JLPT_1 JLPT
堂々,どうどう,JLPT_1 JLPT
尊ぶ,とうとぶ,JLPT_1 JLPT
どうにか,どうにか,JLPT_1 JLPT
投入,とうにゅう,JLPT_1 JLPT
導入,どうにゅう,JLPT_1 JLPT Intermediate_Japanese_Ln.12 Intermediate_Japanese
当人,とうにん,JLPT_1 JLPT
同封,どうふう,JLPT_1 JLPT
逃亡,とうぼう,JLPT_1 JLPT
冬眠,とうみん,JLPT_1 JLPT
同盟,どうめい,JLPT_1 JLPT
どうやら,どうやら,JLPT_1 JLPT
動力,どうりょく,JLPT_1 JLPT
登録,とうろく,JLPT_1 JLPT
討論,とうろん,JLPT_1 JLPT Intermediate_Japanese_Ln.15 Intermediate_Japanese
遠ざかる,とおざかる,JLPT_1 JLPT
遠回り,とおまわり,JLPT_1 JLPT
トーン,トーン,JLPT_1 JLPT
とかく,とかく,JLPT_1 JLPT
とがめる,とがめる,JLPT_1 JLPT
時折,ときおり,JLPT_1 JLPT
とぎれる,とぎれる,JLPT_1 JLPT
研ぐ,とぐ,JLPT_1 JLPT
特技,とくぎ,JLPT_1 JLPT Intermediate_Japanese_Ln.8 Intermediate_Japanese
独裁,どくさい,JLPT_1 JLPT
特産,とくさん,JLPT_1 JLPT
独自,どくじ,JLPT_1 JLPT
特集,とくしゅう,JLPT_1 JLPT
独占,どくせん,JLPT_1 JLPT
独創,どくそう,JLPT_1 JLPT
得点,とくてん,JLPT_1 JLPT
特派,とくは,JLPT_1 JLPT
特有,とくゆう,JLPT_1 JLPT
とげ (をさす),とげ (をさす),JLPT_1 JLPT
遂げる,とげる,JLPT_1 JLPT
～どころか,～どころか,JLPT_1 JLPT
年頃,としごろ,JLPT_1 JLPT
戸締り,とじまり,JLPT_1 JLPT
途上,とじょう,JLPT_1 JLPT
土台,どだい,JLPT_1 JLPT
途絶える,とだえる,JLPT_1 JLPT
特許,とっきょ,JLPT_1 JLPT
特権,とっけん,JLPT_1 JLPT
とっさに,とっさに,JLPT_1 JLPT
突如,とつじょ,JLPT_1 JLPT
とって,とって,JLPT_1 JLPT
突破,とっぱ,JLPT_1 JLPT
土手,どて,JLPT_1 JLPT
届,とどけ,JLPT_1 JLPT
滞る,とどこおる,JLPT_1 JLPT
整える,ととのえる,JLPT_1 JLPT
止める,とどめる,JLPT_1 JLPT
唱える,となえる,JLPT_1 JLPT
殿様,とのさま,JLPT_1 JLPT
土俵,どひょう,JLPT_1 JLPT
扉,とびら,JLPT_1 JLPT
溝,どぶ,JLPT_1 JLPT
徒歩,とほ,JLPT_1 JLPT
土木,どぼく,JLPT_1 JLPT
とぼける,とぼける,JLPT_1 JLPT
乏しい,とぼしい,JLPT_1 JLPT
富,とみ,JLPT_1 JLPT
富む,とむ,JLPT_1 JLPT
共稼ぎ,ともかせぎ,JLPT_1 JLPT
伴う,ともなう,JLPT_1 JLPT
共働き,ともばたらき,JLPT_1 Intermediate_Japanese_Ln.14 JLPT Intermediate_Japanese
ドライ,ドライ,JLPT_1 JLPT
ドライクリーニング,ドライクリーニング,JLPT_1 JLPT
ドライバー,ドライバー,JLPT_1 JLPT
ドライブイン,ドライブイン,JLPT_1 JLPT
トラブル,トラブル,JLPT_1 JLPT
トランジスター,トランジスター,JLPT_1 JLPT
とりあえず,とりあえず,JLPT_1 JLPT
取扱,とりあつかい,JLPT_1 JLPT
取り扱う,とりあつかう,JLPT_1 JLPT
鳥居,とりい,JLPT_1 JLPT
取り替え,とりかえ,JLPT_1 JLPT
取り組む,とりくむ,JLPT_1 JLPT
取締り,とりしまり,JLPT_1 JLPT
取り締まる,とりしまる,JLPT_1 JLPT
取り調べる,とりしらべる,JLPT_1 JLPT
取り立てる,とりたてる,JLPT_1 JLPT
取り次ぐ,とりつぐ,JLPT_1 JLPT
取り付ける,とりつける,JLPT_1 JLPT
取り除く,とりのぞく,JLPT_1 JLPT
取引,とりひき,JLPT_1 JLPT
取り巻く,とりまく,JLPT_1 JLPT
取り混ぜる,とりまぜる,JLPT_1 JLPT
取り戻す,とりもどす,JLPT_1 JLPT
取り寄せる,とりよせる,JLPT_1 JLPT
ドリル,ドリル,JLPT_1 JLPT
副,とりわけ,JLPT_1 JLPT
とろける,とろける,JLPT_1 JLPT
鈍感,どんかん,JLPT_1 JLPT
とんだ,とんだ,JLPT_1 JLPT
度忘れ,どわすれ,JLPT_1 JLPT
問屋,とんや,JLPT_1 JLPT
内閣,ないかく,JLPT_1 JLPT
乃至,ないし,JLPT_1 JLPT
内緒,ないしょ,JLPT_1 JLPT
内心,ないしん,JLPT_1 JLPT
内蔵,ないぞう,JLPT_1 JLPT
ナイター,ナイター,JLPT_1 JLPT
内部,ないぶ,JLPT_1 JLPT
内乱,ないらん,JLPT_1 JLPT
内陸,ないりく,JLPT_1 JLPT
苗,なえ,JLPT_1 JLPT
なおさら,なおさら,JLPT_1 JLPT
流し,ながし,JLPT_1 JLPT
長々,ながなが,JLPT_1 JLPT
中程,なかほど,JLPT_1 JLPT
渚,なぎさ,JLPT_1 JLPT
嘆く,なげく,JLPT_1 JLPT
投げ出す,なげだす,JLPT_1 JLPT
仲人,なこうど,JLPT_1 JLPT
和やか,なごやか,JLPT_1 JLPT
名残,なごり,JLPT_1 JLPT
情け,なさけ,JLPT_1 JLPT
情無い,なさけない,JLPT_1 JLPT
情深い,なさけぶかい,JLPT_1 JLPT
詰る,なじる,JLPT_1 JLPT
名高い,なだかい,JLPT_1 JLPT
雪崩,なだれ,JLPT_1 JLPT
懐く,なつく,JLPT_1 JLPT
名付ける,なづける,JLPT_1 JLPT
何気ない,なにげない,JLPT_1 JLPT
なにとぞ,なにとぞ,JLPT_1 JLPT
なにより,なにより,JLPT_1 JLPT
ナプキン,ナプキン,JLPT_1 JLPT
名札,なふだ,JLPT_1 JLPT
生臭い,なまぐさい,JLPT_1 JLPT
生温い,なまぬるい,JLPT_1 JLPT
生身,なまみ,JLPT_1 JLPT
鉛,なまり,JLPT_1 JLPT
滑らか,なめらか,JLPT_1 JLPT
嘗める,なめる,JLPT_1 JLPT
悩ましい,なやましい,JLPT_1 JLPT
悩ます,なやます,JLPT_1 JLPT
悩み,なやみ,JLPT_1 JLPT Genki_Ln.19 Genki
並びに,ならびに,JLPT_1 JLPT
成り立つ,なりたつ,JLPT_1 JLPT
なるたけ,なるたけ,JLPT_1 JLPT
慣れ,なれ,JLPT_1 JLPT
馴々しい,なれなれしい,JLPT_1 JLPT
～なんか,～なんか,JLPT_1 JLPT
ナンセンス,ナンセンス,JLPT_1 JLPT
何だか,なんだか,JLPT_1 JLPT Intermediate_Japanese Intermediate_Japanese_Ln.11
なんだかんだ,なんだかんだ,JLPT_1 JLPT
なんなり,なんなり,JLPT_1 JLPT
荷,に,JLPT_1 JLPT
似通う,にかよう,JLPT_1 JLPT
にきび,にきび,JLPT_1 JLPT
賑わう,にぎわう,JLPT_1 JLPT
憎しみ,にくしみ,JLPT_1 JLPT
肉親,にくしん,JLPT_1 JLPT
肉体,にくたい,JLPT_1 JLPT
逃げ出す,にげだす,JLPT_1 JLPT
西日,にしび,JLPT_1 JLPT
滲む,にじむ,JLPT_1 JLPT
にせ物,にせもの,JLPT_1 JLPT
日夜,にちや,JLPT_1 JLPT
荷造り,にづくり,JLPT_1 JLPT
担う,になう,JLPT_1 JLPT
鈍る,にぶる,JLPT_1 JLPT
にも関わらず,にもかかわらず,JLPT_1 JLPT
ニュアンス,ニュアンス,JLPT_1 JLPT
ニュー,ニュー,JLPT_1 JLPT
入手,にゅうしゅ,JLPT_1 JLPT
入賞,にゅうしょう,JLPT_1 JLPT
入浴,にゅうよく,JLPT_1 JLPT
尿,にょう,JLPT_1 JLPT
認識,にんしき,JLPT_1 JLPT
妊娠,にんしん,JLPT_1 JLPT
任務,にんむ,JLPT_1 JLPT
任命,にんめい,JLPT_1 JLPT
抜かす,ぬかす,JLPT_1 JLPT
抜け出す,ぬけだす,JLPT_1 JLPT
主,ぬし,JLPT_1 JLPT Intermediate_Japanese_Ln.13 Intermediate_Japanese
沼,ぬま,JLPT_1 JLPT
音色,ねいろ,JLPT_1 JLPT
値打ち,ねうち,JLPT_1 JLPT
ネガ,ネガ,JLPT_1 JLPT
寝かせる,ねかせる,JLPT_1 JLPT
ねじまわし,ねじまわし,JLPT_1 JLPT
捩れる,ねじれる,JLPT_1 JLPT
妬む,ねたむ,JLPT_1 JLPT
ねだる,ねだる,JLPT_1 JLPT
熱意,ねつい,JLPT_1 JLPT
熱湯,ねっとう,JLPT_1 JLPT
熱量,ねつりょう,JLPT_1 JLPT
粘り,ねばり,JLPT_1 JLPT
粘る,ねばる,JLPT_1 JLPT
値引き,ねびき,JLPT_1 JLPT
根回し,ねまわし,JLPT_1 JLPT
眠たい,ねむたい,JLPT_1 JLPT
練る,ねる,JLPT_1 JLPT
念,ねん,JLPT_1 JLPT
年賀,ねんが,JLPT_1 JLPT
念願,ねんがん,JLPT_1 JLPT
年号,ねんごう,JLPT_1 JLPT
燃焼,ねんしょう,JLPT_1 JLPT
年長,ねんちょう,JLPT_1 JLPT
燃料,ねんりょう,JLPT_1 JLPT
年輪,ねんりん,JLPT_1 JLPT
ノイローゼ,ノイローゼ,JLPT_1 JLPT
農耕,のうこう,JLPT_1 JLPT
農場,のうじょう,JLPT_1 JLPT
農地,のうち,JLPT_1 JLPT
納入,のうにゅう,JLPT_1 JLPT
逃す,のがす,JLPT_1 JLPT
逃れる,のがれる,JLPT_1 JLPT
軒並,のきなみ,JLPT_1 JLPT
望ましい,のぞましい,JLPT_1 JLPT
乗っ取る,のっとる,JLPT_1 JLPT
のどか,のどか,JLPT_1 JLPT
罵る,ののしる,JLPT_1 JLPT
延べ,のべ,JLPT_1 JLPT
飲み込む,のみこむ,JLPT_1 JLPT Intermediate_Japanese_Ln.12 Intermediate_Japanese
乗り込む,のりこむ,JLPT_1 JLPT
刃,は,JLPT_1 JLPT
～派,～は,JLPT_1 JLPT
バー,バー,JLPT_1 JLPT
把握,はあく,JLPT_1 JLPT
パート,パート,JLPT_1 JLPT Intermediate_Japanese_Ln.8 Intermediate_Japanese
廃棄,はいき,JLPT_1 JLPT
配給,はいきゅう,JLPT_1 JLPT
ばい菌,ばいきん,JLPT_1 JLPT
配偶者,はいぐうしゃ,JLPT_1 JLPT
拝啓,はいけい,Intermediate_Japanese_Ln.4 JLPT_1 JLPT Intermediate_Japanese
背景,はいけい,JLPT_1 JLPT
背後,はいご,JLPT_1 JLPT
廃止,はいし,JLPT_1 JLPT
拝借,はいしゃく,JLPT_1 JLPT
排除,はいじょ,JLPT_1 JLPT
賠償,ばいしょう,JLPT_1 JLPT
排水,はいすい,JLPT_1 JLPT
敗戦,はいせん,JLPT_1 JLPT
配置,はいち,JLPT_1 JLPT
配布,はいふ,JLPT_1 JLPT
配分,はいぶん,JLPT_1 JLPT
敗北,はいぼく,JLPT_1 JLPT
倍率,ばいりつ,JLPT_1 JLPT
配慮,はいりょ,JLPT_1 JLPT
配列,はいれつ,JLPT_1 JLPT
破壊,はかい,JLPT_1 JLPT
いたわる,いたわる,JLPT_1 JLPT
一概に,いちがいに,JLPT_1 JLPT
著しい,いちじるしい,JLPT_1 JLPT
一同,いちどう,JLPT_1 JLPT
一部分,いちぶぶん,JLPT_1 JLPT
一別,いちべつ,JLPT_1 JLPT
一面,いちめん,JLPT_1 JLPT
一目,いちもく,JLPT_1 JLPT
一様,いちよう,JLPT_1 JLPT
一律,いちりつ,JLPT_1 JLPT
一連,いちれん,JLPT_1 JLPT
一括,いっかつ,JLPT_1 JLPT
一気,いっき,JLPT_1 JLPT
一挙に,いっきょに,JLPT_1 JLPT
一見,いっけん,JLPT_1 JLPT
一切,いっさい,JLPT_1 JLPT
一心,いっしん,JLPT_1 JLPT
いっそ,いっそ,JLPT_1 JLPT
一変,いっぺん,JLPT_1 JLPT
意図,いと,JLPT_1 JLPT
営む,いとなむ,JLPT_1 JLPT
挑む,いどむ,JLPT_1 JLPT
稲光,いなびかり,JLPT_1 JLPT
祈り,いのり,JLPT_1 JLPT
いびき,いびき,JLPT_1 JLPT
今更,いまさら,JLPT_1 JLPT
未だ,いまだ,JLPT_1 JLPT
移民,いみん,JLPT_1 JLPT
嫌々,いやいや,JLPT_1 JLPT
卑しい,いやしい,JLPT_1 JLPT
いやに,いやに,JLPT_1 JLPT
いやらしい,いやらしい,JLPT_1 JLPT
意欲,いよく,JLPT_1 JLPT
威力,いりょく,JLPT_1 JLPT
衣類,いるい,JLPT_1 JLPT
異論,いろん,JLPT_1 JLPT
印鑑,いんかん,JLPT_1 JLPT
陰気,いんき,JLPT_1 JLPT
隠居,いんきょ,JLPT_1 JLPT
インターチェンジ,インターチェンジ,JLPT_1 JLPT
インターナショナル,インターナショナル,JLPT_1 JLPT
インターフォン,インターフォン,JLPT_1 JLPT
インテリ,インテリ,JLPT_1 JLPT
インフォメーション,インフォメーション,JLPT_1 JLPT
インフレ,インフレ,JLPT_1 JLPT
受かる,うかる,JLPT_1 JLPT
受け入れ,うけいれ,JLPT_1 JLPT
受け入れる,うけいれる,JLPT_1 JLPT
受け継ぐ,うけつぐ,JLPT_1 JLPT
受け付ける,うけつける,JLPT_1 JLPT
受け止める,うけとめる,JLPT_1 JLPT
受身,うけみ,JLPT_1 JLPT
受持ち,うけもち,JLPT_1 JLPT
動き,うごき,JLPT_1 JLPT
埋める,うずめる,JLPT_1 JLPT
嘘つき,うそつき,JLPT_1 JLPT
うたた寝,うたたね,JLPT_1 JLPT
打ち明ける,うちあける,JLPT_1 JLPT
打ち切る,うちきる,JLPT_1 JLPT
打ち消し,うちけし,JLPT_1 JLPT
打ち込む,うちこむ,JLPT_1 JLPT
団扇,うちわ,JLPT_1 JLPT
内訳,うちわけ,JLPT_1 JLPT
写し,うつし,JLPT_1 JLPT
訴え,うったえ,JLPT_1 JLPT
うっとうしい,うっとうしい,JLPT_1 JLPT
うつむく,うつむく,JLPT_1 JLPT
空ろ,うつろ,JLPT_1 JLPT
器,うつわ,JLPT_1 JLPT
腕前,うでまえ,JLPT_1 JLPT
雨天,うてん,JLPT_1 JLPT
促す,うながす,JLPT_1 JLPT
うぬぼれ,うぬぼれ,JLPT_1 JLPT
生まれつき,うまれつき,JLPT_1 JLPT
埋め込む,うめこむ,JLPT_1 JLPT
梅干し,うめぼし,JLPT_1 JLPT
裏返し,うらがえし,JLPT_1 JLPT
売り出し,うりだし,JLPT_1 JLPT
売り出す,うりだす,JLPT_1 JLPT
潤う,うるおう,JLPT_1 JLPT
浮気,うわき,JLPT_1 JLPT
上回る,うわまわる,JLPT_1 JLPT
植わる,うわる,JLPT_1 JLPT
運営,うんえい,JLPT_1 JLPT
うんざり,うんざり,JLPT_1 JLPT
運送,うんそう,JLPT_1 JLPT
運賃,うんちん,JLPT_1 JLPT Intermediate_Japanese_Ln.10 Intermediate_Japanese
云々,うんぬん,JLPT_1 JLPT
運搬,うんぱん,JLPT_1 JLPT
運命,うんめい,JLPT_1 JLPT
運輸,うんゆ,JLPT_1 JLPT
運用,うんよう,JLPT_1 JLPT
エアメール,エアメール,JLPT_1 JLPT
～営,～えい,JLPT_1 JLPT
英字,えいじ,JLPT_1 JLPT
映写,えいしゃ,JLPT_1 JLPT
映像,えいぞう,JLPT_1 JLPT
英雄,えいゆう,JLPT_1 JLPT
液,えき,JLPT_1 JLPT
閲覧,えつらん,JLPT_1 JLPT
獲物,えもの,JLPT_1 JLPT
襟,えり,JLPT_1 JLPT
エレガント,エレガント,JLPT_1 JLPT
円滑,えんかつ,JLPT_1 JLPT
縁側,えんがわ,JLPT_1 JLPT
沿岸,えんがん,JLPT_1 JLPT
婉曲,えんきょく,JLPT_1 JLPT
演出,えんしゅつ,JLPT_1 JLPT
エンジニア,エンジニア,JLPT_1 JLPT
演じる,えんじる,JLPT_1 JLPT
演ずる,えんずる,JLPT_1 JLPT
沿線,えんせん,JLPT_1 JLPT
縁談,えんだん,JLPT_1 JLPT
遠方,えんぽう,JLPT_1 JLPT
円満,えんまん,JLPT_1 JLPT
追い込む,おいこむ,JLPT_1 JLPT
追い出す,おいだす,JLPT_1 JLPT
於いて,おいて,JLPT_1 JLPT
老いる,おいる,JLPT_1 JLPT
応急,おうきゅう,JLPT_1 JLPT
黄金,おうごん,JLPT_1 JLPT
往診,おうしん,JLPT_1 JLPT
応募,おうぼ,JLPT_1 JLPT
おおい (かん),おおい (かん),JLPT_1 JLPT
大方,おおかた,JLPT_1 JLPT
大柄,おおがら,JLPT_1 JLPT
おおげさ,おおげさ,JLPT_1 JLPT
大筋,おおすじ,JLPT_1 JLPT
大空,おおぞら,JLPT_1 JLPT
オートマチック,オートマチック,JLPT_1 JLPT
大幅,おおはば,JLPT JLPT_1 MediaMissing
おおまかな,おおまかな,JLPT_1 JLPT
大水,おおみず,JLPT_1 JLPT
公,おおやけ,JLPT_1 JLPT
犯す,おかす,JLPT_1 JLPT
侵す,おかす,JLPT_1 JLPT
臆病,おくびょう,JLPT_1 JLPT
遅らす,おくらす,JLPT_1 JLPT
厳か,おごそか,JLPT_1 JLPT
行い,おこない,JLPT_1 JLPT
おごる (ゆうしょくを～),おごる (ゆうしょくを～),JLPT_1 JLPT
収まる,おさまる,JLPT_1 JLPT
納まる,おさまる,JLPT_1 JLPT
治まる,おさまる,JLPT_1 JLPT
お産,おさん,JLPT_1 JLPT
押し切る,おしきる,JLPT_1 JLPT
押し込む,おしこむ,JLPT_1 JLPT
惜しむ,おしむ,JLPT_1 JLPT
押し寄せる,おしよせる,JLPT_1 JLPT
雄,おす,JLPT_1 JLPT
御世辞,おせじ,JLPT_1 JLPT
襲う,おそう,JLPT_1 JLPT
遅くとも,おそくとも,JLPT_1 JLPT
恐れ,おそれ,JLPT_1 JLPT
恐れ入る,おそれいる,JLPT_1 JLPT
おだてる,おだてる,JLPT_1 JLPT
落ち込む,おちこむ,JLPT_1 Genki_Ln.16 JLPT Genki
落ち着き,おちつき,JLPT_1 JLPT
落葉,おちば,JLPT_1 JLPT
乙,おつ,JLPT_1 JLPT
お使い,おつかい,JLPT_1 JLPT
おっかない,おっかない,JLPT_1 JLPT
お手上げ,おてあげ,JLPT_1 JLPT
おどおど,おどおど,JLPT_1 JLPT
脅す,おどす,JLPT_1 JLPT
訪れる,おとずれる,JLPT_1 JLPT
お供,おとも,JLPT_1 JLPT
衰える,おとろえる,JLPT_1 JLPT
同い年,おないどし,JLPT_1 JLPT
自ずから,おのずから,JLPT_1 JLPT
怯える,おびえる,JLPT_1 JLPT
おびただしい,おびただしい,JLPT_1 JLPT
脅かす,おびやかす,JLPT_1 JLPT
帯びる,おびる,JLPT_1 JLPT
お袋,おふくろ,JLPT_1 JLPT
覚え,おぼえ,JLPT_1 JLPT
おまけ,おまけ,JLPT_1 JLPT
お宮,おみや,JLPT_1 JLPT
おむつ,おむつ,JLPT_1 JLPT
思い付き,おもいつき,JLPT_1 JLPT
趣,おもむき,JLPT_1 JLPT
赴く,おもむく,JLPT_1 JLPT
重んじる,おもんじる,JLPT_1 JLPT
重んずる,おもんずる,JLPT_1 JLPT
親父,おやじ,JLPT_1 JLPT
及び,および,JLPT_1 JLPT
及ぶ,およぶ,JLPT_1 JLPT
折,おり,JLPT_1 JLPT
檻,おり,JLPT_1 JLPT
オリエンテーション,オリエンテーション,JLPT_1 JLPT
折り返す,おりかえす,JLPT_1 JLPT
織物,おりもの,JLPT_1 JLPT
俺,おれ,JLPT_1 JLPT
愚か,おろか,JLPT_1 JLPT
おろそか,おろそか,JLPT_1 JLPT
おんぶ,おんぶ,JLPT_1 JLPT
オンライン,オンライン,JLPT_1 JLPT
温和,おんわ,JLPT_1 JLPT
我,が～,JLPT_1 JLPT
カーペット,カーペット,JLPT_1 JLPT
～界,～かい,JLPT_1 JLPT
～街,～がい,JLPT_1 JLPT
改悪,かいあく,JLPT_1 JLPT
海運,かいうん,JLPT_1 JLPT
外貨,がいか,JLPT_1 JLPT
改革,かいかく,JLPT_1 JLPT
貝殻,かいがら,JLPT_1 JLPT
外観,がいかん,JLPT_1 JLPT
階級,かいきゅう,JLPT_1 JLPT
海峡,かいきょう,JLPT_1 JLPT
会見,かいけん,JLPT_1 JLPT
介護,かいご,JLPT_1 JLPT
開催,かいさい,JLPT_1 JLPT
回収,かいしゅう,JLPT_1 JLPT
改修,かいしゅう,JLPT_1 JLPT
怪獣,かいじゅう,JLPT_1 JLPT
解除,かいじょ,JLPT_1 JLPT
外相,がいしょう,JLPT_1 JLPT
害する,がいする,JLPT_1 JLPT
概説,がいせつ,JLPT_1 JLPT
回送,かいそう,JLPT_1 JLPT
階層,かいそう,JLPT_1 JLPT
開拓,かいたく,JLPT_1 JLPT
会談,かいだん,JLPT_1 JLPT
改定,かいてい,JLPT_1 JLPT
改訂,かいてい,JLPT_1 JLPT
ガイド,ガイド,JLPT_1 JLPT
街道,かいどう,JLPT_1 JLPT
該当,がいとう,JLPT_1 JLPT
街頭,がいとう,JLPT_1 JLPT
ガイドブック,ガイドブック,JLPT_1 JLPT
介入,かいにゅう,JLPT_1 JLPT
概念,がいねん,JLPT_1 JLPT
開発,かいはつ,JLPT_1 JLPT
海抜,かいばつ,JLPT_1 JLPT
介抱,かいほう,JLPT_1 JLPT
解剖,かいぼう,JLPT_1 JLPT
外来,がいらい,JLPT_1 JLPT
回覧,かいらん,JLPT_1 JLPT
概略,がいりゃく,JLPT_1 JLPT
海流,かいりゅう,JLPT_1 JLPT
改良,かいりょう,JLPT_1 JLPT
回路,かいろ,JLPT_1 JLPT
海路,かいろ,JLPT_1 JLPT
省みる,かえりみる,JLPT_1 JLPT
顧みる,かえりみる,JLPT_1 JLPT
顔付き,かおつき,JLPT_1 JLPT
課外,かがい,JLPT_1 JLPT
掲げる,かかげる,JLPT_1 JLPT
かかと,かかと,JLPT_1 JLPT
書き取る,かきとる,JLPT_1 JLPT
掻き回す,かきまわす,JLPT_1 JLPT
かく (はじを),かく (はじを),JLPT_1 JLPT
～画,～かく,JLPT_1 JLPT
学芸,がくげい,JLPT_1 JLPT
格差,かくさ,JLPT_1 JLPT
拡散,かくさん,JLPT_1 JLPT
学士,がくし,JLPT_1 JLPT
各種,かくしゅ,JLPT_1 JLPT
隔週,かくしゅう,JLPT_1 JLPT
確信,かくしん,JLPT_1 JLPT
革新,かくしん,JLPT_1 JLPT
学説,がくせつ,JLPT_1 JLPT
確定,かくてい,JLPT_1 JLPT
カクテル,カクテル,JLPT_1 JLPT
獲得,かくとく,JLPT_1 JLPT
楽譜,がくふ,JLPT_1 JLPT
確保,かくほ,JLPT_1 JLPT
革命,かくめい,JLPT_1 JLPT
確立,かくりつ,JLPT_1 JLPT
賭,かけ,JLPT_1 JLPT
掛～,かけ～,JLPT_1 JLPT
～掛け,～かけ,JLPT_1 JLPT
崖,がけ,JLPT_1 JLPT
駆け足,かけあし,JLPT_1 JLPT
家計,かけい,JLPT_1 JLPT
駆けっこ,かけっこ,JLPT_1 JLPT
加工,かこう,JLPT_1 JLPT
化合,かごう,JLPT_1 JLPT
かさばる,かさばる,JLPT_1 JLPT
かさむ,かさむ,JLPT_1 JLPT
箇条書,かじょうがき,JLPT_1 JLPT
頭,かしら,JLPT_1 JLPT
微か,かすか,JLPT_1 JLPT
霞む,かすむ,JLPT_1 JLPT
擦る,かする,JLPT_1 JLPT
火星,かせい,JLPT_1 JLPT
化石,かせき,JLPT_1 JLPT
河川,かせん,JLPT_1 JLPT
化繊,かせん,JLPT_1 JLPT
過疎,かそ,JLPT_1 JLPT
片～,かた～,JLPT_1 JLPT
片言,かたこと,JLPT_1 JLPT Intermediate_Japanese_Ln.13 Intermediate_Japanese
傾ける,かたむける,JLPT_1 JLPT
固める,かためる,JLPT_1 JLPT
傍ら,かたわら,JLPT_1 JLPT
花壇,かだん,JLPT_1 JLPT
家畜,かちく,JLPT_1 JLPT
且つ,かつ,JLPT_1 JLPT
がっくり,がっくり,JLPT_1 JLPT
合唱,がっしょう,JLPT_1 JLPT
がっしり,がっしり,JLPT_1 JLPT
合致,がっち,JLPT_1 JLPT
がっちり,がっちり,JLPT_1 JLPT
かつて,かつて,JLPT_1 JLPT
勝手,かって,JLPT_1 JLPT
カット,カット,JLPT_1 JLPT
活発,かっぱつ,JLPT_1 JLPT
合併,がっぺい,JLPT_1 JLPT
カテゴリー,カテゴリー,JLPT_1 JLPT
叶う,かなう,JLPT_1 JLPT
叶える,かなえる,JLPT_1 JLPT
金槌,かなづち,JLPT_1 JLPT
かなわない,かなわない,JLPT_1 JLPT
加入,かにゅう,JLPT_1 JLPT
予て,かねて,JLPT_1 JLPT
庇う,かばう,JLPT_1 JLPT
株式,かぶしき,JLPT_1 JLPT
かぶれる,かぶれる,JLPT_1 JLPT
花粉,かふん,JLPT_1 JLPT
貨幣,かへい,JLPT_1 JLPT
構える,かまえる,JLPT_1 JLPT
過密,かみつ,JLPT_1 JLPT
噛み切る,かみきる,JLPT_1 JLPT
カムバック,カムバック,JLPT_1 JLPT
カメラマン,カメラマン,JLPT_1 JLPT
粥,かゆ,JLPT_1 JLPT
体付き,からだつき,JLPT_1 JLPT
絡む,からむ,JLPT_1 JLPT
かりに,かりに,JLPT_1 JLPT
カルテ,カルテ,JLPT_1 JLPT
ガレージ,ガレージ,JLPT_1 JLPT
過労,かろう,JLPT_1 JLPT
かろうじて,かろうじて,JLPT_1 JLPT
交す,かわす,JLPT_1 JLPT
代る代る,かわるがわる,JLPT_1 JLPT
簡易,かんい,JLPT_1 JLPT
灌漑,かんがい,JLPT_1 JLPT
眼科,がんか,JLPT_1 JLPT
眼球,がんきゅう,JLPT_1 JLPT
玩具,がんぐ,JLPT_1 JLPT
簡潔,かんけつ,JLPT_1 JLPT
還元,かんげん,JLPT_1 JLPT
看護,かんご,JLPT_1 JLPT
漢語,かんご,JLPT_1 JLPT
頑固,がんこ,JLPT_1 JLPT
勧告,かんこく,JLPT_1 JLPT
換算,かんさん,JLPT_1 JLPT
監視,かんし,JLPT_1 JLPT
慣習,かんしゅう,JLPT_1 JLPT
観衆,かんしゅう,JLPT_1 JLPT
願書,がんしょ,JLPT_1 JLPT
干渉,かんしょう,JLPT_1 JLPT
頑丈,がんじょう,JLPT_1 JLPT
感触,かんしょく,JLPT_1 JLPT
肝心,かんじん,JLPT_1 JLPT
肝腎,かんじん,JLPT_1 JLPT
関税,かんぜい,JLPT_1 JLPT
岩石,がんせき,JLPT_1 JLPT
感染,かんせん,JLPT_1 JLPT
幹線,かんせん,JLPT_1 JLPT
簡素,かんそ,JLPT_1 JLPT
観点,かんてん,JLPT_1 JLPT
感度,かんど,JLPT_1 JLPT
カンニング,カンニング,JLPT_1 JLPT
元年,がんねん,JLPT_1 JLPT
幹部,かんぶ,JLPT_1 JLPT
完ぺき,かんぺき,JLPT_1 JLPT
勘弁,かんべん,JLPT_1 JLPT
感無量,かんむりょう,JLPT_1 JLPT
勧誘,かんゆう,JLPT_1 Intermediate_Japanese_Ln.5 JLPT Intermediate_Japanese
関与,かんよ,JLPT_1 JLPT
寛容,かんよう,JLPT_1 JLPT
元来,がんらい,JLPT_1 JLPT
観覧,かんらん,JLPT_1 JLPT
慣例,かんれい,JLPT_1 JLPT
還暦,かんれき,JLPT_1 JLPT
貫禄,かんろく,JLPT_1 JLPT
緩和,かんわ,JLPT_1 JLPT
議案,ぎあん,JLPT_1 JLPT
危害,きがい,JLPT_1 JLPT
企画,きかく,JLPT_1 Intermediate_Japanese_Ln.14 JLPT Intermediate_Japanese
規格,きかく,JLPT_1 JLPT
着飾る,きかざる,JLPT_1 JLPT
気兼ね,きがね,JLPT_1 JLPT
気軽,きがる,JLPT_1 JLPT
危機,きき,JLPT_1 JLPT
聞き取り,ききとり,JLPT_1 JLPT
効き目,ききめ,JLPT_1 JLPT
帰京,ききょう,JLPT_1 JLPT
戯曲,ぎきょく,JLPT_1 JLPT
基金,ききん,JLPT_1 JLPT
喜劇,きげき,JLPT_1 JLPT
議決,ぎけつ,JLPT_1 JLPT
棄権,きけん,JLPT_1 JLPT
既婚,きこん,JLPT_1 JLPT
気障,きざ,JLPT_1 JLPT
記載,きさい,JLPT_1 JLPT
兆,きざし,JLPT_1 JLPT
気質,きしつ,JLPT_1 JLPT
期日,きじつ,JLPT_1 JLPT
きしむ,きしむ,JLPT_1 JLPT
議事堂,ぎじどう,JLPT_1 JLPT
記述,きじゅつ,JLPT_1 JLPT
気象,きしょう,JLPT_1 JLPT
傷付く,きずつく,JLPT_1 JLPT
傷付ける,きずつける,JLPT_1 JLPT
犠牲,ぎせい,JLPT_1 JLPT
汽船,きせん,JLPT_1 JLPT
寄贈,きぞう,JLPT_1 JLPT
偽造,ぎぞう,JLPT_1 JLPT
貴族,きぞく,JLPT_1 JLPT
議題,ぎだい,JLPT_1 JLPT
鍛える,きたえる,JLPT_1 JLPT
気立て,きだて,JLPT_1 JLPT
来る,きたる,JLPT_1 JLPT
きちっと,きちっと,JLPT_1 JLPT
几帳面,きちょうめん,JLPT_1 JLPT
きっかり,きっかり,JLPT_1 JLPT
きっちり,きっちり,JLPT_1 JLPT
きっぱり,きっぱり,JLPT_1 JLPT
規定,きてい,JLPT_1 JLPT
起点,きてん,JLPT_1 JLPT
軌道,きどう,JLPT_1 JLPT
技能,ぎのう,JLPT_1 JLPT
規範,きはん,JLPT_1 JLPT
気品,きひん,JLPT_1 JLPT
気風,きふう,JLPT_1 JLPT
起伏,きふく,JLPT_1 JLPT
規模,きぼ,JLPT_1 JLPT
気まぐれ,きまぐれ,JLPT_1 JLPT
生真面目,きまじめ,JLPT_1 JLPT
期末,きまつ,JLPT_1 JLPT
きまりわるい,きまりわるい,JLPT_1 JLPT
記名,きめい,JLPT_1 JLPT
規約,きやく,JLPT_1 JLPT
脚色,きゃくしょく,JLPT_1 JLPT
逆転,ぎゃくてん,JLPT_1 JLPT
脚本,きゃくほん,JLPT_1 JLPT
華奢,きゃしゃ,JLPT_1 JLPT
客観,きゃっかん,JLPT_1 JLPT
キャッチ,キャッチ,JLPT_1 JLPT
キャリア,キャリア,JLPT_1 JLPT
救援,きゅうえん,JLPT_1 JLPT
休学,きゅうがく,JLPT_1 JLPT
究極,きゅうきょく,JLPT_1 JLPT
窮屈,きゅうくつ,JLPT_1 JLPT
球根,きゅうこん,JLPT_1 JLPT
救済,きゅうさい,JLPT_1 JLPT
給仕,きゅうじ,JLPT_1 JLPT
給食,きゅうしょく,JLPT_1 JLPT
休戦,きゅうせん,JLPT_1 JLPT
宮殿,きゅうでん,JLPT_1 JLPT
旧知,きゅうち,JLPT_1 JLPT
窮乏,きゅうぼう,JLPT_1 JLPT
寄与,きよ,JLPT_1 JLPT
強,きょう,JLPT_1 JLPT
～狂,～きょう,JLPT_1 JLPT
驚異,きょうい,JLPT_1 JLPT
教科,きょうか,JLPT_1 JLPT
協会,きょうかい,JLPT_1 JLPT
共学,きょうがく,JLPT_1 JLPT
共感,きょうかん,JLPT_1 JLPT
境遇,きょうぐう,JLPT_1 JLPT
教訓,きょうくん,JLPT_1 JLPT
強行,きょうこう,JLPT_1 JLPT
強硬,きょうこう,JLPT_1 JLPT
教材,きょうざい,JLPT_1 JLPT
凶作,きょうさく,JLPT_1 JLPT
業者,ぎょうしゃ,JLPT_1 JLPT
教習,きょうしゅう,JLPT_1 JLPT
郷愁,きょうしゅう,JLPT_1 JLPT
教職,きょうしょく,JLPT_1 JLPT
興じる,きょうじる,JLPT_1 JLPT
強制,きょうせい,JLPT_1 JLPT
行政,ぎょうせい,JLPT_1 JLPT
業績,ぎょうせき,JLPT_1 JLPT
共存,きょうぞん,JLPT_1 JLPT
協定,きょうてい,JLPT_1 JLPT
郷土,きょうど,JLPT_1 JLPT
脅迫,きょうはく,JLPT_1 JLPT
業務,ぎょうむ,JLPT_1 JLPT
共鳴,きょうめい,JLPT_1 JLPT
郷里,きょうり,JLPT_1 JLPT
強烈,きょうれつ,JLPT_1 JLPT
共和,きょうわ,JLPT_1 JLPT
局限,きょくげん,JLPT_1 JLPT
極端,きょくたん,JLPT_1 JLPT
居住,きょじゅう,JLPT_1 JLPT
拒絶,きょぜつ,JLPT_1 JLPT
漁船,ぎょせん,JLPT_1 JLPT
漁村,ぎょそん,JLPT_1 JLPT
拒否,きょひ,JLPT_1 JLPT
許容,きょよう,JLPT_1 JLPT
清らか,きよらか,JLPT_1 JLPT
きらびやか,きらびやか,JLPT_1 JLPT
～きり,～きり,JLPT_1 JLPT
義理,ぎり,JLPT_1 JLPT
切替,きりかえ,JLPT_1 JLPT
気流,きりゅう,JLPT_1 JLPT
切れ目,きれめ,JLPT_1 JLPT
疑惑,ぎわく,JLPT_1 JLPT
極めて,きわめて,JLPT_1 JLPT Intermediate_Japanese_Ln.13 Intermediate_Japanese
近眼,きんがん,JLPT_1 JLPT
緊急,きんきゅう,JLPT_1 JLPT
近郊,きんこう,JLPT_1 JLPT
均衡,きんこう,JLPT_1 JLPT
禁じる,きんじる,JLPT_1 JLPT
勤勉,きんべん,JLPT_1 JLPT
吟味,ぎんみ,JLPT_1 JLPT
勤務,きんむ,JLPT_1 JLPT
禁物,きんもつ,JLPT_1 JLPT
勤労,きんろう,JLPT_1 JLPT
クイズ,クイズ,JLPT_1 JLPT
食い違う,くいちがう,JLPT_1 JLPT
空間,くうかん,JLPT_1 JLPT
空腹,くうふく,JLPT_1 JLPT
区画,くかく,JLPT_1 JLPT
区間,くかん,JLPT_1 JLPT
茎,くき,JLPT_1 JLPT
区切り,くぎり,JLPT_1 JLPT
くぐる,くぐる,JLPT_1 JLPT
くじ (～をひく),くじ (～をひく),JLPT_1 JLPT
くじびき,くじびき,JLPT_1 JLPT
くすぐったい,くすぐったい,JLPT_1 JLPT
愚痴,ぐち,JLPT_1 JLPT
口吟む,くちずさむ,JLPT_1 JLPT
嘴,くちばし,JLPT_1 JLPT
朽ちる,くちる,JLPT_1 JLPT
覆す,くつがえす,JLPT_1 JLPT
くっきり,くっきり,JLPT_1 JLPT
屈折,くっせつ,JLPT_1 JLPT
ぐっと,ぐっと,JLPT_1 JLPT
首飾り,くびかざり,JLPT_1 JLPT
首輪,くびわ,JLPT_1 JLPT
組み込む,くみこむ,JLPT_1 JLPT
組み合わせる,くみあわせる,JLPT_1 JLPT
蔵,くら,JLPT_1 JLPT
グレー,グレー,JLPT_1 JLPT
クレーン,クレーン,JLPT_1 JLPT
玄人,くろうと,JLPT_1 JLPT
黒字,くろじ,JLPT_1 JLPT
軍艦,ぐんかん,JLPT_1 JLPT Intermediate_Japanese_Ln.8 Intermediate_Japanese
軍事,ぐんじ,JLPT_1 JLPT
君主,くんしゅ,JLPT_1 JLPT
群集,ぐんしゅう,JLPT_1 JLPT
群衆,ぐんしゅう,JLPT_1 JLPT
軍備,ぐんび,JLPT_1 JLPT
軍服,ぐんぷく,JLPT_1 JLPT
芸,げい,JLPT_1 JLPT
経過,けいか,JLPT_1 JLPT
軽快,けいかい,JLPT_1 JLPT
警戒,けいかい,JLPT_1 JLPT
敬具,けいぐ,Intermediate_Japanese_Ln.4 JLPT_1 JLPT Intermediate_Japanese
軽減,けいげん,JLPT_1 JLPT
掲載,けいさい,JLPT_1 JLPT
傾斜,けいしゃ,JLPT_1 JLPT
形成,けいせい,JLPT_1 JLPT
形勢,けいせい,JLPT_1 JLPT
軽率,けいそつ,JLPT_1 JLPT
刑罰,けいばつ,JLPT_1 JLPT
経費,けいひ,JLPT_1 JLPT
警部,けいぶ,JLPT_1 JLPT
転換,てんかん,JLPT_1 JLPT
転居,てんきょ,JLPT_1 JLPT
転勤,てんきん,JLPT_1 Intermediate_Japanese_Ln.14 JLPT Intermediate_Japanese
点検,てんけん,JLPT_1 JLPT
電源,でんげん,JLPT_1 JLPT
天国,てんごく,JLPT_1 JLPT
天才,てんさい,JLPT_1 JLPT Intermediate_Japanese_Ln.8 Intermediate_Japanese
天災,てんさい,JLPT_1 JLPT
展示,てんじ,JLPT_1 JLPT
伝説,でんせつ,JLPT_1 JLPT Intermediate_Japanese_Ln.8 Intermediate_Japanese
点線,てんせん,JLPT_1 JLPT
転じる,てんじる,JLPT_1 JLPT
転ずる,てんずる,JLPT_1 JLPT
天体,てんたい,JLPT_1 JLPT
伝達,でんたつ,JLPT_1 JLPT
天地,てんち,JLPT_1 JLPT
てんで,てんで,JLPT_1 JLPT
転任,てんにん,JLPT_1 JLPT
展望,てんぼう,JLPT_1 JLPT
伝来,でんらい,JLPT_1 JLPT
転落,てんらく,JLPT_1 JLPT
問い合わせる,といあわせる,JLPT_1 JLPT
当～,とう～,JLPT_1 JLPT
胴,どう,JLPT_1 JLPT
同意,どうい,JLPT_1 JLPT
動員,どういん,JLPT_1 JLPT
同感,どうかん,JLPT_1 JLPT
陶器,とうき,JLPT_1 JLPT
討議,とうぎ,JLPT_1 JLPT
動機,どうき,JLPT_1 JLPT
等級,とうきゅう,JLPT_1 JLPT
同級,どうきゅう,JLPT_1 JLPT
同居,どうきょ,JLPT_1 JLPT
登校,とうこう,JLPT_1 JLPT
統合,とうごう,JLPT_1 JLPT
動向,どうこう,JLPT_1 JLPT
投資,とうし,JLPT_1 JLPT
同情,どうじょう,JLPT_1 JLPT
道場,どうじょう,JLPT_1 JLPT
統制,とうせい,JLPT_1 JLPT
当選,とうせん,JLPT_1 JLPT
逃走,とうそう,JLPT_1 JLPT
統率,とうそつ,JLPT_1 JLPT
到達,とうたつ,JLPT_1 JLPT
統治,とうち,JLPT_1 JLPT
仕切る,しきる,JLPT_1 JLPT
資金,しきん,JLPT_1 JLPT
軸,じく,JLPT_1 JLPT
しくじる,しくじる,JLPT_1 JLPT
仕組,しくみ,JLPT_1 JLPT
死刑,しけい,JLPT_1 JLPT
湿気る,しける,JLPT_1 JLPT
施行,しこう,JLPT_1 JLPT
思考,しこう,JLPT_1 JLPT
志向,しこう,JLPT_1 JLPT
嗜好,しこう,JLPT_1 JLPT
事項,じこう,JLPT_1 JLPT Intermediate_Japanese_Ln.15 Intermediate_Japanese
時刻表,じこくひょう,JLPT_1 JLPT Intermediate_Japanese_Ln.10 Intermediate_Japanese
地獄,じごく,JLPT_1 JLPT
時差,じさ,JLPT_1 JLPT
自在,じざい,JLPT_1 JLPT
視察,しさつ,JLPT_1 JLPT
資産,しさん,JLPT_1 JLPT
支持,しじ,JLPT_1 JLPT
自主,じしゅ,JLPT_1 JLPT
自首,じしゅ,JLPT_1 JLPT
刺繍,ししゅう,JLPT_1 JLPT
市場,しじょう,JLPT_1 JLPT
辞職,じしょく,JLPT_1 JLPT
雫,しずく,JLPT_1 JLPT
システム,システム,JLPT_1 JLPT
沈める,しずめる,JLPT_1 JLPT
施設,しせつ,JLPT_1 JLPT
事前,じぜん,JLPT_1 JLPT
子息,しそく,JLPT_1 JLPT
持続,じぞく,JLPT_1 JLPT
自尊心,じそんしん,JLPT_1 JLPT
慕う,したう,JLPT_1 JLPT
下心,したごころ,JLPT_1 JLPT
下地,したじ,JLPT_1 JLPT
親しむ,したしむ,JLPT_1 JLPT
下調べ,したしらべ,JLPT_1 JLPT
愛想,あいそう,JLPT JLPT_1
間柄,あいだがら,JLPT JLPT_1
合間,あいま,JLPT JLPT_1
敢えて,あえて,JLPT JLPT_1
仰ぐ,あおぐ,JLPT JLPT_1
垢,あか,JLPT JLPT_1
赤字,あかじ,JLPT JLPT_1
明かす,あかす,JLPT JLPT_1
赤らむ,あからむ,JLPT JLPT_1
上がり,あがり,JLPT JLPT_1
諦め,あきらめ,JLPT JLPT_1
アクセル,アクセル,JLPT JLPT_1
あくどい,あくどい,JLPT JLPT_1
顎,あご,JLPT JLPT_1
憧れ,あこがれ,Intermediate_Japanese Intermediate_Japanese_Ln.8 JLPT JLPT_1
麻,あさ,JLPT JLPT_1
あざ,あざ,JLPT JLPT_1
浅ましい,あさましい,JLPT JLPT_1
欺く,あざむく,JLPT JLPT_1
鮮やか,あざやか,JLPT JLPT_1
嘲笑う,あざわらう,JLPT JLPT_1
悪しからず,あしからず,JLPT JLPT_1
味わい,あじわい,JLPT JLPT_1
焦る,あせる,JLPT JLPT_1
あせる (こえが～),あせる (こえが～),JLPT JLPT_1
値,あたい,JLPT JLPT_1
値する,あたいする,JLPT JLPT_1
悪化,あっか,JLPT JLPT_1
扱い,あつかい,JLPT JLPT_1
呆気ない,あっけない,JLPT JLPT_1
あっさり,あっさり,JLPT JLPT_1
斡旋,あっせん,JLPT JLPT_1
圧倒,あっとう,JLPT JLPT_1
圧迫,あっぱく,JLPT JLPT_1
あつらえる,あつらえる,JLPT JLPT_1
圧力,あつりょく,JLPT JLPT_1
当て,あて,JLPT JLPT_1
～宛,～あて,JLPT JLPT_1
当て字,あてじ,JLPT JLPT_1
跡継ぎ,あとつぎ,JLPT JLPT_1
後回し,あとまわし,JLPT JLPT_1
油絵,あぶらえ,JLPT JLPT_1
アプローチ,アプローチ,JLPT JLPT_1
あべこべ,あべこべ,JLPT JLPT_1
甘える,あまえる,JLPT JLPT_1
雨具,あまぐ,JLPT JLPT_1
甘口,あまくち,JLPT JLPT_1
アマチュア,アマチュア,JLPT JLPT_1
網,あみ,JLPT JLPT_1
操る,あやつる,JLPT JLPT_1
危ぶむ,あやぶむ,JLPT_1 JLPT
あやふや,あやふや,JLPT_1 JLPT
過ち,あやまち,JLPT_1 JLPT
誤る,あやまる,JLPT_1 JLPT
歩み,あゆみ,JLPT_1 JLPT
歩む,あゆむ,JLPT_1 JLPT
予め,あらかじめ,JLPT_1 JLPT
荒らす,あらす,JLPT_1 JLPT
争い,あらそい,JLPT_1 JLPT
改まる,あらたまる,JLPT_1 JLPT
荒っぽい,あらっぽい,JLPT_1 JLPT
アラブ,アラブ,JLPT_1 JLPT
霰,あられ,JLPT_1 JLPT
有り様,ありさま,JLPT_1 JLPT
ありのまま,ありのまま,JLPT_1 JLPT
ありふれる,ありふれる,JLPT_1 JLPT
アルカリ,アルカリ,JLPT_1 JLPT
アルミ,アルミ,JLPT_1 JLPT
アワー,アワー,JLPT_1 JLPT
合わす,あわす,JLPT_1 JLPT
～合せ,～あわせ,JLPT_1 JLPT
アンコール,アンコール,JLPT_1 JLPT
暗殺,あんさつ,JLPT_1 JLPT
暗算,あんざん,JLPT_1 JLPT
暗示,あんじ,JLPT_1 JLPT
案じる,あんじる,JLPT_1 JLPT
安静,あんせい,JLPT_1 JLPT
案の定,あんのじょう,JLPT_1 JLPT
いい加減,いいかげん,JLPT_1 JLPT
言い訳,いいわけ,JLPT_1 JLPT
イェス,イェス,JLPT_1 JLPT
家出,いえで,JLPT_1 JLPT
生かす,いかす,JLPT_1 JLPT
いかに,いかに,JLPT_1 JLPT
いかにも,いかにも,JLPT_1 JLPT Intermediate_Japanese_Ln.13 Intermediate_Japanese
異議,いぎ,JLPT_1 JLPT
生き甲斐,いきがい,JLPT_1 JLPT
行き違い,いきちがい,JLPT_1 JLPT
意気込む,いきごむ,JLPT_1 JLPT
育成,いくせい,JLPT_1 JLPT
幾多,いくた,JLPT_1 JLPT
"(花を〜) 生ける, 活ける",(はなを～) いける,JLPT JLPT_1 MediaMissing
異見,いけん,JLPT_1 JLPT
意向,いこう,JLPT_1 JLPT
移行,いこう,JLPT_1 JLPT
いざ,いざ,JLPT_1 JLPT
移住,いじゅう,JLPT_1 JLPT
衣装,いしょう,JLPT_1 JLPT
いじる,いじる,JLPT_1 JLPT
異性,いせい,JLPT_1 JLPT
遺跡,いせき,JLPT_1 JLPT
依存,いぞん,JLPT_1 JLPT
委託,いたく,JLPT_1 JLPT
いたって,いたって,JLPT_1 JLPT
出世,しゅっせ,JLPT_1 JLPT
出題,しゅつだい,JLPT_1 JLPT
出動,しゅつどう,JLPT_1 JLPT
出費,しゅっぴ,JLPT_1 JLPT
出品,しゅっぴん,JLPT_1 JLPT
主導,しゅどう,JLPT_1 JLPT
主任,しゅにん,JLPT_1 JLPT Intermediate_Japanese_Ln.8 Intermediate_Japanese
首脳,しゅのう,JLPT_1 JLPT
守備,しゅび,JLPT_1 JLPT
手法,しゅほう,JLPT_1 JLPT
樹木,じゅもく,JLPT_1 JLPT
樹立,じゅりつ,JLPT_1 JLPT
準急,じゅんきゅう,JLPT_1 JLPT
準じる,じゅんじる,JLPT_1 JLPT
～署,～しょ,JLPT_1 JLPT
～症,～しょう,JLPT_1 JLPT
～証,～しょう,JLPT_1 JLPT
～嬢,～じょう,JLPT_1 JLPT
上位,じょうい,JLPT_1 JLPT
上演,じょうえん,JLPT_1 JLPT
城下,じょうか,JLPT_1 JLPT
消去,しょうきょ,JLPT_1 JLPT
上空,じょうくう,JLPT_1 JLPT
衝撃,しょうげき,JLPT_1 JLPT
証言,しょうげん,JLPT_1 JLPT
証拠,しょうこ,JLPT_1 JLPT
照合,しょうごう,JLPT_1 JLPT
詳細,しょうさい,JLPT_1 JLPT
上昇,じょうしょう,JLPT_1 JLPT
昇進,しょうしん,JLPT_1 JLPT
称する,しょうする,JLPT_1 JLPT
情勢,じょうせい,JLPT_1 JLPT
消息,しょうそく,JLPT_1 JLPT
承諾,しょうだく,JLPT_1 JLPT
情緒,じょうちょ,JLPT_1 JLPT
情緒,じょうしょ,JLPT_1 JLPT
象徴,しょうちょう,JLPT_1 JLPT
小児科,しょうにか,JLPT_1 JLPT
使用人,しようにん,JLPT_1 JLPT
情熱,じょうねつ,JLPT_1 JLPT
譲歩,じょうほ,JLPT_1 JLPT
条約,じょうやく,JLPT_1 JLPT Intermediate_Japanese_Ln.8 Intermediate_Japanese
勝利,しょうり,JLPT_1 JLPT
上陸,じょうりく,JLPT_1 JLPT
蒸溜,じょうりゅう,JLPT_1 JLPT
奨励,しょうれい,JLPT_1 JLPT
ショー,ショー,JLPT_1 JLPT
除外,じょがい,JLPT_1 JLPT
職員,しょくいん,JLPT_1 JLPT
植民地,しょくみんち,JLPT_1 JLPT
職務,しょくむ,JLPT_1 JLPT
諸君,しょくん,JLPT_1 JLPT
助言,じょげん,JLPT_1 JLPT Intermediate_Japanese Intermediate_Japanese_Ln.11
徐行,じょこう,JLPT_1 JLPT
所在,しょざい,JLPT_1 JLPT
所持,しょじ,JLPT_1 JLPT
所属,しょぞく,JLPT_1 JLPT
処置,しょち,JLPT_1 JLPT
しょっちゅう,しょっちゅう,JLPT_1 JLPT
所定,しょてい,JLPT_1 JLPT
所得,しょとく,JLPT_1 JLPT
処罰,しょばつ,JLPT_1 JLPT
初版,しょはん,JLPT_1 JLPT
書評,しょひょう,JLPT_1 JLPT
処分,しょぶん,JLPT_1 JLPT
庶民,しょみん,JLPT_1 JLPT
庶務,しょむ,JLPT_1 JLPT
所有,しょゆう,JLPT_1 JLPT
調べ,しらべ,JLPT_1 JLPT
自立,じりつ,JLPT_1 JLPT
記す,しるす,JLPT_1 JLPT
指令,しれい,JLPT_1 JLPT
～心,～しん,JLPT_1 JLPT
陣,じん,JLPT_1 JLPT
進化,しんか,JLPT_1 JLPT
人格,じんかく,JLPT_1 JLPT
審議,しんぎ,JLPT_1 JLPT
新婚,しんこん,JLPT_1 JLPT
審査,しんさ,JLPT_1 JLPT
人材,じんざい,JLPT_1 JLPT
紳士,しんし,JLPT_1 JLPT
真実,しんじつ,JLPT_1 JLPT
信者,しんじゃ,JLPT_1 JLPT
真珠,しんじゅ,JLPT_1 JLPT
進出,しんしゅつ,JLPT_1 Intermediate_Japanese_Ln.14 JLPT Intermediate_Japanese
心情,しんじょう,JLPT_1 JLPT
新人,しんじん,JLPT_1 JLPT
神聖,しんせい,JLPT_1 JLPT
親善,しんぜん,JLPT_1 JLPT
真相,しんそう,JLPT_1 JLPT
迅速,じんそく,JLPT_1 JLPT
人体,じんたい,JLPT_1 JLPT
新築,しんちく,JLPT_1 JLPT
心中,しんじゅう,JLPT_1 JLPT
進呈,しんてい,JLPT_1 JLPT
進展,しんてん,JLPT_1 JLPT
神殿,しんでん,JLPT_1 JLPT
進度,しんど,JLPT_1 JLPT
振動,しんどう,JLPT_1 JLPT
新入生,しんにゅうせい,JLPT_1 Intermediate_Japanese_Ln.5 JLPT Intermediate_Japanese
信任,しんにん,JLPT_1 JLPT
神秘,しんぴ,JLPT_1 JLPT
辛抱,しんぼう,JLPT_1 JLPT
人民,じんみん,JLPT_1 JLPT
侵略,しんりゃく,JLPT_1 JLPT
診療,しんりょう,JLPT_1 JLPT
粋,すい,JLPT_1 JLPT
水源,すいげん,JLPT_1 JLPT
推進,すいしん,JLPT_1 JLPT
吹奏,すいそう,JLPT_1 JLPT
推測,すいそく,JLPT_1 JLPT
水田,すいでん,JLPT_1 JLPT
推理,すいり,JLPT_1 JLPT
数詞,すうし,JLPT_1 JLPT
崇拝,すうはい,JLPT_1 JLPT
据え付ける,すえつける,JLPT_1 JLPT
据える,すえる,JLPT_1 JLPT
すがすがしい,すがすがしい,JLPT_1 JLPT
救い,すくい,JLPT_1 JLPT
すくう (みずを～),すくう (みずを～),JLPT_1 JLPT
健やか,すこやか,JLPT_1 JLPT
濯ぐ,すすぐ,JLPT_1 JLPT
進み,すすみ,JLPT_1 JLPT
裾,すそ,JLPT_1 JLPT
スタジオ,スタジオ,JLPT_1 JLPT
スチーム,スチーム,JLPT_1 JLPT
ストライキ,ストライキ,JLPT_1 JLPT
スト,スト,JLPT_1 JLPT
ストロー,ストロー,JLPT_1 JLPT
ストロボ,ストロボ,JLPT_1 JLPT
すばしこい,すばしこい,JLPT_1 JLPT
素早い,すばやい,JLPT_1 JLPT
ずばり,ずばり,JLPT_1 JLPT
スプリング,スプリング,JLPT_1 JLPT
スペース,スペース,JLPT_1 JLPT
ずぶぬれ,ずぶぬれ,JLPT_1 JLPT
スポーツカー,スポーツカー,JLPT_1 JLPT
澄ます,すます,JLPT_1 JLPT
清ます,すます,JLPT_1 JLPT
済ます,すます,JLPT_1 JLPT
すみやか,すみやか,JLPT_1 JLPT
スラックス,スラックス,JLPT_1 JLPT
ずらっと,ずらっと,JLPT_1 JLPT
ずるずる,ずるずる,JLPT_1 JLPT
ずれ,ずれ,JLPT_1 JLPT
すれちがい,すれちがい,JLPT_1 JLPT
擦れる,すれる,JLPT_1 JLPT
すんなり,すんなり,JLPT_1 JLPT
生育,せいいく,JLPT_1 JLPT
成育,せいいく,JLPT_1 JLPT
成果,せいか,JLPT_1 JLPT
正解,せいかい,JLPT_1 JLPT
正義,せいぎ,JLPT_1 JLPT
生計,せいけい,JLPT_1 JLPT
政権,せいけん,JLPT_1 JLPT
星座,せいざ,JLPT_1 JLPT
制裁,せいさい,JLPT_1 JLPT
政策,せいさく,JLPT_1 JLPT
生死,せいし,JLPT_1 JLPT
静止,せいし,JLPT_1 JLPT
誠実,せいじつ,JLPT_1 JLPT
成熟,せいじゅく,JLPT_1 JLPT
青春,せいしゅん,JLPT_1 JLPT
清純,せいじゅん,JLPT_1 JLPT
聖書,せいしょ,JLPT_1 JLPT
正常,せいじょう,JLPT_1 JLPT
制する,せいする,JLPT_1 JLPT
整然,せいぜん,JLPT_1 JLPT
盛装,せいそう,JLPT_1 JLPT
盛大,せいだい,JLPT_1 JLPT
清濁,せいだく,JLPT_1 JLPT
制定,せいてい,JLPT_1 JLPT
静的,せいてき,JLPT_1 JLPT
製鉄,せいてつ,JLPT_1 JLPT
晴天,せいてん,JLPT_1 JLPT
正当,せいとう,JLPT_1 JLPT
制服,せいふく,JLPT_1 JLPT
征服,せいふく,JLPT_1 JLPT
製法,せいほう,JLPT_1 JLPT
精密,せいみつ,JLPT_1 JLPT
税務署,ぜいむしょ,JLPT_1 JLPT
制約,せいやく,JLPT_1 JLPT
勢力,せいりょく,JLPT_1 JLPT
整列,せいれつ,JLPT_1 JLPT
セール,セール,JLPT_1 JLPT
急かす,せかす,JLPT_1 JLPT
伜,せがれ,JLPT_1 JLPT
責務,せきむ,JLPT_1 JLPT
セクション,セクション,JLPT_1 JLPT
世辞,せじ,JLPT_1 JLPT
世帯,せたい,JLPT_1 JLPT
是正,ぜせい,JLPT_1 JLPT
世代,せだい,JLPT_1 JLPT
切開,せっかい,JLPT_1 JLPT
セックス,セックス,JLPT_1 JLPT
切実,せつじつ,JLPT_1 JLPT
接触,せっしょく,JLPT_1 JLPT
接続詞,せつぞくし,JLPT_1 JLPT
設置,せっち,JLPT_1 JLPT
折衷,せっちゅう,JLPT_1 JLPT
設定,せってい,JLPT_1 JLPT
説得,せっとく,JLPT_1 JLPT
切ない,せつない,JLPT_1 JLPT
絶版,ぜっぱん,JLPT_1 JLPT
設立,せつりつ,JLPT_1 JLPT
攻め,せめ,JLPT_1 JLPT
ゼリー,ゼリー,JLPT_1 JLPT
セレモニー,セレモニー,JLPT_1 JLPT
世論,せろん,JLPT_1 JLPT
先,せん,JLPT_1 JLPT
繊維,せんい,JLPT_1 JLPT
全快,ぜんかい,JLPT_1 JLPT
宣教,せんきょう,JLPT_1 JLPT
宣言,せんげん,JLPT_1 JLPT
戦災,せんさい,JLPT_1 JLPT
専修,せんしゅう,JLPT_1 JLPT
戦術,せんじゅつ,JLPT_1 JLPT
センス,センス,JLPT_1 JLPT
潜水,せんすい,JLPT_1 JLPT
全盛,ぜんせい,JLPT_1 JLPT
先代,せんだい,JLPT_1 JLPT
先だって,せんだって,JLPT_1 JLPT
先着,せんちゃく,JLPT_1 JLPT
前提,ぜんてい,JLPT_1 JLPT
先天的,せんてんてき,JLPT_1 JLPT
前途,ぜんと,JLPT_1 JLPT
戦闘,せんとう,JLPT_1 JLPT
潜入,せんにゅう,JLPT_1 JLPT
船舶,せんぱく,JLPT_1 JLPT
全滅,ぜんめつ,JLPT_1 JLPT
専用,せんよう,JLPT_1 JLPT
占領,せんりょう,JLPT_1 JLPT
善良,ぜんりょう,JLPT_1 JLPT
戦力,せんりょく,JLPT_1 JLPT
前例,ぜんれい,JLPT_1 JLPT
相応,そうおう,JLPT_1 JLPT
総会,そうかい,JLPT_1 JLPT
創刊,そうかん,JLPT_1 JLPT
雑木,ぞうき,JLPT_1 JLPT
早急,そうきゅう,JLPT_1 JLPT
早急,さっきゅう,JLPT_1 JLPT
増強,ぞうきょう,JLPT_1 JLPT
送金,そうきん,JLPT_1 JLPT
走行,そうこう,JLPT_1 JLPT
総合,そうごう,JLPT_1 JLPT
捜索,そうさく,JLPT_1 JLPT
蔵相,ぞうしょう,JLPT_1 JLPT
装飾,そうしょく,JLPT_1 JLPT
増進,ぞうしん,JLPT_1 JLPT
相対,そうたい,JLPT_1 JLPT
壮大,そうだい,JLPT_1 JLPT
騒動,そうどう,JLPT_1 JLPT
遭難,そうなん,JLPT_1 JLPT
相場,そうば,JLPT_1 JLPT
装備,そうび,JLPT_1 JLPT
創立,そうりつ,JLPT_1 JLPT
添える,そえる,JLPT_1 JLPT
ソース,ソース,JLPT_1 JLPT
即座に,そくざに,JLPT_1 JLPT
促進,そくしん,JLPT_1 JLPT
即する,そくする,JLPT_1 JLPT
束縛,そくばく,JLPT_1 JLPT
側面,そくめん,JLPT_1 JLPT
損う,そこなう,JLPT_1 JLPT
そこら,そこら,JLPT_1 JLPT
素材,そざい,JLPT_1 JLPT
阻止,そし,JLPT_1 JLPT
訴訟,そしょう,JLPT_1 JLPT
育ち,そだち,JLPT_1 JLPT
措置,そち,JLPT_1 JLPT
ソックス,ソックス,JLPT_1 JLPT
素っ気無い,そっけない,JLPT_1 JLPT
外方,そっぽ,JLPT_1 JLPT
備え付ける,そなえつける,JLPT_1 JLPT
備わる,そなわる,JLPT_1 JLPT
具わる,そなわる,JLPT_1 JLPT
聳える,そびえる,JLPT_1 JLPT
素朴,そぼく,JLPT_1 JLPT
背く,そむく,JLPT_1 JLPT
染まる,そまる,JLPT_1 JLPT
染める,そめる,JLPT_1 JLPT
そらす,そらす,JLPT_1 JLPT
そり (～にのる),そり (～にのる),JLPT_1 JLPT
反る,そる,JLPT_1 JLPT
それゆえ,それゆえ,JLPT_1 JLPT
ソロ,ソロ,JLPT_1 JLPT
揃い,そろい,JLPT_1 JLPT
ぞんざい,ぞんざい,JLPT_1 JLPT
損失,そんしつ,JLPT_1 JLPT
存続,そんぞく,JLPT_1 JLPT
ダース,ダース,JLPT_1 JLPT
対応,たいおう,JLPT_1 JLPT
大家,たいか,JLPT_1 JLPT
退化,たいか,JLPT_1 JLPT
大概,たいがい,JLPT_1 JLPT
体格,たいかく,JLPT_1 JLPT
大金,たいきん,JLPT_1 JLPT
待遇,たいぐう,JLPT_1 JLPT
対決,たいけつ,JLPT_1 JLPT
体験,たいけん,JLPT_1 JLPT Intermediate_Japanese_Ln.13 Intermediate_Japanese
対抗,たいこう,JLPT_1 JLPT
退治,たいじ,JLPT_1 JLPT
大衆,たいしゅう,JLPT_1 JLPT
対処,たいしょ,JLPT_1 JLPT
退職,たいしょく,JLPT_1 JLPT
題する,だいする,JLPT_1 JLPT
態勢,たいせい,JLPT_1 JLPT
対談,たいだん,JLPT_1 JLPT
大胆,だいたん,JLPT_1 JLPT
対等,たいとう,JLPT_1 JLPT
台無し,だいなし,JLPT_1 JLPT
滞納,たいのう,JLPT_1 JLPT
対比,たいひ,JLPT_1 JLPT
タイピスト,タイピスト,JLPT_1 JLPT
大部,たいぶ,JLPT_1 JLPT
大便,だいべん,JLPT_1 JLPT
代弁,だいべん,JLPT_1 JLPT
待望,たいぼう,JLPT_1 JLPT
台本,だいほん,JLPT_1 JLPT
タイマー,タイマー,JLPT_1 JLPT
怠慢,たいまん,JLPT_1 JLPT
タイミング,タイミング,JLPT_1 JLPT
タイム,タイム,JLPT_1 JLPT
タイムリー,タイムリー,JLPT_1 JLPT
対面,たいめん,JLPT_1 JLPT
代用,だいよう,JLPT_1 JLPT
体力,たいりょく,JLPT_1 JLPT
タイル,タイル,JLPT_1 JLPT
対話,たいわ,JLPT_1 JLPT
耐える,たえる,JLPT_1 JLPT
堪える,たえる,JLPT_1 JLPT
絶える,たえる,JLPT_1 JLPT
断える,たえる,JLPT_1 JLPT
打開,だかい,JLPT_1 JLPT
焚火,たきび,JLPT_1 JLPT
妥協,だきょう,JLPT_1 JLPT
たくましい,たくましい,JLPT_1 JLPT
巧み,たくみ,JLPT_1 JLPT
丈,たけ,JLPT_1 JLPT
打撃,だげき,JLPT_1 JLPT
妥結,だけつ,JLPT_1 JLPT
駄作,ださく,JLPT_1 JLPT
足し算,たしざん,JLPT_1 JLPT
多数決,たすうけつ,JLPT_1 JLPT
助け,たすけ,JLPT_1 JLPT
携わる,たずさわる,JLPT_1 JLPT
漂う,ただよう,JLPT_1 JLPT
立ち去る,たちさる,JLPT_1 JLPT
立ち寄る,たちよる,JLPT_1 JLPT
抱っこ,だっこ,JLPT_1 JLPT
達者,たっしゃ,JLPT_1 JLPT
脱出,だっしゅつ,JLPT_1 JLPT
脱する,だっする,JLPT_1 JLPT
達成,たっせい,JLPT_1 JLPT
脱退,だったい,JLPT_1 JLPT
だったら,だったら,JLPT_1 JLPT
立て替える,たてかえる,JLPT_1 JLPT
建前,たてまえ,JLPT_1 JLPT Intermediate_Japanese_Ln.15 Intermediate_Japanese
奉る,たてまつる,JLPT_1 JLPT
だと,だと,JLPT_1 JLPT
他動詞,たどうし,JLPT_1 JLPT
辿り着く,たどりつく,JLPT_1 JLPT
辿る,たどる,JLPT_1 JLPT
束ねる,たばねる,JLPT_1 JLPT
だぶだぶ,だぶだぶ,JLPT_1 JLPT
他方,たほう,JLPT_1 JLPT
多忙,たぼう,JLPT_1 JLPT
給う,たまう,JLPT_1 JLPT
魂,たましい,JLPT_1 JLPT
溜まり,たまり,JLPT_1 JLPT
賜る,たまわる,JLPT_1 JLPT
保つ,たもつ,JLPT_1 JLPT
たやすい,たやすい,JLPT_1 JLPT
多様,たよう,JLPT_1 JLPT
だるい,だるい,JLPT_1 JLPT Intermediate_Japanese_Ln.12 Intermediate_Japanese
弛み,たるみ,JLPT_1 JLPT
弛む,たるむ,JLPT_1 JLPT
垂れる,たれる,JLPT_1 JLPT
タレント,タレント,JLPT_1 JLPT
タワー,タワー,JLPT_1 JLPT
単一,たんいつ,JLPT_1 JLPT
短歌,たんか,JLPT_1 JLPT
担架,たんか,JLPT_1 JLPT
短気,たんき,JLPT_1 JLPT
団結,だんけつ,JLPT_1 JLPT
探検,たんけん,JLPT_1 JLPT
断言,だんげん,JLPT_1 JLPT
短縮,たんしゅく,JLPT_1 JLPT
断然,だんぜん,JLPT_1 JLPT
炭素,たんそ,JLPT_1 JLPT
短大,たんだい,JLPT_1 JLPT
単調,たんちょう,JLPT_1 JLPT
単独,たんどく,JLPT_1 JLPT
旦那,だんな,JLPT_1 JLPT
短波,たんぱ,JLPT_1 JLPT
蛋白質,たんぱくしつ,JLPT_1 JLPT
ダンプ,ダンプ,JLPT_1 JLPT
断面,だんめん,JLPT_1 JLPT
弾力,だんりょく,JLPT_1 JLPT
治安,ちあん,JLPT_1 JLPT
チームワーク,チームワーク,JLPT_1 JLPT
チェンジ,チェンジ,JLPT_1 JLPT
違える,ちがえる,JLPT_1 JLPT
畜産,ちくさん,JLPT_1 JLPT
畜生,ちくしょう,JLPT_1 JLPT
蓄積,ちくせき,JLPT_1 JLPT
地形,ちけい,JLPT_1 JLPT
知性,ちせい,JLPT_1 JLPT
乳,ちち,JLPT_1 JLPT
縮まる,ちぢまる,JLPT_1 JLPT
秩序,ちつじょ,JLPT_1 JLPT Intermediate_Japanese_Ln.10 Intermediate_Japanese
窒息,ちっそく,JLPT_1 JLPT
知的,ちてき,JLPT_1 JLPT
着手,ちゃくしゅ,JLPT_1 JLPT
着色,ちゃくしょく,JLPT_1 JLPT
着席,ちゃくせき,JLPT_1 JLPT
着目,ちゃくもく,JLPT_1 JLPT
着陸,ちゃくりく,JLPT_1 JLPT
着工,ちゃっこう,JLPT_1 JLPT
茶の間,ちゃのま,JLPT_1 JLPT
茶の湯,ちゃのゆ,JLPT_1 JLPT
ちやほや,ちやほや,JLPT_1 JLPT
チャンネル,チャンネル,JLPT_1 JLPT
宙返り,ちゅうがえり,JLPT_1 JLPT
中継,ちゅうけい,JLPT_1 JLPT
忠告,ちゅうこく,JLPT_1 JLPT
中傷,ちゅうしょう,JLPT_1 JLPT
中枢,ちゅうすう,JLPT_1 JLPT
抽選,ちゅうせん,JLPT_1 JLPT
中断,ちゅうだん,JLPT_1 JLPT
中毒,ちゅうどく,JLPT_1 JLPT
中腹,ちゅうふく,JLPT_1 JLPT
中立,ちゅうりつ,JLPT_1 JLPT
中和,ちゅうわ,JLPT_1 JLPT
～著,～ちょ,JLPT_1 JLPT
腸,ちょう,JLPT_1 JLPT
蝶,ちょう,JLPT_1 JLPT
超,ちょう,JLPT_1 JLPT
調印,ちょういん,JLPT_1 JLPT
聴覚,ちょうかく,JLPT_1 JLPT
長官,ちょうかん,JLPT_1 JLPT
聴講,ちょうこう,JLPT_1 JLPT
徴収,ちょうしゅう,JLPT_1 JLPT
聴診器,ちょうしんき,JLPT_1 JLPT
調停,ちょうてい,JLPT_1 JLPT
重複,ちょうふく,JLPT_1 JLPT
長編,ちょうへん,JLPT_1 JLPT
重宝,ちょうほう,JLPT_1 JLPT
調理,ちょうり,JLPT_1 JLPT
調和,ちょうわ,JLPT_1 JLPT
ちょくちょく,ちょくちょく,JLPT_1 JLPT
直面,ちょくめん,JLPT_1 JLPT
著書,ちょしょ,JLPT_1 JLPT
貯蓄,ちょちく,JLPT_1 JLPT
直感,ちょっかん,JLPT_1 JLPT
著名,ちょめい,JLPT_1 JLPT
ちらっと,ちらっと,JLPT_1 JLPT
塵,ちり,JLPT_1 JLPT
塵取り,ちりとり,JLPT_1 JLPT
賃金,ちんぎん,JLPT_1 JLPT
沈殿,ちんでん,JLPT_1 JLPT
沈没,ちんぼつ,JLPT_1 JLPT
沈黙,ちんもく,JLPT_1 JLPT
陳列,ちんれつ,JLPT_1 JLPT
追及,ついきゅう,JLPT_1 JLPT
追跡,ついせき,JLPT_1 JLPT
追放,ついほう,JLPT_1 JLPT
費やす,ついやす,JLPT_1 JLPT
墜落,ついらく,JLPT_1 JLPT
痛感,つうかん,JLPT_1 JLPT
通常,つうじょう,JLPT_1 JLPT
痛切,つうせつ,JLPT_1 JLPT
杖,つえ,JLPT_1 JLPT
使い道,つかいみち,JLPT_1 JLPT
仕える,つかえる,JLPT_1 JLPT
司る,つかさどる,JLPT_1 JLPT
つかの間,つかのま,JLPT_1 JLPT
月並,つきなみ,JLPT_1 JLPT
継目,つぎめ,JLPT_1 JLPT
尽きる,つきる,JLPT_1 JLPT
尽くす,つくす,JLPT_1 JLPT
つくづく,つくづく,JLPT_1 JLPT
作り,つくり,JLPT_1 JLPT
造り,つくり,JLPT_1 JLPT
繕う,つくろう,JLPT_1 JLPT
付け加える,つけくわえる,JLPT_1 JLPT
告げる,つげる,JLPT_1 JLPT
つじつま (はなしの～),つじつま (はなしの～),JLPT_1 JLPT
筒,つつ,JLPT_1 JLPT
突く,つつく,JLPT_1 JLPT
突っ突く,つっつく,JLPT_1 JLPT
謹む,つつしむ,JLPT_1 JLPT
突っ張る,つっぱる,JLPT_1 JLPT
務まる,つとまる,JLPT_1 JLPT
勤め先,つとめさき,JLPT_1 JLPT
努めて,つとめて,JLPT_1 JLPT
津波,つなみ,JLPT_1 JLPT
つねる,つねる,JLPT_1 JLPT
角,つの,JLPT_1 JLPT
募る,つのる,JLPT_1 JLPT
唾,つば,JLPT_1 JLPT
呟く,つぶやく,JLPT_1 JLPT
つぶら,つぶら,JLPT_1 JLPT
つぶる (めを～),つぶる (めを～),JLPT_1 JLPT
壷,つぼ,JLPT_1 JLPT
蕾,つぼみ,JLPT_1 JLPT
連なる,つらなる,JLPT_1 JLPT
貫く,つらぬく,JLPT_1 JLPT
連ねる,つらねる,JLPT_1 JLPT
釣り鐘,つりがね,JLPT_1 JLPT
吊り革,つりかわ,JLPT_1 JLPT
手当,てあて,JLPT_1 JLPT
定義,ていぎ,JLPT_1 JLPT
提供,ていきょう,JLPT_1 JLPT
提携,ていけい,JLPT_1 JLPT
体裁,ていさい,JLPT_1 JLPT
提示,ていじ,JLPT_1 JLPT
ティシュペーパー,ティシュペーパー,JLPT_1 JLPT
定食,ていしょく,JLPT_1 JLPT Intermediate_Japanese_Ln.13 Intermediate_Japanese
訂正,ていせい,JLPT_1 JLPT
停滞,ていたい,JLPT_1 JLPT
邸宅,ていたく,JLPT_1 JLPT
定年,ていねん,JLPT_1 JLPT
堤防,ていぼう,JLPT_1 JLPT
手遅れ,ておくれ,JLPT_1 JLPT
でかい,でかい,JLPT_1 JLPT
手掛かり,てがかり,JLPT_1 JLPT
手掛ける,てがける,JLPT_1 JLPT
手数,てかず,JLPT_1 JLPT
手軽,てがる,JLPT_1 JLPT
適応,てきおう,JLPT_1 JLPT
適宜,てきぎ,JLPT_1 JLPT
適性,てきせい,JLPT_1 JLPT
できもの,できもの,JLPT_1 JLPT
手際,てぎわ,JLPT_1 JLPT
出くわす,でくわす,JLPT_1 JLPT
手順,てじゅん,JLPT_1 JLPT Intermediate_Japanese_Ln.12 Intermediate_Japanese
手錠,てじょう,JLPT_1 JLPT
手数,てすう,JLPT_1 JLPT
デコレーション,デコレーション,JLPT_1 JLPT
手近,てぢか,JLPT_1 JLPT
てっきり,てっきり,JLPT_1 JLPT
鉄鋼,てっこう,JLPT_1 JLPT
デッサン,デッサン,JLPT_1 JLPT
徹する,てっする,JLPT_1 JLPT
てっぺん,てっぺん,JLPT_1 JLPT
鉄棒,てつぼう,JLPT_1 JLPT
出直し,でなおし,JLPT_1 JLPT
掌,てのひら,JLPT_1 JLPT
手配,てはい,JLPT_1 JLPT
手筈,てはず,JLPT_1 JLPT
手引,てびき,JLPT_1 JLPT
手本,てほん,JLPT_1 JLPT
手回し,てまわし,JLPT_1 JLPT
手元,てもと,JLPT_1 JLPT
デモンストレーション,デモンストレーション,JLPT_1 JLPT
照り返す,てりかえす,JLPT_1 JLPT
テレックス,テレックス,JLPT_1 JLPT
手分け,てわけ,JLPT_1 JLPT
天,てん,JLPT_1 JLPT
田園,でんえん,JLPT_1 JLPT
天下,てんか,JLPT_1 JLPT
転回,てんかい,JLPT_1 JLPT
連休,れんきゅう,JLPT_1 JLPT
レンジ,レンジ,JLPT_1 JLPT
連日,れんじつ,JLPT_1 JLPT
連帯,れんたい,JLPT_1 JLPT
レンタカー,レンタカー,JLPT_1 JLPT
連中,れんちゅう,JLPT_1 JLPT
レントゲン,レントゲン,JLPT_1 JLPT
連邦,れんぽう,JLPT_1 JLPT
連盟,れんめい,JLPT_1 JLPT
老衰,ろうすい,JLPT_1 JLPT
朗読,ろうどく,JLPT_1 JLPT
浪費,ろうひ,JLPT_1 JLPT
労力,ろうりょく,JLPT_1 JLPT
ロープウエイ,ロープウエイ,JLPT_1 JLPT
ロープ,ロープ,JLPT_1 JLPT
ろくな,ろくな,JLPT_1 JLPT
露骨,ろこつ,JLPT_1 JLPT
ロマンチック,ロマンチック,JLPT_1 JLPT
論議,ろんぎ,JLPT_1 JLPT
論理,ろんり,JLPT_1 JLPT
惑星,わくせい,JLPT_1 JLPT
技,わざ,JLPT_1 JLPT
わざわざ,わざわざ,JLPT_1 JLPT Intermediate_Japanese_Ln.9 Intermediate_Japanese
煩わしい,わずらわしい,JLPT_1 JLPT Intermediate_Japanese_Ln.15 Intermediate_Japanese
渡り鳥,わたりどり,JLPT_1 JLPT
ワット,ワット,JLPT_1 JLPT
詫び,わび,JLPT_1 JLPT
和文,わぶん,JLPT_1 JLPT
藁,わら,JLPT_1 JLPT
～割,～わり,JLPT_1 JLPT
割当,わりあて,JLPT_1 JLPT
割込む,わりこむ,JLPT_1 JLPT
悪者,わるもの,JLPT_1 JLPT
我,われ,JLPT_1 JLPT
捗る,はかどる,JLPT_1 JLPT
はかない,はかない,JLPT_1 JLPT
ばかばかしい,ばかばかしい,JLPT_1 JLPT
破棄,はき,JLPT_1 JLPT
剥ぐ,はぐ,JLPT_1 JLPT
迫害,はくがい,JLPT_1 JLPT
薄弱,はくじゃく,JLPT_1 JLPT
白状,はくじょう,JLPT_1 JLPT
漠然,ばくぜん,JLPT_1 JLPT
爆弾,ばくだん,JLPT_1 JLPT
爆破,ばくは,JLPT_1 JLPT
暴露,ばくろ,JLPT_1 JLPT
励ます,はげます,JLPT_1 JLPT Intermediate_Japanese_Ln.13 Intermediate_Japanese
励む,はげむ,JLPT_1 JLPT
剥げる,はげる,JLPT_1 JLPT
化ける,ばける,JLPT_1 JLPT
派遣,はけん,JLPT_1 JLPT
恥,はじ,JLPT_1 JLPT
弾く,はじく,JLPT_1 JLPT
パジャマ,パジャマ,JLPT_1 JLPT
恥じらう,はじらう,JLPT_1 JLPT
恥じる,はじる,JLPT_1 JLPT
橋渡し,はしわたし,JLPT_1 JLPT
弾む,はずむ,JLPT_1 JLPT
破損,はそん,JLPT_1 JLPT
叩く,はたく,JLPT_1 JLPT
裸足,はだし,JLPT_1 JLPT
果たす,はたす,JLPT_1 JLPT
蜂蜜,はちみつ,JLPT_1 JLPT
パチンコ,パチンコ,JLPT_1 JLPT
罰,ばつ,JLPT_1 JLPT
発育,はついく,JLPT_1 JLPT
発芽,はつが,JLPT_1 JLPT
発掘,はっくつ,JLPT_1 JLPT
発言,はつげん,JLPT_1 JLPT
バッジ,バッジ,JLPT_1 JLPT
発生,はっせい,JLPT_1 JLPT
仕立てる,したてる,JLPT_1 JLPT
下取り,したどり,JLPT_1 JLPT
下火,したび,JLPT_1 JLPT
実,じつ,JLPT_1 JLPT
実家,じっか,JLPT_1 JLPT
失格,しっかく,JLPT_1 JLPT
質疑,しつぎ,JLPT_1 JLPT
失脚,しっきゃく,JLPT_1 JLPT
実業家,じつぎょうか,JLPT_1 JLPT
シック,シック,JLPT_1 JLPT
じっくり,じっくり,JLPT_1 JLPT
躾,しつけ,JLPT_1 JLPT
躾ける,しつける,JLPT_1 JLPT
実践,じっせん,JLPT_1 JLPT
質素,しっそ,JLPT_1 JLPT
実態,じったい,JLPT_1 JLPT
失調,しっちょう,JLPT_1 JLPT
嫉妬,しっと,JLPT_1 JLPT
実費,じっぴ,JLPT_1 JLPT
指摘,してき,JLPT_1 JLPT
自転,じてん,JLPT_1 JLPT
助動詞,じょどうし,JLPT_1 JLPT
淑やか,しとやか,JLPT_1 JLPT
萎びる,しなびる,JLPT_1 JLPT
シナリオ,シナリオ,JLPT_1 JLPT
しなやか,しなやか,JLPT_1 JLPT
屎尿,しにょう,JLPT_1 JLPT
地主,じぬし,JLPT_1 JLPT
凌ぐ,しのぐ,JLPT_1 JLPT
芝,しば,JLPT_1 JLPT
始発,しはつ,JLPT_1 JLPT
耳鼻科,じびか,JLPT_1 JLPT
私物,しぶつ,JLPT_1 JLPT
しぶとい,しぶとい,JLPT_1 JLPT
司法,しほう,JLPT_1 JLPT
始末,しまつ,JLPT_1 JLPT
染みる,しみる,JLPT_1 JLPT
使命,しめい,JLPT_1 JLPT
地元,じもと,JLPT_1 JLPT
視野,しや,JLPT_1 JLPT
弱,じゃく,JLPT_1 JLPT
社交,しゃこう,JLPT_1 JLPT
ジャズ,ジャズ,JLPT_1 JLPT
謝絶,しゃぜつ,JLPT_1 JLPT
社宅,しゃたく,JLPT_1 JLPT
若干,じゃっかん,JLPT_1 JLPT
三味線,しゃみせん,JLPT_1 JLPT
斜面,しゃめん,JLPT_1 JLPT
砂利,じゃり,JLPT_1 JLPT
洒落る,しゃれる,JLPT_1 JLPT
ジャンパー,ジャンパー,JLPT_1 JLPT
ジャンプ,ジャンプ,JLPT_1 JLPT
ジャンボ,ジャンボ,JLPT_1 JLPT
ジャンル,ジャンル,JLPT_1 JLPT
主,しゅ,JLPT_1 JLPT
種,しゅ,JLPT_1 JLPT
私有,しゆう,JLPT_1 JLPT
～宗,～しゅう,JLPT_1 JLPT
収益,しゅうえき,JLPT_1 JLPT
修学,しゅうがく,JLPT_1 JLPT
周期,しゅうき,JLPT_1 JLPT
衆議院,しゅうぎいん,JLPT_1 JLPT
就業,しゅうぎょう,JLPT_1 JLPT
従業員,じゅうぎょういん,JLPT_1 JLPT
集計,しゅうけい,JLPT_1 JLPT
襲撃,しゅうげき,JLPT_1 JLPT
収支,しゅうし,JLPT_1 JLPT
終始,しゅうし,JLPT_1 JLPT
修士,しゅうし,JLPT_1 JLPT
従事,じゅうじ,JLPT_1 JLPT
終日,しゅうじつ,JLPT_1 JLPT
充実,じゅうじつ,JLPT_1 JLPT
収集,しゅうしゅう,JLPT_1 JLPT
十字路,じゅうじろ,JLPT_1 JLPT
執着,しゅうじゃく,JLPT_1 JLPT
執着,しゅうちゃく,JLPT_1 JLPT
柔軟,じゅうなん,JLPT_1 JLPT
重複,じゅうふく,JLPT_1 JLPT
収容,しゅうよう,JLPT_1 JLPT
従来,じゅうらい,JLPT_1 JLPT
守衛,しゅえい,JLPT_1 JLPT
主演,しゅえん,JLPT_1 JLPT
主観,しゅかん,JLPT_1 JLPT
修行,しゅぎょう,JLPT_1 JLPT
塾,じゅく,JLPT Intermediate_Japanese JLPT_1 Intermediate_Japanese_Ln.5 Genki_Ln.22 Genki
祝賀,しゅくが,JLPT_1 JLPT
宿命,しゅくめい,JLPT_1 JLPT
手芸,しゅげい,JLPT_1 JLPT
主権,しゅけん,JLPT_1 JLPT
主催,しゅさい,JLPT_1 JLPT
取材,しゅざい,JLPT_1 JLPT
趣旨,しゅし,JLPT_1 JLPT
種々,しゅじゅ,JLPT_1 JLPT
主食,しゅしょく,JLPT_1 JLPT
主人公,しゅじんこう,JLPT_1 JLPT
主体,しゅたい,JLPT_1 JLPT
主題,しゅだい,JLPT_1 JLPT
出演,しゅつえん,JLPT_1 JLPT
出血,しゅっけつ,JLPT_1 JLPT
出現,しゅつげん,JLPT_1 JLPT
出産,しゅっさん,JLPT_1 Intermediate_Japanese_Ln.14 JLPT Intermediate_Japanese
出社,しゅっしゃ,JLPT_1 JLPT
出生,しゅっしょう,JLPT_1 JLPT
出生,しゅっせい,JLPT_1 JLPT
微量,びりょう,JLPT_1 JLPT
昼飯,ひるめし,JLPT_1 JLPT
比例,ひれい,JLPT_1 JLPT
疲労,ひろう,JLPT_1 JLPT
敏感,びんかん,JLPT_1 JLPT
貧困,ひんこん,JLPT_1 JLPT
品質,ひんしつ,JLPT_1 JLPT
貧弱,ひんじゃく,JLPT_1 JLPT
品種,ひんしゅ,JLPT_1 JLPT
ヒント,ヒント,JLPT_1 JLPT
頻繁,ひんぱん,JLPT_1 JLPT
貧乏,びんぼう,JLPT_1 JLPT
ファイト,ファイト,JLPT_1 JLPT
ファイル,ファイル,JLPT_1 Genki_Ln.16 JLPT Genki
ファン,ファン,JLPT_1 JLPT
不意,ふい,JLPT_1 JLPT
フィルタ,フィルタ,JLPT_1 JLPT
封,ふう,JLPT_1 JLPT
封鎖,ふうさ,JLPT_1 JLPT
風車,ふうしゃ,JLPT_1 JLPT
風習,ふうしゅう,JLPT_1 JLPT
風俗,ふうぞく,JLPT_1 JLPT
ブーツ,ブーツ,JLPT_1 JLPT
風土,ふうど,JLPT_1 JLPT
ブーム,ブーム,JLPT_1 JLPT
フォーム,フォーム,JLPT_1 JLPT
部下,ぶか,JLPT Intermediate_Japanese JLPT_1 Intermediate_Japanese_Ln.9 Genki_Ln.22 Genki
不可欠,ふかけつ,JLPT_1 JLPT
ぶかぶか,ぶかぶか,JLPT_1 JLPT
不吉,ふきつ,JLPT_1 JLPT
不況,ふきょう,JLPT_1 JLPT
布巾,ふきん,JLPT_1 JLPT
複合,ふくごう,JLPT_1 JLPT
福祉,ふくし,JLPT_1 JLPT
覆面,ふくめん,JLPT_1 JLPT
膨れる,ふくれる,JLPT_1 JLPT
不景気,ふけいき,JLPT_1 JLPT
耽る,ふける,JLPT_1 JLPT
老ける,ふける,JLPT_1 JLPT
富豪,ふごう,JLPT_1 JLPT
布告,ふこく,JLPT_1 JLPT
ブザー,ブザー,JLPT_1 JLPT
負債,ふさい,JLPT_1 JLPT
不在,ふざい,JLPT_1 JLPT
ふさわしい,ふさわしい,JLPT_1 JLPT
不順,ふじゅん,JLPT_1 JLPT
負傷,ふしょう,JLPT_1 JLPT
侮辱,ぶじょく,JLPT_1 JLPT
不審,ふしん,JLPT_1 JLPT
不振,ふしん,JLPT_1 JLPT
武装,ぶそう,JLPT_1 JLPT
札,ふだ,JLPT_1 JLPT
負担,ふたん,JLPT_1 Intermediate_Japanese_Ln.14 JLPT Intermediate_Japanese
不調,ふちょう,JLPT_1 JLPT
復活,ふっかつ,JLPT_1 JLPT
物議,ぶつぎ,JLPT_1 JLPT
復旧,ふっきゅう,JLPT_1 JLPT
復興,ふっこう,JLPT_1 JLPT
物資,ぶっし,JLPT_1 JLPT
仏像,ぶつぞう,JLPT_1 JLPT
物体,ぶったい,JLPT_1 JLPT
沸騰,ふっとう,JLPT_1 JLPT
不当,ふとう,JLPT_1 JLPT
不動産,ふどうさん,JLPT_1 JLPT
無難,ぶなん,JLPT_1 JLPT
赴任,ふにん,JLPT_1 JLPT
腐敗,ふはい,JLPT_1 JLPT
不評,ふひょう,JLPT_1 JLPT
不服,ふふく,JLPT_1 JLPT
普遍,ふへん,JLPT_1 JLPT
踏まえる,ふまえる,JLPT_1 JLPT
踏み込む,ふみこむ,JLPT_1 JLPT
不明,ふめい,JLPT_1 JLPT
部門,ぶもん,JLPT_1 JLPT
扶養,ふよう,JLPT_1 JLPT
ふらふら,ふらふら,JLPT_1 JLPT
ぶらぶら,ぶらぶら,JLPT_1 JLPT
振り返る,ふりかえる,JLPT_1 JLPT
振り出し,ふりだし,JLPT_1 JLPT
不良,ふりょう,JLPT_1 JLPT
浮力,ふりょく,JLPT_1 JLPT
武力,ぶりょく,JLPT_1 JLPT
ブル,ブル,JLPT_1 JLPT
震わせる,ふるわせる,JLPT_1 JLPT
無礼,ぶれい,JLPT_1 JLPT
付録,ふろく,JLPT_1 JLPT
フロント,フロント,JLPT_1 JLPT
憤慨,ふんがい,JLPT_1 JLPT
文化財,ぶんかざい,JLPT_1 JLPT
分業,ぶんぎょう,JLPT_1 JLPT
文語,ぶんご,JLPT_1 JLPT
分散,ぶんさん,JLPT_1 JLPT
分子,ぶんし,JLPT_1 JLPT
紛失,ふんしつ,JLPT_1 JLPT
噴出,ふんしゅつ,JLPT_1 JLPT
文書,ぶんしょ,JLPT_1 JLPT
紛争,ふんそう,JLPT_1 JLPT
ふんだん,ふんだん,JLPT_1 JLPT
分担,ぶんたん,JLPT_1 JLPT
奮闘,ふんとう,JLPT_1 JLPT
分配,ぶんぱい,JLPT_1 JLPT
分母,ぶんぼ,JLPT_1 JLPT
粉末,ふんまつ,JLPT_1 JLPT
分離,ぶんり,JLPT_1 JLPT
分裂,ぶんれつ,JLPT_1 JLPT
ペア,ペア,JLPT_1 JLPT
兵器,へいき,JLPT_1 JLPT
閉口,へいこう,JLPT_1 JLPT
閉鎖,へいさ,JLPT_1 JLPT
兵士,へいし,JLPT_1 JLPT
平常,へいじょう,JLPT_1 JLPT
平方,へいほう,JLPT_1 JLPT
並列,へいれつ,JLPT_1 JLPT
ベース,ベース,JLPT_1 JLPT
辟易,へきえき,JLPT_1 JLPT
ぺこぺこ,ぺこぺこ,JLPT_1 JLPT
ベスト,ベスト,JLPT_1 JLPT
ベストセラー,ベストセラー,JLPT_1 JLPT
隔たる,へだたる,JLPT_1 JLPT
縁,へり,JLPT_1 JLPT
へりくだる,へりくだる,JLPT_1 JLPT
弁解,べんかい,JLPT_1 JLPT
変革,へんかく,JLPT_1 JLPT
返還,へんかん,JLPT_1 JLPT
便宜,べんぎ,JLPT_1 JLPT
偏見,へんけん,JLPT_1 JLPT
弁護,べんご,JLPT_1 JLPT
返済,へんさい,JLPT_1 JLPT
弁償,べんしょう,JLPT_1 JLPT
変遷,へんせん,JLPT_1 JLPT
返答,へんとう,JLPT_1 JLPT
変動,へんどう,JLPT_1 JLPT
弁論,べんろん,JLPT_1 JLPT
穂,ほ,JLPT_1 JLPT
保育,ほいく,JLPT_1 JLPT
ボイコット,ボイコット,JLPT_1 JLPT
ポイント,ポイント,JLPT_1 JLPT
法案,ほうあん,JLPT_1 JLPT
防衛,ぼうえい,JLPT_1 JLPT
防火,ぼうか,JLPT_1 JLPT
崩壊,ほうかい,JLPT_1 JLPT
妨害,ぼうがい,JLPT_1 JLPT
法学,ほうがく,JLPT_1 JLPT
封建,ほうけん,JLPT_1 JLPT
豊作,ほうさく,JLPT_1 JLPT
方策,ほうさく,JLPT_1 JLPT
奉仕,ほうし,JLPT_1 JLPT
方式,ほうしき,JLPT_1 JLPT
放射,ほうしゃ,JLPT_1 JLPT
放射能,ほうしゃのう,JLPT_1 JLPT
報酬,ほうしゅう,JLPT_1 JLPT
放出,ほうしゅつ,JLPT_1 JLPT
報じる,ほうじる,JLPT_1 JLPT
報ずる,ほうずる,JLPT_1 JLPT
紡績,ぼうせき,JLPT_1 JLPT
呆然,ぼうぜん,JLPT_1 JLPT
放置,ほうち,JLPT_1 JLPT
膨張,ぼうちょう,JLPT_1 JLPT
法廷,ほうてい,JLPT_1 JLPT
報道,ほうどう,JLPT_1 JLPT
冒頭,ぼうとう,JLPT_1 JLPT
暴動,ぼうどう,JLPT_1 JLPT
褒美,ほうび,JLPT_1 JLPT
暴風,ぼうふう,JLPT_1 JLPT
葬る,ほうむる,JLPT_1 JLPT
放り込む,ほうりこむ,JLPT_1 JLPT
放り出す,ほうりだす,JLPT_1 JLPT
暴力,ぼうりょく,JLPT_1 JLPT
飽和,ほうわ,JLPT_1 JLPT
ホース,ホース,JLPT_1 JLPT
ポーズ,ポーズ,JLPT_1 JLPT
ホール,ホール,JLPT_1 JLPT
保温,ほおん,JLPT_1 JLPT
捕獲,ほかく,JLPT_1 JLPT
保管,ほかん,JLPT_1 JLPT
補給,ほきゅう,JLPT_1 JLPT
補強,ほきょう,JLPT_1 JLPT
募金,ぼきん,JLPT_1 JLPT
牧師,ぼくし,JLPT_1 JLPT
捕鯨,ほげい,JLPT_1 JLPT
惚ける,ぼける,JLPT_1 JLPT
保険,ほけん,JLPT_1 JLPT
母校,ぼこう,JLPT_1 JLPT
母国,ぼこく,JLPT_1 JLPT Intermediate_Japanese_Ln.15 Intermediate_Japanese
誇る,ほこる,JLPT_1 JLPT
綻びる,ほころびる,JLPT_1 JLPT
干し～,ほし～,JLPT_1 JLPT
ポジション,ポジション,JLPT_1 JLPT
干し物,ほしもの,JLPT_1 JLPT
保守,ほしゅ,JLPT_1 JLPT
補充,ほじゅう,JLPT_1 JLPT
補助,ほじょ,JLPT_1 JLPT
舗装,ほそう,JLPT_1 JLPT
補足,ほそく,JLPT_1 JLPT
墓地,ぼち,JLPT_1 JLPT
発作,ほっさ,JLPT_1 JLPT
没収,ぼっしゅう,JLPT_1 JLPT
発足,ほっそく,JLPT_1 JLPT
ポット,ポット,JLPT_1 JLPT
ほっぺた,ほっぺた,JLPT_1 JLPT
ぼつぼつ,ぼつぼつ,JLPT_1 JLPT
没落,ぼつらく,JLPT_1 JLPT
解ける,ほどける,JLPT_1 JLPT
施す,ほどこす,JLPT_1 JLPT
ほとり,ほとり,JLPT_1 JLPT
ぼやく,ぼやく,JLPT_1 JLPT
ぼやける,ぼやける,JLPT_1 JLPT
保養,ほよう,JLPT_1 JLPT
捕虜,ほりょ,JLPT_1 JLPT
ボルト,ボルト,JLPT_1 JLPT
滅びる,ほろびる,JLPT_1 JLPT
滅ぼす,ほろぼす,JLPT_1 JLPT
本格,ほんかく,JLPT_1 JLPT
本館,ほんかん,JLPT_1 JLPT
本気,ほんき,JLPT_1 JLPT
本国,ほんごく,JLPT_1 JLPT
本質,ほんしつ,JLPT_1 JLPT
本体,ほんたい,JLPT_1 JLPT
本音,ほんね,JLPT_1 JLPT Intermediate_Japanese_Ln.15 Intermediate_Japanese
本能,ほんのう,JLPT_1 JLPT
本場,ほんば,JLPT_1 JLPT
ポンプ,ポンプ,JLPT_1 JLPT
本文,ほんぶん,JLPT_1 JLPT
本名,ほんみょう,JLPT_1 JLPT
マーク,マーク,JLPT_1 JLPT
マイ～,マイ～,JLPT_1 JLPT
マイクロフォン,マイクロフォン,JLPT_1 JLPT
埋蔵,まいぞう,JLPT_1 JLPT
舞う,まう,JLPT_1 JLPT
真上,まうえ,JLPT_1 JLPT
前売,まえうり,JLPT_1 JLPT
前置き,まえおき,JLPT_1 JLPT
任す,まかす,JLPT_1 JLPT
負かす,まかす,JLPT_1 JLPT
賄う,まかなう,JLPT_1 JLPT
紛らわしい,まぎらわしい,JLPT_1 JLPT
紛れる,まぎれる,JLPT_1 JLPT
真心,まごころ,JLPT_1 JLPT
まごつく,まごつく,JLPT_1 JLPT
誠,まこと,JLPT_1 JLPT
誠に,まことに,JLPT_1 JLPT Genki_Ln.20 Genki
まさしく,まさしく,JLPT_1 JLPT
勝る,まさる,JLPT_1 JLPT
～増し,～増し,JLPT_1 JLPT
交える,まじえる,JLPT_1 JLPT
真下,ました,JLPT_1 JLPT
まして,まして,JLPT_1 JLPT
交わる,まじわる,JLPT_1 JLPT
麻酔,ますい,JLPT_1 JLPT
またがる (うまを～),またがる (うまを～),JLPT_1 JLPT
待ち合わせ,まちあわせ,JLPT_1 JLPT
待ち遠しい,まちどおしい,JLPT_1 JLPT
待ち望む,まちのぞむ,JLPT_1 JLPT
まちまち,まちまち,JLPT_1 JLPT
末期,まっき,JLPT_1 JLPT
真っ二つ,まっぷたつ,JLPT_1 JLPT
まと,まと,JLPT_1 JLPT
纏まり,まとまり,JLPT_1 JLPT
纏め,まとめ,JLPT_1 JLPT
免れる,まぬがれる,JLPT_1 JLPT
招き,まねき,JLPT_1 JLPT
瞬き,まばたき,JLPT_1 JLPT
麻痺,まひ,JLPT_1 JLPT
～まみれ,～まみれ,JLPT_1 JLPT
眉,まゆ,JLPT_1 JLPT
鞠,まり,JLPT_1 JLPT
丸ごと,まるごと,JLPT_1 JLPT
まるっきり,まるっきり,JLPT_1 JLPT
丸々,まるまる,JLPT_1 JLPT
丸める,まるめる,JLPT_1 JLPT
満月,まんげつ,JLPT_1 JLPT
満場,まんじょう,JLPT_1 JLPT
真ん前,まんまえ,JLPT_1 JLPT
真ん丸い,まんまるい,JLPT_1 JLPT
真ん円い,まんまるい,JLPT_1 JLPT
～味,～み,JLPT_1 JLPT
見合い,みあい,JLPT_1 JLPT
見合わせる,みあわせる,JLPT_1 JLPT
見落とす,みおとす,JLPT_1 JLPT
未開,みかい,JLPT_1 JLPT
味覚,みかく,JLPT_1 JLPT
幹,みき,JLPT_1 JLPT
見苦しい,みぐるしい,JLPT_1 JLPT
見込み,みこみ,JLPT_1 JLPT
未婚,みこん,JLPT_1 JLPT
未熟,みじゅく,JLPT_1 JLPT
微塵,みじん,JLPT_1 JLPT
水気,みずけ,JLPT_1 JLPT
ミスプリント,ミスプリント,JLPT_1 JLPT
みすぼらしい,みすぼらしい,JLPT_1 JLPT
ミセス,ミセス,JLPT_1 JLPT
見せびらかす,みせびらかす,JLPT_1 JLPT
見せ物,みせもの,JLPT_1 JLPT
溝,みぞ,JLPT_1 JLPT
満たす,みたす,JLPT_1 JLPT
乱す,みだす,JLPT_1 JLPT
乱れる,みだれる,JLPT_1 JLPT
未知,みち,JLPT_1 JLPT
身近,みぢか,JLPT_1 JLPT
導く,みちびく,JLPT_1 JLPT
密集,みっしゅう,JLPT_1 JLPT
密接,みっせつ,JLPT_1 JLPT
密度,みつど,JLPT_1 JLPT
見積もり,みつもり,JLPT_1 JLPT
未定,みてい,JLPT_1 JLPT
見通し,みとおし,JLPT_1 JLPT
見なす,みなす,JLPT_1 JLPT
源,みなもと,JLPT_1 JLPT
見習う,みならう,JLPT_1 JLPT
身なり,みなり,JLPT_1 JLPT
峰,みね,JLPT_1 JLPT
身の上,みのうえ,JLPT_1 JLPT
見逃す,みのがす,JLPT_1 JLPT
身の回り,みのまわり,JLPT_1 JLPT
見計らう,みはからう,JLPT_1 JLPT
見晴らし,みはらし,JLPT_1 JLPT
身振り,みぶり,JLPT_1 JLPT Intermediate_Japanese Intermediate_Japanese_Ln.11
脈,みゃく,JLPT_1 JLPT
ミュージック,ミュージック,JLPT_1 JLPT
未練,みれん,JLPT_1 JLPT
見渡す,みわたす,JLPT_1 JLPT
民宿,みんしゅく,JLPT_1 JLPT Intermediate_Japanese_Ln.10 Intermediate_Japanese
民族,みんぞく,JLPT_1 JLPT
民俗,みんぞく,JLPT_1 JLPT
無意味,むいみ,JLPT_1 JLPT
ムード,ムード,JLPT_1 JLPT
無口,むくち,JLPT_1 JLPT
婿,むこ,JLPT_1 JLPT
無効,むこう,JLPT_1 JLPT
無言,むごん,JLPT_1 JLPT
無邪気,むじゃき,JLPT_1 JLPT
むしる,むしる,JLPT_1 JLPT
結び,むすび,JLPT_1 JLPT
結び付き,むすびつき,JLPT_1 JLPT
結び付く,むすびつく,JLPT_1 JLPT
結び付ける,むすびつける,JLPT_1 JLPT
無線,むせん,JLPT_1 JLPT
無駄遣い,むだづかい,JLPT_1 JLPT Genki_Ln.22 Genki
無断,むだん,JLPT_1 JLPT
無知,むち,JLPT_1 JLPT
無茶,むちゃ,JLPT_1 JLPT Intermediate_Japanese_Ln.12 Intermediate_Japanese
無茶苦茶,むちゃくちゃ,JLPT_1 JLPT
空しい,むなしい,JLPT_1 JLPT
無念,むねん,JLPT_1 JLPT
無能,むのう,JLPT_1 JLPT
無闇に,むやみに,JLPT_1 JLPT
無用,むよう,JLPT_1 JLPT
斑,むら,JLPT_1 JLPT
群がる,むらがる,JLPT_1 JLPT
無論,むろん,JLPT_1 JLPT
名産,めいさん,JLPT_1 JLPT
名称,めいしょう,JLPT_1 JLPT
命中,めいちゅう,JLPT_1 JLPT
明白,めいはく,JLPT_1 JLPT
名簿,めいぼ,JLPT_1 JLPT
名誉,めいよ,JLPT_1 JLPT
明瞭,めいりょう,JLPT_1 JLPT
明朗,めいろう,JLPT_1 JLPT
メーカー,メーカー,JLPT_1 JLPT
目方,めかた,JLPT_1 JLPT
恵み,めぐみ,JLPT_1 JLPT
恵む,めぐむ,JLPT_1 JLPT
目覚しい,めざましい,JLPT_1 JLPT
目覚める,めざめる,JLPT_1 JLPT
召す,めす,JLPT_1 JLPT
雌,めす,JLPT_1 JLPT
目付き,めつき,JLPT_1 JLPT
滅亡,めつぼう,JLPT_1 JLPT
メディア,メディア,JLPT_1 JLPT
目途,めど,JLPT_1 JLPT
目盛,めもり,JLPT_1 JLPT
メロディー,メロディー,JLPT_1 JLPT
面会,めんかい,JLPT_1 JLPT
免除,めんじょ,JLPT_1 JLPT
面する,めんする,JLPT_1 JLPT
面目,めんぼく,JLPT_1 JLPT
面目,めんもく,JLPT_1 JLPT
～網,～もう,JLPT_1 JLPT
設ける,もうける,JLPT_1 JLPT
申し入れる,もうしいれる,JLPT_1 JLPT
申込,もうしこみ,JLPT_1 JLPT
申出,もうしで,JLPT_1 JLPT
申し出る,もうしでる,JLPT_1 JLPT
申し分,もうしぶん,JLPT_1 JLPT
盲点,もうてん,JLPT_1 JLPT
猛烈,もうれつ,JLPT_1 JLPT
モーテル,モーテル,JLPT_1 JLPT
もがく,もがく,JLPT_1 JLPT
目録,もくろく,JLPT_1 JLPT
目論見,もくろみ,JLPT_1 JLPT
模型,もけい,JLPT_1 JLPT
模索,もさく,JLPT_1 JLPT
もしかして,もしかして,JLPT_1 JLPT
もしくは,もしくは,JLPT_1 JLPT
もたらす,もたらす,JLPT_1 JLPT
持ち切り,もちきり,JLPT_1 JLPT
目下,もっか,JLPT_1 JLPT
専ら,もっぱら,JLPT_1 JLPT
もてなす,もてなす,JLPT_1 JLPT
もてる,もてる,JLPT_1 JLPT
モニター,モニター,JLPT_1 JLPT
物好き,ものずき,JLPT_1 JLPT
物足りない,ものたりない,JLPT_1 JLPT
もはや,もはや,JLPT_1 JLPT
模範,もはん,JLPT_1 JLPT
模倣,もほう,JLPT_1 JLPT
もめる,もめる,JLPT_1 JLPT
股,もも,JLPT_1 JLPT
腿,もも,JLPT_1 JLPT
催す,もよおす,JLPT_1 JLPT
漏らす,もらす,JLPT_1 JLPT
盛り上がる,もりあがる,JLPT_1 JLPT
漏る,もる,JLPT_1 JLPT
漏れる,もれる,JLPT_1 JLPT
脆い,もろい,JLPT_1 JLPT
もろに,もろに,JLPT_1 JLPT
矢,や,JLPT_1 JLPT
野外,やがい,JLPT_1 JLPT
～薬,～やく,JLPT_1 JLPT
夜具,やぐ,JLPT_1 JLPT
役職,やくしょく,JLPT_1 JLPT
役場,やくば,JLPT_1 JLPT
やけに,やけに,JLPT_1 JLPT
屋敷,やしき,JLPT_1 JLPT
養う,やしなう,JLPT_1 JLPT
野心,やしん,JLPT_1 JLPT
安っぽい,やすっぽい,JLPT_1 JLPT
休める,やすめる,JLPT_1 JLPT
野生,やせい,JLPT_1 JLPT
奴,やつ,JLPT_1 JLPT
闇,やみ,JLPT_1 JLPT
病む,やむ,JLPT_1 JLPT
ややこしい,ややこしい,JLPT_1 JLPT
やりとおす,やりとおす,JLPT_1 JLPT
やりとげる,やりとげる,JLPT_1 JLPT
和らげる,やわらげる,JLPT_1 JLPT
ヤング,ヤング,JLPT_1 JLPT
～油,～ゆ,JLPT_1 JLPT
優位,ゆうい,JLPT_1 JLPT
憂鬱,ゆううつ,JLPT_1 JLPT
有益,ゆうえき,JLPT_1 JLPT
優越,ゆうえつ,JLPT_1 JLPT
勇敢,ゆうかん,JLPT_1 JLPT
夕暮れ,ゆうぐれ,JLPT_1 JLPT
融資,ゆうし,JLPT_1 JLPT
有する,ゆうする,JLPT_1 JLPT
優勢,ゆうせい,JLPT_1 JLPT
優先,ゆうせん,JLPT_1 JLPT
誘導,ゆうどう,JLPT_1 JLPT
融通,ゆうずう,JLPT_1 JLPT
優美,ゆうび,JLPT_1 JLPT
有望,ゆうぼう,JLPT_1 JLPT
遊牧,ゆうぼく,JLPT_1 JLPT
夕焼け,ゆうやけ,JLPT_1 JLPT
有力,ゆうりょく,JLPT_1 JLPT
幽霊,ゆうれい,JLPT_1 JLPT
誘惑,ゆうわく,JLPT_1 JLPT
故,ゆえ,JLPT_1 JLPT
歪む,ゆがむ,JLPT_1 JLPT
揺さぶる,ゆさぶる,JLPT_1 JLPT
濯ぐ,ゆすぐ,JLPT_1 JLPT
ゆとり,ゆとり,JLPT_1 JLPT
ユニーク,ユニーク,JLPT_1 JLPT
ユニフォーム,ユニフォーム,JLPT_1 JLPT
指差す,ゆびさす,JLPT_1 JLPT
弓,ゆみ,JLPT_1 JLPT
揺らぐ,ゆらぐ,JLPT_1 JLPT
緩む,ゆるむ,JLPT_1 JLPT
緩める,ゆるめる,JLPT_1 JLPT
緩やか,ゆるやか,JLPT_1 JLPT
要因,よういん,JLPT_1 JLPT
溶液,ようえき,JLPT_1 JLPT
用件,ようけん,JLPT_1 JLPT
養護,ようご,JLPT_1 JLPT
用紙,ようし,JLPT_1 JLPT Intermediate_Japanese Intermediate_Japanese_Ln.3
様式,ようしき,JLPT_1 JLPT
要する,ようする,JLPT_1 JLPT
要請,ようせい,JLPT_1 JLPT
様相,ようそう,JLPT_1 JLPT
用品,ようひん,JLPT_1 JLPT
洋風,ようふう,JLPT_1 JLPT
用法,ようほう,JLPT_1 JLPT
要望,ようぼう,JLPT_1 JLPT
余暇,よか,JLPT_1 JLPT
予感,よかん,JLPT_1 JLPT
余興,よきょう,JLPT_1 JLPT
預金,よきん,JLPT_1 JLPT
欲,よく,JLPT_1 JLPT
抑圧,よくあつ,JLPT_1 JLPT
浴室,よくしつ,JLPT_1 JLPT
抑制,よくせい,JLPT_1 JLPT
欲深い,よくふかい,JLPT_1 JLPT
欲望,よくぼう,JLPT_1 JLPT Intermediate_Japanese_Ln.13 Intermediate_Japanese
避ける,よける,JLPT_1 JLPT
予言,よげん,JLPT_1 JLPT
横綱,よこづな,JLPT_1 JLPT
汚れ,よごれ,JLPT_1 JLPT
よし (かん),よし (かん),JLPT_1 JLPT
良し,よし,JLPT_1 JLPT
善し悪し,よしあし,JLPT_1 JLPT
余所見,よそみ,JLPT_1 JLPT
余地,よち,JLPT_1 JLPT
よって (よりどころ),よって (よりどころ),JLPT_1 JLPT
与党,よとう,JLPT_1 JLPT
呼び止める,よびとめる,JLPT_1 Intermediate_Japanese_Ln.6 JLPT Intermediate_Japanese
夜更し,よふかし,JLPT_1 JLPT
夜更け,よふけ,JLPT_1 JLPT
余程,よほど,JLPT_1 JLPT
読み上げる,よみあげる,JLPT_1 JLPT
～寄り,～より,JLPT_1 JLPT
寄り掛かる,よりかかる,JLPT_1 JLPT
世論,よろん,JLPT_1 JLPT
弱る,よわる,JLPT_1 JLPT
来場,らいじょう,JLPT_1 JLPT
ライス,ライス,JLPT_1 JLPT
酪農,らくのう,JLPT_1 JLPT
落下,らっか,JLPT_1 JLPT
楽観,らっかん,JLPT_1 JLPT
ランプ,ランプ,JLPT_1 JLPT
濫用,らんよう,JLPT_1 JLPT
リード,リード,JLPT_1 JLPT
理屈,りくつ,JLPT_1 JLPT
利子,りし,JLPT_1 JLPT
利潤,りじゅん,JLPT_1 JLPT
理性,りせい,JLPT_1 JLPT
利息,りそく,JLPT_1 JLPT
立体,りったい,JLPT_1 JLPT
立方,りっぽう,JLPT_1 JLPT
立法,りっぽう,JLPT_1 JLPT
利点,りてん,JLPT_1 JLPT
略奪,りゃくだつ,JLPT_1 JLPT
略語,りゃくご,JLPT_1 JLPT
流通,りゅうつう,JLPT_1 JLPT
領域,りょういき,JLPT_1 JLPT
了解,りょうかい,JLPT_1 JLPT
領海,りょうかい,JLPT_1 JLPT
両極,りょうきょく,JLPT_1 JLPT
良好,りょうこう,JLPT_1 JLPT
良識,りょうしき,JLPT_1 JLPT
良質,りょうしつ,JLPT_1 JLPT
了承,りょうしょう,JLPT_1 JLPT
良心,りょうしん,JLPT_1 JLPT
領地,りょうち,JLPT_1 JLPT
領土,りょうど,JLPT_1 JLPT
両立,りょうりつ,JLPT_1 JLPT
旅客,りょかく,JLPT_1 JLPT
旅券,りょけん,JLPT_1 JLPT
履歴,りれき,JLPT_1 JLPT
理論,りろん,JLPT_1 JLPT
林業,りんぎょう,JLPT_1 JLPT
類,るい,JLPT_1 JLPT
類推,るいすい,JLPT_1 JLPT
類似,るいじ,JLPT_1 JLPT
ルーズ,ルーズ,JLPT_1 JLPT
冷酷,れいこく,JLPT_1 JLPT
冷蔵,れいぞう,JLPT_1 JLPT
冷淡,れいたん,JLPT_1 JLPT
レース,レース,JLPT_1 JLPT
レギュラー,レギュラー,JLPT_1 JLPT
レッスン,レッスン,JLPT_1 JLPT
レディー,レディー,JLPT_1 JLPT
レバー,レバー,JLPT_1 JLPT
恋愛,れんあい,JLPT_1 JLPT
バッテリー,バッテリー,JLPT_1 JLPT
バット,バット,JLPT_1 JLPT
発病,はつびょう,JLPT_1 JLPT
初耳,はつみみ,JLPT_1 JLPT
果て,はて,JLPT_1 JLPT
果てる,はてる,JLPT_1 JLPT
ばてる,ばてる,JLPT_1 JLPT
パトカー,パトカー,JLPT_1 JLPT
甚だ,はなはだ,JLPT_1 JLPT
華々しい,はなばなしい,JLPT_1 JLPT
花びら,はなびら,JLPT_1 JLPT
華やか,はなやか,JLPT_1 JLPT
阻む,はばむ,JLPT_1 JLPT
浜,はま,JLPT_1 JLPT
浜辺,はまべ,JLPT_1 JLPT
はまる,はまる,JLPT_1 JLPT
早める,はやめる,JLPT_1 JLPT
腹立ち,はらだち,JLPT_1 JLPT
原っぱ,はらっぱ,JLPT_1 JLPT
はらはら,はらはら,JLPT_1 JLPT
ばらまく,ばらまく,JLPT_1 JLPT
張り紙,はりがみ,JLPT_1 JLPT
遥か,はるか,JLPT_1 JLPT
破裂,はれつ,JLPT_1 JLPT
腫れる,はれる,JLPT_1 JLPT
繁栄,はんえい,JLPT_1 JLPT
版画,はんが,JLPT_1 JLPT
ハンガー,ハンガー,JLPT_1 JLPT
反感,はんかん,JLPT_1 JLPT
反響,はんきょう,JLPT_1 JLPT
パンク,パンク,JLPT_1 JLPT
反撃,はんげき,JLPT_1 JLPT
判決,はんけつ,JLPT_1 JLPT
反射,はんしゃ,JLPT_1 JLPT
繁盛,はんじょう,JLPT_1 JLPT
繁殖,はんしょく,JLPT_1 JLPT
反する,はんする,JLPT_1 JLPT
判定,はんてい,JLPT_1 JLPT
万人,ばんにん,JLPT_1 JLPT
晩年,ばんねん,JLPT_1 JLPT
反応,はんのう,JLPT_1 JLPT
万能,ばんのう,JLPT_1 JLPT
半端,はんぱ,JLPT_1 JLPT
反発,はんぱつ,JLPT_1 JLPT
反乱,はんらん,JLPT_1 JLPT
氾濫,はんらん,JLPT_1 JLPT
美,び,JLPT_1 JLPT
ひいては,ひいては,JLPT_1 JLPT
ビールス,ビールス,JLPT_1 JLPT
控室,ひかえしつ,JLPT_1 JLPT
控える,ひかえる,JLPT_1 JLPT
悲観,ひかん,JLPT_1 JLPT
引き上げる,ひきあげる,JLPT_1 JLPT
率いる,ひきいる,JLPT_1 JLPT
引き起こす,ひきおこす,JLPT_1 JLPT
引下げる,ひきさげる,JLPT_1 JLPT
引きずる,ひきずる,JLPT_1 JLPT
引取る,ひきとる,JLPT_1 JLPT
否決,ひけつ,JLPT_1 JLPT
日頃,ひごろ,JLPT_1 JLPT
久しい,ひさしい,JLPT_1 JLPT
悲惨,ひさん,JLPT_1 JLPT
ビジネス,ビジネス,JLPT JLPT_1 Genki_Ln.2 Genki_Ln.1 Genki
比重,ひじゅう,JLPT_1 JLPT
美術,びじゅつ,JLPT_1 JLPT
秘書,ひしょ,JLPT_1 JLPT
微笑,びしょう,JLPT_1 JLPT
歪む,ひずむ,JLPT_1 JLPT
密か,ひそか,JLPT_1 JLPT
浸す,ひたす,JLPT_1 JLPT
ひたすら,ひたすら,JLPT_1 JLPT
左利き,ひだりきき,JLPT_1 JLPT
引っ掻く,ひっかく,JLPT_1 JLPT
必修,ひっしゅう,JLPT_1 JLPT
びっしょり,びっしょり,JLPT_1 JLPT
必然,ひつぜん,JLPT_1 JLPT
匹敵,ひってき,JLPT_1 JLPT
一息,ひといき,JLPT_1 JLPT
人影,ひとかげ,JLPT_1 JLPT
人柄,ひとがら,JLPT_1 JLPT
人気,ひとけ,JLPT_1 JLPT
一頃,ひところ,JLPT_1 JLPT
人質,ひとじち,JLPT_1 JLPT
一筋,ひとすじ,JLPT_1 JLPT
人目,ひとめ,JLPT_1 JLPT
日取り,ひどり,JLPT_1 JLPT
雛,ひな,JLPT_1 JLPT
雛祭,ひなまつり,JLPT_1 JLPT
日向,ひなた,JLPT_1 JLPT
非難,ひなん,JLPT_1 JLPT
避難,ひなん,JLPT_1 JLPT
日の丸,ひのまる,JLPT_1 JLPT
火花,ひばな,JLPT_1 JLPT
ひび (かべの～),ひび (かべの～),JLPT_1 JLPT
悲鳴,ひめい,JLPT_1 JLPT
冷やかす,ひやかす,JLPT_1 JLPT
日焼け,ひやけ,JLPT_1 JLPT
標語,ひょうご,JLPT_1 JLPT
描写,びょうしゃ,JLPT_1 JLPT
ひょっと,ひょっと,JLPT_1 JLPT
びら,びら,JLPT_1 JLPT
平たい,ひらたい,JLPT_1 JLPT
びり,びり,JLPT_1 JLPT
比率,ひりつ,JLPT_1 JLPT
就任,しゅうにん,JLPT JLPT_2
周辺,しゅうへん,JLPT JLPT_2
重役,じゅうやく,JLPT JLPT_2
終了,しゅうりょう,JLPT_1 JLPT JLPT_2
重量,じゅうりょう,JLPT JLPT_2
重力,じゅうりょく,JLPT JLPT_2
熟語,じゅくご,JLPT JLPT_2
祝日,しゅくじつ,JLPT JLPT_2
縮小,しゅくしょう,JLPT JLPT_2
受験,じゅけん,JLPT JLPT_2
主語,しゅご,JLPT JLPT_2
主人,しゅじん,JLPT JLPT_2 Intermediate_Japanese_Ln.9 Intermediate_Japanese
出勤,しゅっきん,JLPT JLPT_2
述語,じゅつご,JLPT JLPT_2
出張,しゅっちょう,JLPT Intermediate_Japanese Genki_Ln.19 JLPT_2 Intermediate_Japanese_Ln.10 Genki
寿命,じゅみょう,JLPT JLPT_2
主役,しゅやく,JLPT JLPT_2
受話器,じゅわき,JLPT JLPT_2
循環,じゅんかん,JLPT JLPT_2
巡査,じゅんさ,JLPT JLPT_2
順々,じゅんじゅん,JLPT JLPT_2
順序,じゅんじょ,JLPT JLPT_2
純情,じゅんじょう,JLPT JLPT_2
純粋,じゅんすい,JLPT JLPT_2
初～,しょ～,JLPT JLPT_2
諸～,しょ～,JLPT JLPT_2
～所,～しょ,JLPT JLPT_2
～所,～じょ,JLPT JLPT_2
女～,じょ～,JLPT JLPT_2
～女,～じょ,JLPT JLPT_2
省～,しょう～,JLPT JLPT_2
～省,～しょう,JLPT JLPT_2
～商,～しょう,JLPT JLPT_2
～勝,～しょう,JLPT JLPT_2
～条,～じょう,JLPT_1 JLPT JLPT_2
～場,～じょう,JLPT JLPT_2
～畳,～じょう,JLPT JLPT_2
消化,しょうか,JLPT JLPT_2
小学生,しょうがくせい,JLPT JLPT_2
しょうがない,しょうがない,JLPT JLPT_2
将棋,しょうぎ,JLPT JLPT_2
蒸気,じょうき,JLPT JLPT_2
定規,じょうぎ,JLPT JLPT_2
上級,じょうきゅう,JLPT JLPT_2
商業,しょうぎょう,JLPT JLPT_2 Intermediate_Japanese_Ln.10 Intermediate_Japanese
消極的,しょうきょくてき,JLPT JLPT_2
賞金,しょうきん,JLPT JLPT_2
上下,じょうげ,JLPT JLPT_2
障子,しょうじ,JLPT JLPT_2
商社,しょうしゃ,JLPT JLPT_2
乗車,じょうしゃ,JLPT JLPT_2
上旬,じょうじゅん,JLPT JLPT_2
生ずる,しょうずる,JLPT JLPT_2
小数,しょうすう,JLPT JLPT_2
商店,しょうてん,JLPT JLPT_2
焦点,しょうてん,JLPT JLPT_2
消毒,しょうどく,JLPT JLPT_2
勝敗,しょうはい,JLPT JLPT_2
蒸発,じょうはつ,JLPT JLPT_2
上品,じょうひん,JLPT JLPT_2
勝負,しょうぶ,JLPT JLPT_2
小便,しょうべん,JLPT JLPT_2
消防署,しょうぼうしょ,JLPT JLPT_2
正味,しょうみ,JLPT JLPT_2
正面,しょうめん,JLPT JLPT_2
消耗,しょうもう,JLPT JLPT_2
初級,しょきゅう,JLPT JLPT_2
助教授,じょきょうじゅ,JLPT JLPT_2
～色,～しょく,JLPT JLPT_2
食塩,しょくえん,JLPT JLPT_2
職人,しょくにん,JLPT JLPT_2
職場,しょくば,JLPT JLPT_2
初旬,しょじゅん,JLPT JLPT_2
書籍,しょせき,JLPT JLPT_2
食器,しょっき,JLPT JLPT_2
ショップ,ショップ,JLPT JLPT_2
書店,しょてん,JLPT JLPT_2
書道,しょどう,JLPT JLPT_2
初歩,しょほ,JLPT JLPT_2
白髪,しらが,JLPT JLPT_2
シリーズ,シリーズ,JLPT JLPT_2
私立,しりつ,JLPT_2 JLPT Intermediate_Japanese_Ln.7 Intermediate_Japanese
資料,しりょう,JLPT JLPT_2
汁,しる,JLPT JLPT_2
素人,しろうと,JLPT JLPT_2 Intermediate_Japanese_Ln.12 Intermediate_Japanese
しわ (かおの～),しわ (かおの～),JLPT JLPT_2
芯,しん,JLPT JLPT_2
新幹線,しんかんせん,JLPT Intermediate_Japanese JLPT_2 Genki_Ln.9 Intermediate_Japanese_Ln.10 Genki
真空,しんくう,JLPT JLPT_2
人事,じんじ,JLPT JLPT_2
信ずる,しんずる,JLPT JLPT_2
心身,しんしん,JLPT JLPT_2
申請,しんせい,JLPT JLPT_2
人造,じんぞう,JLPT JLPT_2
寝台,しんだい,JLPT JLPT_2
診断,しんだん,JLPT JLPT_2
侵入,しんにゅう,JLPT JLPT_2
人文科学,じんぶんかがく,JLPT JLPT_2
人命,じんめい,JLPT JLPT_2
深夜,しんや,JLPT JLPT_2
森林,しんりん,JLPT JLPT_2
親類,しんるい,JLPT Intermediate_Japanese JLPT_2 Intermediate_Japanese_Ln.8 Intermediate_Japanese_Ln.9
針路,しんろ,JLPT JLPT_2
神話,しんわ,JLPT JLPT_2
水産,すいさん,JLPT JLPT_2
炊事,すいじ,JLPT JLPT_2
水蒸気,すいじょうき,JLPT JLPT_2
水素,すいそ,JLPT JLPT_2
垂直,すいちょく,JLPT JLPT_2
推定,すいてい,JLPT JLPT_2
水滴,すいてき,JLPT JLPT_2
水筒,すいとう,JLPT JLPT_2
随筆,ずいひつ,JLPT JLPT_2
水分,すいぶん,JLPT JLPT_2
水平,すいへい,JLPT JLPT_2
水平線,すいへいせん,JLPT JLPT_2
水面,すいめん,JLPT JLPT_2
図々しい,ずうずうしい,JLPT JLPT_2
ずうっと,ずうっと,JLPT JLPT_2
末っ子,すえっこ,JLPT JLPT_2
スカーフ,スカーフ,JLPT JLPT_2
図鑑,ずかん,JLPT JLPT_2
隙,すき,JLPT JLPT_2
杉,すぎ,JLPT JLPT_2
好き嫌い,すききらい,JLPT JLPT_2
好き好き,すきずき,JLPT JLPT_2
透き通る,すきとおる,JLPT JLPT_2
隙間,すきま,JLPT JLPT_2
～過ぎる,～すぎる,JLPT JLPT_2
スクール,スクール,JLPT JLPT_2
図形,ずけい,JLPT JLPT_2
鈴,すず,JLPT JLPT_2
涼む,すずむ,JLPT JLPT_2
スタート,スタート,JLPT JLPT_2
スチュワーデス,スチュワーデス,JLPT JLPT_2
すっきり,すっきり,JLPT JLPT_2
ステージ,ステージ,JLPT JLPT_2
ストッキング,ストッキング,JLPT JLPT_2
ストップ,ストップ,JLPT JLPT_2
素直,すなお,JLPT JLPT_2
頭脳,ずのう,JLPT JLPT_2
スピーカー,スピーカー,JLPT JLPT_2
図表,ずひょう,JLPT JLPT_2
スマート,スマート,JLPT JLPT_2
住まい,すまい,JLPT JLPT_2
すまない,すまない,JLPT JLPT_2
～済,～ずみ,JLPT JLPT_2
相撲,すもう,JLPT_2 JLPT Intermediate_Japanese_Ln.7 Intermediate_Japanese
スライド,スライド,JLPT JLPT_2
ずらす,ずらす,JLPT JLPT_2
ずらり,ずらり,JLPT JLPT_2
スリッパ,スリッパ,JLPT JLPT_2
狡い,ずるい,JLPT JLPT_2
寸法,すんぽう,JLPT JLPT_2
税関,ぜいかん,JLPT JLPT_2
製作,せいさく,JLPT JLPT_2
制作,せいさく,JLPT JLPT_2
清書,せいしょ,JLPT JLPT_2
青少年,せいしょうねん,JLPT JLPT_2
整数,せいすう,JLPT JLPT_2
清掃,せいそう,JLPT JLPT_2
生存,せいぞん,JLPT JLPT_2
政党,せいとう,JLPT JLPT_2
性能,せいのう,JLPT JLPT_2
整備,せいび,JLPT JLPT_2
成分,せいぶん,JLPT JLPT_2
性別,せいべつ,JLPT JLPT_2
正方形,せいほうけい,JLPT JLPT_2
正門,せいもん,JLPT JLPT_2
成立,せいりつ,JLPT JLPT_2
西暦,せいれき,JLPT JLPT_2
背負う,せおう,Intermediate_Japanese_Ln.14 JLPT_2 JLPT Intermediate_Japanese
～席,～せき,JLPT JLPT_2
赤道,せきどう,JLPT JLPT_2
折角,せっかく,JLPT JLPT_2
接近,せっきん,JLPT JLPT_2
接する,せっする,JLPT_2 JLPT Intermediate_Japanese_Ln.15 Intermediate_Japanese
せっせと,せっせと,JLPT JLPT_2
接続,せつぞく,JLPT JLPT_2
瀬戸物,せともの,JLPT JLPT_2
ぜひとも,ぜひとも,JLPT JLPT_2
迫る,せまる,JLPT JLPT_2
ゼミ,ゼミ,Intermediate_Japanese_Ln.5 JLPT JLPT_2 Intermediate_Japanese
せめて,せめて,JLPT JLPT_2
セメント,セメント,JLPT JLPT_2
台詞,せりふ,JLPT JLPT_2
栓,せん,JLPT JLPT_2
～船,～せん,JLPT JLPT_2
～戦,～せん,JLPT JLPT_2
前～,ぜん～,JLPT JLPT_2
～前,～ぜん,JLPT JLPT_2
前後,ぜんご,JLPT JLPT_2
全集,ぜんしゅう,JLPT JLPT_2
扇子,せんす,JLPT JLPT_2 Genki_Ln.20 Genki
専制,せんせい,JLPT JLPT_2
先々月,せんせんげつ,JLPT JLPT_2
先々週,せんせんしゅう,JLPT JLPT_2
先祖,せんぞ,JLPT JLPT_2
先端,せんたん,JLPT JLPT_2
センチ,センチ,JLPT JLPT_2
先頭,せんとう,JLPT JLPT_2
全般,ぜんぱん,JLPT JLPT_2
扇風機,せんぷうき,JLPT JLPT_2
洗面,せんめん,JLPT JLPT_2
全力,ぜんりょく,JLPT JLPT_2
線路,せんろ,JLPT JLPT_2
～沿い,～そい,JLPT JLPT_2
総～,そう～,JLPT JLPT_2
～艘,～そう,JLPT JLPT_2
相違,そうい,JLPT JLPT_2 Intermediate_Japanese Intermediate_Japanese_Ln.11
そういえば,そういえば,JLPT JLPT_2
雑巾,ぞうきん,JLPT JLPT_2
増減,ぞうげん,JLPT JLPT_2
倉庫,そうこ,JLPT JLPT_2
相互,そうご,JLPT JLPT_2
創作,そうさく,JLPT JLPT_2
葬式,そうしき,JLPT JLPT_2
造船,ぞうせん,JLPT JLPT_2
騒々しい,そうぞうしい,JLPT JLPT_2
増大,ぞうだい,JLPT JLPT_2
そうっと,そうっと,JLPT JLPT_2
送別,そうべつ,JLPT JLPT_2
草履,ぞうり,JLPT JLPT_2
総理大臣,そうりだいじん,JLPT JLPT_2
送料,そうりょう,JLPT JLPT_2
～足,～そく,JLPT JLPT_2
属する,ぞくする,JLPT JLPT_2
続々,ぞくぞく,JLPT JLPT_2
速達,そくたつ,JLPT JLPT_2
測定,そくてい,JLPT JLPT_2
測量,そくりょう,JLPT JLPT_2
速力,そくりょく,JLPT JLPT_2
素質,そしつ,JLPT JLPT_2
祖先,そせん,JLPT JLPT_2 Intermediate_Japanese_Ln.8 Intermediate_Japanese
そそっかしい,そそっかしい,JLPT JLPT_2
卒直,そっちょく,JLPT JLPT_2
そのころ,そのころ,JLPT JLPT_2
そのため,そのため,JLPT JLPT_2
その他,そのほか,JLPT JLPT_2
剃る,そる,JLPT JLPT_2
それなのに,それなのに,JLPT JLPT_2
それなら,それなら,JLPT JLPT_2
それはいけませんね (かん),それはいけませんね (かん),JLPT JLPT_2
逸れる,それる,JLPT JLPT_2
算盤,そろばん,JLPT JLPT_2
存じる,ぞんじる,JLPT JLPT_2
存ずる,ぞんずる,JLPT JLPT_2
損得,そんとく,JLPT JLPT_2
田ぼ,たんぼ,JLPT JLPT_2
第～,だい～,JLPT JLPT_2
だいいち (とりわけ),だいいち (とりわけ),JLPT JLPT_2
大学院,だいがくいん,Genki_Ln.16 JLPT Intermediate_Japanese JLPT_2 Intermediate_Japanese_Ln.1 Genki
大工,だいく,JLPT JLPT_2
体系,たいけい,JLPT JLPT_2
太鼓,たいこ,JLPT JLPT_2
対策,たいさく,JLPT JLPT_2
大して,たいして,JLPT JLPT_2
大小,だいしょう,JLPT JLPT_2
体制,たいせい,JLPT JLPT_2
体積,たいせき,JLPT JLPT_2
大層,たいそう,JLPT JLPT_2
体操,たいそう,JLPT JLPT_2
大分,だいぶん,JLPT JLPT_2
大木,たいぼく,JLPT JLPT_2
代名詞,だいめいし,JLPT JLPT_2
タイア,タイア,JLPT JLPT_2
ダイヤグラム,ダイヤグラム,JLPT JLPT_2
ダイヤモンド,ダイヤモンド,JLPT JLPT_2
ダイヤル,ダイヤル,JLPT JLPT_2
対立,たいりつ,JLPT JLPT_2
田植え,たうえ,JLPT JLPT_2
絶えず,たえず,JLPT JLPT_2 Intermediate_Japanese_Ln.10 Intermediate_Japanese
楕円,だえん,JLPT JLPT_2
耕す,たがやす,JLPT JLPT_2
滝,たき,JLPT JLPT_2
蓄える,たくわえる,JLPT JLPT_2
竹,たけ,JLPT JLPT_2
ただいま,ただいま,JLPT JLPT_2
但し,ただし,JLPT JLPT_2
立ち止まる,たちどまる,JLPT JLPT_2
たちまち,たちまち,JLPT_2 JLPT Intermediate_Japanese_Ln.7 Intermediate_Japanese
発,はつ,JLPT JLPT_2
脱線,だっせん,JLPT JLPT_2
妥当,だとう,JLPT JLPT_2
例える,たとえる,JLPT JLPT_2
頼もしい,たのもしい,JLPT JLPT_2
ダブル,ダブル,JLPT_1 JLPT JLPT_2
ダム,ダム,JLPT JLPT_2
溜息,ためいき,JLPT JLPT_2
ためらう,ためらう,JLPT JLPT_2 Intermediate_Japanese_Ln.12 Intermediate_Japanese
～だらけ,～だらけ,JLPT JLPT_2
だらしない,だらしない,JLPT JLPT_2
足る,たる,JLPT JLPT_2
短～,たん～,JLPT JLPT_2
～団,～だん,JLPT JLPT_2
オーケストラ,オーケストラ,JLPT JLPT_2
おおざっぱ,おおざっぱ,JLPT JLPT_2
大通り,おおどおり,JLPT JLPT_2
オートメーション,オートメーション,JLPT JLPT_2
大凡,おおよそ,JLPT JLPT_2
お帰り,おかえり,JLPT JLPT_2
おかけください,おかけください,JLPT JLPT_2
おかげさまで,おかげさまで,JLPT JLPT_2
おかず,おかず,JLPT JLPT_2
おかまいなく,おかまいなく,JLPT JLPT_2
拝む,おがむ,JLPT JLPT_2
お代わり,おかわり,JLPT JLPT_2
補う,おぎなう,JLPT JLPT_2
お気の毒に,おきのどくに,JLPT JLPT_2
屋外,おくがい,JLPT JLPT_2
送り仮名,おくりがな,JLPT JLPT_2
お元気で,おげんきで,JLPT JLPT_2
怠る,おこたる,JLPT JLPT_2
お先に,おさきに,JLPT JLPT_2
伯父,おじ,JLPT JLPT_2
叔父,おじ,JLPT JLPT_2
惜しい,おしい,JLPT JLPT_2
伯父さん,おじさん,JLPT JLPT_2
小父さん,おじさん,JLPT JLPT_2
叔父さん,おじさん,JLPT JLPT_2
お邪魔します,おじゃまします,JLPT JLPT_2
お世話になりました,おせわになりました,JLPT JLPT_2
お大事に,おだいじに,JLPT Genki_Ln.12 Intermediate_Japanese JLPT_2 Intermediate_Japanese_Ln.12 Genki
落着く,おちつく,JLPT JLPT_2
お出掛け,おでかけ,JLPT JLPT_2
お手伝いさん,おてつだいさん,JLPT JLPT_2
脅かす,おどかす,JLPT JLPT_2
落し物,おとしもの,JLPT JLPT_2
驚かす,おどろかす,JLPT JLPT_2
お願いします,おねがいします,JLPT JLPT_2 Intermediate_Japanese_Ln.1 Intermediate_Japanese
各々,おのおの,JLPT JLPT_2
伯母,おば,JLPT JLPT_2
叔母,おば,JLPT JLPT_2
小母さん,おばさん,JLPT JLPT_2
おはよう,おはよう,JLPT JLPT_2
お参り,おまいり,JLPT JLPT_2
お待たせしました,おまたせしました,JLPT JLPT_2
お待ちください,おまちください,JLPT JLPT_2
おまちどおさま,おまちどおさま,JLPT JLPT_2
おめでたい,おめでたい,JLPT JLPT_2
思い掛けない,おもいがけない,JLPT JLPT_2
思い切り,おもいきり,JLPT JLPT_2
思い込む,おもいこむ,JLPT JLPT_2
思いっ切り,おもいっきり,JLPT JLPT_2
重たい,おもたい,JLPT JLPT_2
お休み,おやすみ,JLPT JLPT_2
おやつ,おやつ,JLPT JLPT_2
親指,おやゆび,JLPT JLPT_2
オルガン,オルガン,JLPT JLPT_2
恩恵,おんけい,JLPT JLPT_2
温室,おんしつ,JLPT JLPT_2
温泉,おんせん,JLPT Intermediate_Japanese JLPT_2 Genki_Ln.9 Intermediate_Japanese_Ln.10 Genki
温帯,おんたい,JLPT JLPT_2
御中,おんちゅう,JLPT JLPT_2
女の人,おんなのひと,Genki_Ln.7 JLPT JLPT_2 Genki
～日,～か,JLPT JLPT_2
～下,～か,JLPT JLPT_2
～化,～か,JLPT JLPT_2
～科,～か,JLPT JLPT_2
～歌,～か,JLPT JLPT_2
～画,～が,JLPT_1 JLPT JLPT_2
カーブ,カーブ,JLPT JLPT_2
外～,がい～,JLPT JLPT_2
～外,～がい,JLPT JLPT_2
開会,かいかい,JLPT JLPT_2
会館,かいかん,JLPT JLPT_2
改札,かいさつ,JLPT JLPT_2
解散,かいさん,JLPT JLPT_2
海水浴,かいすいよく,JLPT JLPT_2
回数,かいすう,JLPT JLPT_2
回数券,かいすうけん,JLPT JLPT_2
改正,かいせい,JLPT JLPT_2
快晴,かいせい,JLPT JLPT_2
解説,かいせつ,JLPT JLPT_2
改造,かいぞう,JLPT JLPT_2
開通,かいつう,JLPT JLPT_2
回転,かいてん,JLPT JLPT_2
解答,かいとう,JLPT JLPT_2
回答,かいとう,JLPT JLPT_2
外部,がいぶ,JLPT JLPT_2
解放,かいほう,JLPT JLPT_2
開放,かいほう,JLPT JLPT_2
海洋,かいよう,JLPT JLPT_2
概論,がいろん,JLPT JLPT_2
却って,かえって,JLPT JLPT_2
家屋,かおく,JLPT JLPT_2
係わる,かかわる,JLPT JLPT_2
書留,かきとめ,JLPT JLPT_2
書取,かきとり,JLPT JLPT_2
垣根,かきね,JLPT JLPT_2
限り,かぎり,JLPT JLPT_2
各～,かく～,JLPT JLPT_2
架空,かくう,JLPT JLPT_2
各自,かくじ,JLPT JLPT_2
拡充,かくじゅう,JLPT JLPT_2
学術,がくじゅつ,JLPT JLPT_2
各地,かくち,JLPT JLPT_2 Intermediate_Japanese_Ln.10 Intermediate_Japanese
拡張,かくちょう,JLPT JLPT_2
角度,かくど,JLPT JLPT_2
学年,がくねん,JLPT JLPT_2
格別,かくべつ,JLPT JLPT_2
確率,かくりつ,JLPT JLPT_2
学力,がくりょく,JLPT JLPT_2
掛け算,かけざん,JLPT JLPT_2
可決,かけつ,JLPT JLPT_2
火口,かこう,JLPT JLPT_2
下降,かこう,JLPT JLPT_2
火山,かざん,JLPT JLPT_2 Intermediate_Japanese_Ln.10 Intermediate_Japanese
かしこまりました,かしこまりました,JLPT JLPT_2 Genki_Ln.20 Genki
貸し出し,かしだし,JLPT JLPT_2
過失,かしつ,JLPT JLPT_2
果実,かじつ,JLPT JLPT_2
貸間,かしま,JLPT JLPT_2
貸家,かしや,JLPT JLPT_2
箇所,かしょ,JLPT JLPT_2
過剰,かじょう,JLPT JLPT_2
かじる,かじる,JLPT JLPT_2
課税,かぜい,JLPT JLPT_2
下線,かせん,JLPT JLPT_2
カセット,カセット,JLPT JLPT_2
加速,かそく,JLPT JLPT_2
加速度,かそくど,JLPT JLPT_2
塊,かたまり,JLPT JLPT_2
固まる,かたまる,JLPT JLPT_2
片道,かたみち,JLPT JLPT_2
傾く,かたむく,JLPT JLPT_2
片寄る,かたよる,JLPT JLPT_2
～がち,～がち,JLPT JLPT_2
学科,がっか,JLPT JLPT_2
学会,がっかい,JLPT_2 JLPT Intermediate_Japanese_Ln.15 Intermediate_Japanese
学級,がっきゅう,JLPT JLPT_2
担ぐ,かつぐ,JLPT JLPT_2
括弧,かっこ,JLPT JLPT_2
活字,かつじ,JLPT JLPT_2
勝手に,かってに,JLPT JLPT_2
活力,かつりょく,JLPT JLPT_2
仮名,かな,JLPT JLPT_2
仮名遣い,かなづかい,JLPT JLPT_2
加熱,かねつ,JLPT JLPT_2
兼ねる,かねる,JLPT JLPT_2
カバー,カバー,JLPT JLPT_2
過半数,かはんすう,JLPT JLPT_2
かび (～がはえる),かび (～がはえる),JLPT JLPT_2
被せる,かぶせる,JLPT JLPT_2
釜,かま,JLPT JLPT_2
構いません,かまいません,Intermediate_Japanese_Ln.4 JLPT JLPT_2 Intermediate_Japanese
紙屑,かみくず,JLPT JLPT_2
神様,かみさま,JLPT JLPT_2 Genki_Ln.20 Genki
剃刀,かみそり,JLPT JLPT_2
ガム,ガム,JLPT JLPT_2
貨物,かもつ,JLPT JLPT_2
カラー,カラー,JLPT JLPT_2
からかう,からかう,JLPT JLPT_2
空っぽ,からっぽ,JLPT JLPT_2
かるた,かるた,JLPT JLPT_2
枯れる,かれる,JLPT JLPT_2
カロリー,カロリー,JLPT JLPT_2
可愛がる,かわいがる,JLPT JLPT_2
為替,かわせ,JLPT JLPT_2
瓦,かわら,JLPT JLPT_2
～刊,～かん,JLPT JLPT_2
～間,～かん,JLPT JLPT_2
～巻,～かん,JLPT JLPT_2
～館,～かん,JLPT JLPT_2
～感,～かん,JLPT JLPT_2
換気,かんき,JLPT JLPT_2
感激,かんげき,JLPT JLPT_2
関西,かんさい,JLPT JLPT_2
元日,がんじつ,JLPT JLPT_2
鑑賞,かんしょう,JLPT JLPT_2
感ずる,かんずる,JLPT JLPT_2
間接,かんせつ,JLPT JLPT_2
観測,かんそく,JLPT JLPT_2
寒帯,かんたい,JLPT JLPT_2
官庁,かんちょう,JLPT JLPT_2
勘違い,かんちがい,JLPT JLPT_2
缶詰,かんづめ,JLPT JLPT_2
乾電池,かんでんち,JLPT JLPT_2
関東,かんとう,JLPT JLPT_2
観念,かんねん,JLPT JLPT_2
乾杯,かんぱい,JLPT_2 JLPT Genki_Ln.8 Genki
看板,かんばん,JLPT JLPT_2
看病,かんびょう,JLPT JLPT_2
冠,かんむり,JLPT JLPT_2
漢和,かんわ,JLPT JLPT_2
～期,～き,JLPT JLPT_2
～器,～き,JLPT JLPT_2
～機,～き,JLPT JLPT_2
気圧,きあつ,JLPT JLPT_2
着替え,きがえ,JLPT JLPT_2
着替える,きがえる,JLPT Intermediate_Japanese JLPT_2 Genki Intermediate_Japanese_Ln.10 Genki_Ln.21
機関車,きかんしゃ,JLPT JLPT_2
飢饉,ききん,JLPT JLPT_2
器具,きぐ,JLPT JLPT_2
記号,きごう,JLPT JLPT_2
刻む,きざむ,JLPT JLPT_2
儀式,ぎしき,JLPT JLPT_2
基準,きじゅん,JLPT JLPT_2
規準,きじゅん,JLPT JLPT_2
起床,きしょう,JLPT JLPT_2
着せる,きせる,JLPT JLPT_2
基礎,きそ,JLPT JLPT_2
基地,きち,JLPT JLPT_2
きっかけ,きっかけ,JLPT JLPT_2
ぎっしり,ぎっしり,JLPT JLPT_2
基盤,きばん,JLPT JLPT_2
～気味,～ぎみ,JLPT JLPT_2
客席,きゃくせき,JLPT JLPT_2
客間,きゃくま,JLPT JLPT_2
ギャング,ギャング,JLPT JLPT_2
キャンパス,キャンパス,JLPT JLPT_2
休業,きゅうぎょう,JLPT JLPT_2
休講,きゅうこう,JLPT JLPT_2
給与,きゅうよ,JLPT JLPT_2
休養,きゅうよう,JLPT JLPT_2
清い,きよい,JLPT JLPT_2
～教,～きょう,JLPT JLPT_2
～行,～ぎょう,JLPT JLPT_2
～業,～ぎょう,JLPT JLPT_2
強化,きょうか,JLPT JLPT_2
境界,きょうかい,JLPT JLPT_2
共産～,きょうさん～,JLPT JLPT_2
行事,ぎょうじ,JLPT JLPT_2
恐縮,きょうしゅく,JLPT JLPT_2
教養,きょうよう,JLPT JLPT_2
行列,ぎょうれつ,JLPT JLPT_2
漁業,ぎょぎょう,JLPT JLPT_2
曲線,きょくせん,JLPT JLPT_2
規律,きりつ,JLPT JLPT_2
斬る,きる,JLPT JLPT_2
～きる,～きる,JLPT JLPT_2
～切れ,～きれ,JLPT JLPT_2
気を付ける,きをつける,JLPT JLPT_2
金魚,きんぎょ,JLPT JLPT_2
区域,くいき,JLPT JLPT_2
空～,くう～,JLPT JLPT_2
偶数,ぐうすう,JLPT JLPT_2
空想,くうそう,JLPT JLPT_2
空中,くうちゅう,JLPT JLPT_2
クーラー,クーラー,JLPT JLPT_2
釘,くぎ,JLPT JLPT_2
区切る,くぎる,JLPT JLPT_2
櫛,くし,JLPT JLPT_2
くしゃみ,くしゃみ,JLPT JLPT_2
苦情,くじょう,JLPT JLPT_2
苦心,くしん,JLPT JLPT_2
屑,くず,JLPT JLPT_2
崩す,くずす,JLPT JLPT_2
薬指,くすりゆび,JLPT JLPT_2
崩れる,くずれる,JLPT JLPT_2
砕く,くだく,JLPT JLPT_2
砕ける,くだける,JLPT JLPT_2
くたびれる,くたびれる,JLPT JLPT_2
くだらない,くだらない,JLPT JLPT_2
～口,～くち,JLPT JLPT_2
唇,くちびる,JLPT JLPT_2
口紅,くちべに,JLPT JLPT_2
くっつく,くっつく,JLPT JLPT_2
くっつける,くっつける,JLPT JLPT_2
くどい,くどい,JLPT JLPT_2
句読点,くとうてん,JLPT JLPT_2
配る,くばる,JLPT JLPT_2
工夫,くふう,JLPT JLPT_2
区分,くぶん,JLPT JLPT_2
組合せ,くみあわせ,JLPT JLPT_2
組み立てる,くみたてる,JLPT JLPT_2
悔やむ,くやむ,JLPT JLPT_2 Intermediate_Japanese Intermediate_Japanese_Ln.11
クリーニング,クリーニング,JLPT JLPT_2
くるむ,くるむ,JLPT JLPT_2
くれぐれも,くれぐれも,JLPT JLPT_2
～家,～け,JLPT JLPT_2
～形,～けい,JLPT JLPT_2
～系,～けい,JLPT_1 JLPT JLPT_2
稽古,けいこ,JLPT JLPT_2
敬語,けいご,JLPT Intermediate_Japanese Genki_Ln.19 JLPT_2 Intermediate_Japanese_Ln.13 Genki
蛍光灯,けいこうとう,JLPT JLPT_2
形式,けいしき,JLPT JLPT_2
継続,けいぞく,JLPT JLPT_2
毛糸,けいと,JLPT JLPT_2
経度,けいど,JLPT JLPT_2
系統,けいとう,JLPT JLPT_2
芸能,げいのう,JLPT JLPT_2
競馬,けいば,JLPT JLPT_2
警備,けいび,JLPT JLPT_2
形容詞,けいようし,JLPT JLPT_2
形容動詞,けいようどうし,JLPT JLPT_2
外科,げか,JLPT JLPT_2
毛皮,けがわ,JLPT JLPT_2
激増,げきぞう,JLPT JLPT_2
下車,げしゃ,JLPT JLPT_2
下旬,げじゅん,JLPT JLPT_2
下水,げすい,JLPT JLPT_2
削る,けずる,JLPT JLPT_2
桁,けた,JLPT JLPT_2
下駄,げた,JLPT JLPT_2
血圧,けつあつ,JLPT JLPT_2
月給,げっきゅう,JLPT JLPT_2
傑作,けっさく,JLPT JLPT_2
月末,げつまつ,JLPT JLPT_2
気配,けはい,JLPT JLPT_2
下品,げひん,JLPT JLPT_2
煙い,けむい,JLPT JLPT_2
険しい,けわしい,JLPT JLPT_2
～圏,～けん,JLPT_1 JLPT JLPT_2
現～,げん～,JLPT JLPT_2
見学,けんがく,JLPT JLPT_2
謙虚,けんきょ,JLPT JLPT_2
原稿,げんこう,JLPT JLPT_2
原産,げんさん,JLPT JLPT_2
原始,げんし,JLPT JLPT_2
研修,けんしゅう,JLPT JLPT_2
厳重,げんじゅう,JLPT JLPT_2
謙遜,けんそん,JLPT JLPT_2
県庁,けんちょう,JLPT JLPT_2
限度,げんど,JLPT JLPT_2
現に,げんに,JLPT JLPT_2
顕微鏡,けんびきょう,JLPT JLPT_2
懸命,けんめい,JLPT JLPT_2
原理,げんり,JLPT JLPT_2
原料,げんりょう,JLPT JLPT_2
小～,こ～,JLPT JLPT_2
恋しい,こいしい,JLPT JLPT_2
高～,こう～,JLPT JLPT_2
～校,～こう,JLPT JLPT_2
～港,～こう,JLPT JLPT_2
～号,～ごう,JLPT JLPT_2
工員,こういん,JLPT JLPT_2
強引,ごういん,JLPT JLPT_2
公害,こうがい,JLPT JLPT_2
高級,こうきゅう,Intermediate_Japanese_Ln.6 JLPT_2 JLPT Intermediate_Japanese
公共,こうきょう,JLPT JLPT_2
工芸,こうげい,JLPT JLPT_2
孝行,こうこう,JLPT JLPT_2
交差,こうさ,JLPT JLPT_2
講師,こうし,JLPT_2 JLPT Intermediate_Japanese_Ln.15 Intermediate_Japanese
工事,こうじ,JLPT JLPT_2
公式,こうしき,JLPT JLPT_2
口実,こうじつ,JLPT JLPT_2
こうして,こうして,JLPT JLPT_2
公衆,こうしゅう,JLPT JLPT_2
香水,こうすい,JLPT JLPT_2
功績,こうせき,JLPT JLPT_2
光線,こうせん,JLPT JLPT_2
高層,こうそう,JLPT JLPT_2
構造,こうぞう,JLPT JLPT_2
交替,こうたい,JLPT JLPT_2
耕地,こうち,JLPT JLPT_2
交通機関,こうつうきかん,JLPT JLPT_2
校庭,こうてい,JLPT JLPT_2
肯定,こうてい,JLPT JLPT_2
高度,こうど,JLPT JLPT_2
高等,こうとう,JLPT JLPT_2
合同,ごうどう,JLPT JLPT_2
高等学校,こうとうがっこう,JLPT JLPT_2
公表,こうひょう,JLPT JLPT_2
鉱物,こうぶつ,JLPT JLPT_2
公務,こうむ,JLPT JLPT_2
項目,こうもく,JLPT JLPT_2
紅葉,こうよう,Intermediate_Japanese_Ln.4 JLPT JLPT_2 Intermediate_Japanese
合理,ごうり,JLPT JLPT_2
交流,こうりゅう,JLPT JLPT_2
合流,ごうりゅう,JLPT JLPT_2
効力,こうりょく,JLPT JLPT_2
コース,コース,JLPT JLPT_2
コーラス,コーラス,JLPT JLPT_2
焦がす,こがす,JLPT JLPT_2
～国,～こく,JLPT JLPT_2
国王,こくおう,JLPT JLPT_2
国立,こくりつ,JLPT JLPT_2
ご苦労様,ごくろうさま,JLPT JLPT_2
焦げる,こげる,JLPT JLPT_2
凍える,こごえる,JLPT JLPT_2
心当たり,こころあたり,JLPT JLPT_2
心得る,こころえる,JLPT JLPT_2
腰掛け,こしかけ,JLPT JLPT_2
腰掛ける,こしかける,JLPT JLPT_2
五十音,ごじゅうおん,JLPT JLPT_2
こしらえる,こしらえる,JLPT JLPT_2
擦る,こする,JLPT JLPT_2
個体,こたい,JLPT JLPT_2
ごちそうさま,ごちそうさま,JLPT JLPT_2
こちらこそ,こちらこそ,JLPT JLPT_2
小遣い,こづかい,JLPT JLPT_2
コック,コック,JLPT JLPT_2
こっそり,こっそり,JLPT JLPT_2
古典,こてん,JLPT JLPT_2
～毎,～ごと,JLPT JLPT_2
〜 (まる) ごと,〜 (まる) ごと,JLPT JLPT_2
言付ける,ことづける,JLPT JLPT_2
言葉遣い,ことばづかい,JLPT JLPT_2
こないだ,こないだ,JLPT JLPT_2
御無沙汰,ごぶさた,JLPT JLPT_2
ゴム,ゴム,JLPT JLPT_2
御免,ごめん,JLPT JLPT_2
ごめんください,ごめんください,JLPT JLPT_2
小指,こゆび,JLPT JLPT_2
堪える,こらえる,JLPT JLPT_2
娯楽,ごらく,JLPT JLPT_2
御覧,ごらん,JLPT JLPT_2
コレクション,コレクション,JLPT JLPT_2
転がす,ころがす,JLPT JLPT_2
転がる,ころがる,JLPT JLPT_2
紺,こん,JLPT JLPT_2 Intermediate_Japanese_Ln.9 Intermediate_Japanese
今～,こん～,JLPT JLPT_2
コンクール,コンクール,JLPT JLPT_2
コンクリート,コンクリート,JLPT JLPT_2
混合,こんごう,JLPT JLPT_2
コンセント,コンセント,JLPT JLPT_2
献立,こんだて,JLPT JLPT_2
こんばんは,こんばんは,JLPT JLPT_2
サークル,サークル,JLPT JLPT_2
再～,さい～,JLPT JLPT_2
最～,さい～,JLPT JLPT_2
在学,ざいがく,JLPT JLPT_2
再三,さいさん,JLPT JLPT_2
祭日,さいじつ,JLPT JLPT_2
催促,さいそく,JLPT JLPT_2
採点,さいてん,JLPT JLPT_2
災難,さいなん,JLPT JLPT_2
裁縫,さいほう,JLPT JLPT_2
材木,ざいもく,JLPT JLPT_2
サイレン,サイレン,JLPT JLPT_2
逆さ,さかさ,JLPT JLPT_2
逆様,さかさま,JLPT JLPT_2
捜す,さがす,JLPT JLPT_2
遡る,さかのぼる,JLPT JLPT_2
酒場,さかば,JLPT JLPT_2
一昨昨日,さきおととい,JLPT JLPT_2
先程,さきほど,JLPT JLPT_2
索引,さくいん,JLPT JLPT_2
作者,さくしゃ,JLPT JLPT_2
削除,さくじょ,JLPT JLPT_2
作成,さくせい,JLPT JLPT_2
作製,さくせい,JLPT JLPT_2
探る,さぐる,JLPT JLPT_2
囁く,ささやく,JLPT JLPT_2
匙,さじ,JLPT JLPT_2
座敷,ざしき,JLPT JLPT_2
差し支え,さしつかえ,JLPT JLPT_2
差し引き,さしひき,JLPT_1 JLPT JLPT_2
刺身,さしみ,JLPT JLPT_2
(かさを～) さす,(かさを～) さす,JLPT JLPT_2 MediaMissing
流石,さすが,JLPT JLPT_2
撮影,さつえい,JLPT JLPT_2
雑音,ざつおん,JLPT JLPT_2
さっさと,さっさと,JLPT JLPT_2
早速,さっそく,JLPT JLPT_2
錆,さび,JLPT JLPT_2
錆びる,さびる,JLPT JLPT_2
座布団,ざぶとん,JLPT JLPT_2
妨げる,さまたげる,JLPT JLPT_2
さようなら,さようなら,JLPT JLPT_2
サラリーマン,サラリーマン,Genki_Ln.17 JLPT JLPT_2 Genki
騒がしい,さわがしい,JLPT JLPT_2
さわやか,さわやか,JLPT JLPT_2
～山,～さん,JLPT JLPT_2
～産,～さん,JLPT JLPT_2
三角,さんかく,JLPT JLPT_2
算数,さんすう,JLPT JLPT_2
産地,さんち,JLPT JLPT_2
サンプル,サンプル,JLPT JLPT_2
山林,さんりん,JLPT JLPT_2
～史,～し,JLPT JLPT_2
～紙,～し,JLPT JLPT_2
～寺,～じ,JLPT JLPT_2
仕上がる,しあがる,JLPT JLPT_2
明明後日,しあさって,JLPT JLPT_2
シーズン,シーズン,JLPT JLPT_2
シーツ,シーツ,JLPT JLPT_2
寺院,じいん,JLPT JLPT_2
しいんと (する),しいんと (する),JLPT JLPT_2
自衛,じえい,JLPT JLPT_2
塩辛い,しおからい,JLPT JLPT_2
司会,しかい,JLPT JLPT_2
四角い,しかくい,JLPT JLPT_2
仕方がない,しかたがない,JLPT JLPT_2
～時間目,～じかんめ,JLPT JLPT_2
時間割,じかんわり,JLPT JLPT_2
〜(日本) 式,～(にほん) しき,JLPT JLPT_2 MediaMissing
敷地,しきち,JLPT JLPT_2
敷く,しく,JLPT JLPT_2
茂る,しげる,JLPT JLPT_2
持参,じさん,JLPT JLPT_2
磁石,じしゃく,JLPT JLPT_2
四捨五入,ししゃごにゅう,JLPT JLPT_2
始終,しじゅう,JLPT JLPT_2
自習,じしゅう,JLPT JLPT_2 Intermediate_Japanese_Ln.13 Intermediate_Japanese
静まる,しずまる,JLPT JLPT_2
姿勢,しせい,JLPT JLPT_2
自然科学,しぜんかがく,JLPT JLPT_2
時速,じそく,JLPT JLPT_2
子孫,しそん,JLPT JLPT_2
死体,したい,JLPT JLPT_2
下書き,したがき,JLPT JLPT_2
自宅,じたく,Intermediate_Japanese_Ln.5 JLPT JLPT_2 Intermediate_Japanese
下町,したまち,JLPT JLPT_2
自治,じち,JLPT JLPT_2
室～,しつ～,JLPT JLPT_2
～室,～しつ,JLPT JLPT_2
～日,～じつ,JLPT JLPT_2
実感,じっかん,JLPT JLPT_2
湿気,しっき,JLPT JLPT_2
しつこい,しつこい,JLPT JLPT_2
実習,じっしゅう,JLPT JLPT_2
実績,じっせき,JLPT JLPT_2
執筆,しっぴつ,JLPT JLPT_2
実物,じつぶつ,Intermediate_Japanese_Ln.6 JLPT_2 JLPT Intermediate_Japanese
しっぽ,しっぽ,JLPT JLPT_2
実用,じつよう,JLPT JLPT_2
しつれいしました (かん),しつれいしました (かん),JLPT JLPT_2
実例,じつれい,JLPT JLPT_2
失恋,しつれん,JLPT JLPT_2
指定,してい,JLPT JLPT_2
私鉄,してつ,JLPT JLPT_2
縛る,しばる,JLPT JLPT_2
地盤,じばん,JLPT JLPT_2
しびれる,しびれる,JLPT JLPT_2
紙幣,しへい,JLPT JLPT_2
しぼむ,しぼむ,JLPT JLPT_2
絞る,しぼる,JLPT JLPT_2
縞,しま,JLPT JLPT_2
～おしまい (おわり),～おしまい (おわり),JLPT JLPT_2
しみじみ,しみじみ,JLPT JLPT_2
氏名,しめい,JLPT JLPT_2
締切,しめきり,JLPT JLPT_2 Intermediate_Japanese Intermediate_Japanese_Ln.3
締め切る,しめきる,JLPT JLPT_2
しめた (かん),しめた (かん),JLPT JLPT_2
地面,じめん,JLPT JLPT_2
～車,～しゃ,JLPT JLPT_2
～者,～しゃ,JLPT JLPT_2
～社,～しゃ,JLPT JLPT_2
ジャーナリスト,ジャーナリスト,JLPT JLPT_2
社会科学,しゃかいかがく,JLPT JLPT_2
しゃがむ,しゃがむ,JLPT JLPT_2
蛇口,じゃぐち,JLPT JLPT_2
弱点,じゃくてん,JLPT JLPT_2
車庫,しゃこ,JLPT JLPT_2
車掌,しゃしょう,JLPT JLPT_2
写生,しゃせい,JLPT JLPT_2
社説,しゃせつ,JLPT JLPT_2
しゃっくり,しゃっくり,JLPT JLPT_2
シャッター,シャッター,JLPT JLPT_2
しゃぶる,しゃぶる,JLPT JLPT_2
車輪,しゃりん,JLPT JLPT_2
洒落,しゃれ,JLPT JLPT_2
じゃんけん,じゃんけん,JLPT JLPT_2
～手,～しゅ,JLPT JLPT_2
～酒,～しゅ,JLPT JLPT_2
～集,～しゅう,JLPT JLPT_2
重～,じゅう～,JLPT JLPT_2
集会,しゅうかい,JLPT JLPT_2
集金,しゅうきん,JLPT JLPT_2
集合,しゅうごう,JLPT JLPT_2
習字,しゅうじ,JLPT JLPT_2
修繕,しゅうぜん,JLPT JLPT_2
じゅうたん (カーペット),じゅうたん (カーペット),JLPT JLPT_2
終点,しゅうてん,JLPT JLPT_2
重点,じゅうてん,JLPT JLPT_2
リズム,リズム,JLPT JLPT_2
リットル,リットル,JLPT JLPT_2
リボン,リボン,JLPT JLPT_2
略す,りゃくす,JLPT JLPT_2
～流,～りゅう,JLPT JLPT_2
流域,りゅういき,JLPT JLPT_2
両～,りょう～,JLPT JLPT_2
～料,～りょう,JLPT JLPT_2
～領,～りょう,JLPT JLPT_2
両側,りょうがわ,JLPT JLPT_2
漁師,りょうし,JLPT JLPT_2
領事,りょうじ,JLPT JLPT_2
領収,りょうしゅう,JLPT JLPT_2
～力,～りょく,JLPT JLPT_2
臨時,りんじ,JLPT JLPT_2
留守番,るすばん,JLPT JLPT_2 Genki_Ln.23 Genki
零点,れいてん,JLPT JLPT_2
冷凍,れいとう,JLPT JLPT_2
レインコート,レインコート,JLPT JLPT_2
レクリェーション,レクリェーション,JLPT JLPT_2
レジャー,レジャー,JLPT JLPT_2
列島,れっとう,JLPT JLPT_2
リポート,リポート,JLPT JLPT_2
煉瓦,れんが,JLPT JLPT_2
連合,れんごう,JLPT JLPT_2
レンズ,レンズ,JLPT JLPT_2
ろうそく,ろうそく,JLPT_2 JLPT Genki_Ln.18 Genki
ローマ字,ローマじ,JLPT_2 JLPT Intermediate_Japanese_Ln.15 Intermediate_Japanese
録音,ろくおん,JLPT JLPT_2
ロッカー,ロッカー,JLPT JLPT_2
ロビー,ロビー,JLPT JLPT_2
～論,～ろん,JLPT JLPT_2
論ずる,ろんずる,JLPT JLPT_2
和～,わ～,JLPT JLPT_2
～羽,～わ,JLPT JLPT_2
和英,わえい,JLPT JLPT_2
我～,わが～,JLPT JLPT_2
若々しい,わかわかしい,JLPT JLPT_2
詫びる,わびる,JLPT JLPT_2
和服,わふく,JLPT JLPT_2
割合に,わりあいに,JLPT JLPT_2
割算,わりざん,JLPT JLPT_2
割と,わりと,JLPT JLPT_2
割引,わりびき,JLPT JLPT_2
ワンピース,ワンピース,JLPT JLPT_2
アイデア; アイディア,アイデア; アイディア,JLPT JLPT_2
あいまい,あいまい,JLPT JLPT_2
扇ぐ,あおぐ,JLPT JLPT_2
青白い,あおじろい,JLPT JLPT_2
呆れる,あきれる,JLPT JLPT_2
アクセント,アクセント,JLPT JLPT_2
あくび,あくび,JLPT JLPT_2
飽くまで,あくまで,JLPT JLPT_2
明くる～,あくる～,JLPT JLPT_2
明け方,あけがた,JLPT JLPT_2
憧れる,あこがれる,JLPT JLPT_2
朝寝坊,あさねぼう,JLPT JLPT_2
足跡,あしあと,JLPT JLPT_2
足元,あしもと,JLPT JLPT_2
味わう,あじわう,JLPT JLPT_2
あちらこちら,あちらこちら,JLPT JLPT_2
厚かましい,あつかましい,JLPT JLPT_2
圧縮,あっしゅく,JLPT JLPT_2
宛名,あてな,JLPT JLPT_2
当てはまる,あてはまる,JLPT JLPT_2
当てはめる,あてはめる,JLPT JLPT_2
暴れる,あばれる,JLPT JLPT_2
あぶる,あぶる,JLPT JLPT_2
あふれる,あふれる,JLPT JLPT_2
雨戸,あまど,JLPT JLPT_2
甘やかす,あまやかす,JLPT JLPT_2
余る,あまる,JLPT JLPT_2
編み物,あみもの,JLPT JLPT_2
編む,あむ,Genki Genki_Ln.13 JLPT JLPT_2
危うい,あやうい,JLPT JLPT_2
怪しい,あやしい,JLPT JLPT_2
荒い,あらい,JLPT JLPT_2
粗い,あらい,JLPT JLPT_2
粗筋,あらすじ,JLPT JLPT_2
改めて,あらためて,JLPT JLPT_2
改める,あらためる,JLPT JLPT_2
有難い,ありがたい,JLPT JLPT_2
あれこれ,あれこれ,JLPT JLPT_2
荒れる,あれる,JLPT JLPT_2
慌ただしい,あわただしい,JLPT JLPT_2
安易,あんい,JLPT JLPT_2
アンテナ,アンテナ,JLPT JLPT_2
～位,～い,JLPT JLPT_2
言い出す,いいだす,JLPT JLPT_2
言い付ける,いいつける,JLPT JLPT_2
意義,いぎ,JLPT JLPT_2
生き生き,いきいき,JLPT JLPT_2
いきなり,いきなり,Intermediate_Japanese Intermediate_Japanese_Ln.13 JLPT JLPT_2
幾～,いく～,JLPT JLPT_2
育児,いくじ,Intermediate_Japanese Intermediate_Japanese_Ln.14 JLPT JLPT_2
幾分,いくぶん,JLPT JLPT_2
生け花,いけばな,JLPT JLPT_2
以後,いご,JLPT JLPT_2 Intermediate_Japanese_Ln.8 Intermediate_Japanese
以降,いこう,JLPT JLPT_2
イコール,イコール,JLPT JLPT_2
勇ましい,いさましい,JLPT JLPT_2
衣食住,いしょくじゅう,JLPT JLPT_2
～いち (にほんいち),～いち (にほんいち),JLPT JLPT_2
いちいち,いちいち,JLPT JLPT_2
一応,いちおう,JLPT JLPT_2
一段と,いちだんと,JLPT_2 JLPT Intermediate_Japanese_Ln.15 Intermediate_Japanese
一流,いちりゅう,JLPT JLPT_2
一昨日,いっさくじつ,JLPT JLPT_2
一昨年,いっさくねん,JLPT JLPT_2
一斉,いっせい,JLPT JLPT_2
一旦,いったん,JLPT JLPT_2
一定,いってい,JLPT JLPT_2
行っていらっしゃい,いっていらっしゃい,JLPT JLPT_2
行ってらっしゃい,いってらっしゃい,JLPT JLPT_2
いってまいります,いってまいります,JLPT JLPT_2
いってきます,いってきます,JLPT JLPT_2
移転,いてん,JLPT JLPT_2
井戸,いど,JLPT JLPT_2
緯度,いど,JLPT JLPT_2
威張る,いばる,JLPT JLPT_2
嫌がる,いやがる,JLPT JLPT_2
いよいよ,いよいよ,JLPT JLPT_2
煎る,いる,JLPT JLPT_2
炒る,いる,JLPT JLPT_2
入れ物,いれもの,JLPT JLPT_2
インキ,インキ,JLPT JLPT_2
引力,いんりょく,JLPT JLPT_2
ウーマン,ウーマン,JLPT JLPT_2
ウール,ウール,JLPT JLPT_2
ウエートレス,ウエートレス,JLPT JLPT_2
植木,うえき,JLPT JLPT_2
飢える,うえる,JLPT JLPT_2
浮ぶ,うかぶ,JLPT JLPT_2
浮かべる,うかべる,JLPT JLPT_2
浮く,うく,JLPT JLPT_2
承る,うけたまわる,JLPT JLPT_2
受取,うけとり,JLPT JLPT_2
受け持つ,うけもつ,JLPT JLPT_2
薄暗い,うすぐらい,JLPT JLPT_2
薄める,うすめる,JLPT JLPT_2
打合せ,うちあわせ,JLPT JLPT_2
打ち消す,うちけす,JLPT JLPT_2
うどん,うどん,Intermediate_Japanese_Ln.6 JLPT_2 JLPT Intermediate_Japanese
うなずく,うなずく,JLPT JLPT_2
敬う,うやまう,JLPT JLPT_2
裏返す,うらがえす,JLPT JLPT_2
裏口,うらぐち,JLPT JLPT_2
占う,うらなう,JLPT JLPT_2
恨み,うらみ,JLPT JLPT_2
恨む,うらむ,JLPT JLPT_2
羨む,うらやむ,JLPT JLPT_2
売上,うりあげ,JLPT JLPT_2
売り切れ,うりきれ,JLPT JLPT_2
売り切れる,うりきれる,JLPT JLPT_2
売行き,うれゆき,JLPT JLPT_2
うろうろ,うろうろ,JLPT JLPT_2
上～,うわ～,JLPT JLPT_2
運河,うんが,JLPT JLPT_2
うんと,うんと,JLPT JLPT_2
英文,えいぶん,JLPT JLPT_2
英和,えいわ,JLPT JLPT_2
ええと,ええと,JLPT JLPT_2
液体,えきたい,JLPT JLPT_2
エチケット,エチケット,JLPT JLPT_2
絵の具,えのぐ,JLPT JLPT_2
エプロン,エプロン,JLPT JLPT_2
偉い,えらい,JLPT JLPT_2
～園,～えん,JLPT JLPT_2
宴会,えんかい,JLPT JLPT_2
園芸,えんげい,JLPT JLPT_2
演劇,えんげき,JLPT JLPT_2
円周,えんしゅう,JLPT JLPT_2
遠足,えんそく,JLPT JLPT_2
延長,えんちょう,JLPT JLPT_2
煙突,えんとつ,JLPT JLPT_2
御～,おん～,JLPT JLPT_2
追いかける,おいかける,JLPT JLPT_2
追い越す,おいこす,JLPT JLPT_2
オイル,オイル,JLPT JLPT_2
王女,おうじょ,JLPT JLPT_2
応ずる,おうずる,JLPT JLPT_2
応接,おうせつ,JLPT JLPT_2
応対,おうたい,JLPT JLPT_2
往復,おうふく,JLPT JLPT_2
欧米,おうべい,JLPT_2 JLPT Intermediate_Japanese_Ln.7 Intermediate_Japanese
応用,おうよう,JLPT JLPT_2
電波,でんぱ,JLPT JLPT_2
テンポ,テンポ,JLPT JLPT_2
電流,でんりゅう,JLPT JLPT_2
電力,でんりょく,JLPT JLPT_2
問い合わせ,といあわせ,JLPT JLPT_2
～頭,～とう,JLPT JLPT_2
～等,～とう,JLPT JLPT_2
～島,～とう,JLPT JLPT_2
銅,どう,JLPT JLPT_2
同～,どう～,JLPT JLPT_2
～道,～どう,JLPT JLPT_2
どういたしまして (かん),どういたしまして (かん),JLPT JLPT_2
統一,とういつ,JLPT JLPT_2
同格,どうかく,JLPT JLPT_2
峠,とうげ,JLPT JLPT_2
統計,とうけい,JLPT JLPT_2
動作,どうさ,JLPT JLPT_2
東西,とうざい,JLPT JLPT_2
当日,とうじつ,JLPT JLPT_2
投書,とうしょ,JLPT_2 JLPT Intermediate_Japanese_Ln.15 Intermediate_Japanese
登場,とうじょう,JLPT JLPT_2
どうせ,どうせ,JLPT JLPT_2
灯台,とうだい,JLPT JLPT_2
盗難,とうなん,JLPT JLPT_2
当番,とうばん,JLPT JLPT_2
等分,とうぶん,JLPT JLPT_2
透明,とうめい,JLPT JLPT_2
灯油,とうゆ,JLPT JLPT_2
童話,どうわ,JLPT JLPT_2
～通り,～とおり,JLPT JLPT_2
通り掛かる,とおりかかる,JLPT JLPT_2
溶かす,とかす,JLPT JLPT_2
尖る,とがる,JLPT JLPT_2
どきどき,どきどき,JLPT JLPT_2
特殊,とくしゅ,JLPT JLPT_2
特色,とくしょく,JLPT JLPT_2
特定,とくてい,JLPT JLPT_2
特売,とくばい,JLPT JLPT_2
溶け込む,とけこむ,JLPT JLPT_2 Intermediate_Japanese Intermediate_Japanese_Ln.11
退ける,どける,JLPT JLPT_2
床の間,とこのま,JLPT JLPT_2
～ところ,～ところ,JLPT JLPT_2
所々,ところどころ,JLPT JLPT_2
都心,としん,JLPT JLPT_2
戸棚,とだな,JLPT JLPT_2
とっくに,とっくに,JLPT JLPT_2
どっと,どっと,JLPT JLPT_2
整う,ととのう,JLPT JLPT_2
留まる,とどまる,JLPT JLPT_2
怒鳴る,どなる,JLPT JLPT_2
殿,どの,JLPT JLPT_2
飛び込む,とびこむ,JLPT JLPT_2
留まる,とまる,JLPT JLPT_2
ともかく,ともかく,JLPT JLPT_2
捕える,とらえる,JLPT JLPT_2
取り入れる,とりいれる,JLPT JLPT_2
取り消す,とりけす,JLPT JLPT_2
取り出す,とりだす,JLPT JLPT_2
採る,とる,JLPT JLPT_2
捕る,とる,JLPT JLPT_2
丼,どんぶり,JLPT JLPT_2
～内,～ない,JLPT JLPT_2
内科,ないか,JLPT JLPT_2
内線,ないせん,JLPT JLPT_2
ナイロン,ナイロン,JLPT JLPT_2
長～,なが～,JLPT JLPT_2
仲直り,なかなおり,JLPT JLPT_2
長引く,ながびく,JLPT JLPT_2
中指,なかゆび,JLPT JLPT_2
仲良し,なかよし,JLPT JLPT_2
慰める,なぐさめる,JLPT JLPT_2
為す,なす,JLPT JLPT_2
謎謎,なぞなぞ,JLPT JLPT_2
傾らか,なだらか,JLPT JLPT_2
懐かしい,なつかしい,JLPT JLPT_2
撫でる,なでる,JLPT JLPT_2
斜め,ななめ,JLPT JLPT_2
なにしろ,なにしろ,JLPT JLPT_2
何々,なになに,JLPT JLPT_2
何分,なにぶん,JLPT JLPT_2
生意気,なまいき,JLPT JLPT_2
並木,なみき,JLPT JLPT_2
倣う,ならう,JLPT JLPT_2
南極,なんきょく,JLPT JLPT_2
なんとなく,なんとなく,JLPT JLPT_2
なんとも,なんとも,JLPT JLPT_2
ナンバー,ナンバー,JLPT JLPT_2
南米,なんべい,JLPT_2 JLPT Intermediate_Japanese_Ln.15 Intermediate_Japanese
南北,なんぼく,JLPT JLPT_2
匂う,におう,JLPT JLPT_2
逃がす,にがす,JLPT JLPT_2
憎い,にくい,JLPT JLPT_2
～難い,～がたい,JLPT_1 JLPT JLPT_2
憎む,にくむ,JLPT JLPT_2
憎らしい,にくらしい,JLPT JLPT_2
にこにこ,にこにこ,JLPT JLPT_2
濁る,にごる,JLPT JLPT_2
虹,にじ,JLPT JLPT_2
日時,にちじ,JLPT JLPT_2
日用品,にちようひん,JLPT JLPT_2
日課,にっか,JLPT JLPT_2
日程,にってい,JLPT JLPT_2
鈍い,にぶい,JLPT JLPT_2
入社,にゅうしゃ,JLPT JLPT_2
女房,にょうぼう,JLPT JLPT_2
睨む,にらむ,JLPT JLPT_2
俄,にわか,JLPT JLPT_2
縫う,ぬう,JLPT JLPT_2
ねじ,ねじ,JLPT JLPT_2
捩る,ねじる,JLPT JLPT_2
ネックレス,ネックレス,JLPT JLPT_2
熱する,ねっする,JLPT JLPT_2
寝間着,ねまき,JLPT JLPT_2
寝巻,ねまき,JLPT JLPT_2
狙い,ねらい,JLPT JLPT_2
狙う,ねらう,JLPT JLPT_2
～年生,～ねんせい,JLPT JLPT_2
年度,ねんど,JLPT JLPT_2
農産物,のうさんぶつ,JLPT JLPT_2
農村,のうそん,JLPT JLPT_2
濃度,のうど,JLPT JLPT_2
農薬,のうやく,JLPT JLPT_2
能率,のうりつ,JLPT JLPT_2
のこぎり,のこぎり,JLPT JLPT_2
残らず,のこらず,JLPT JLPT_2
上り,のぼり,JLPT JLPT_2
糊,のり,JLPT JLPT_2
乗換,のりかえ,JLPT JLPT_2
乗り越し,のりこし,JLPT JLPT_2
鈍い,のろい,JLPT JLPT_2
のろのろ,のろのろ,JLPT JLPT_2
呑気,のんき,JLPT JLPT_2
はい (かん),はい (かん),JLPT JLPT_2
灰色,はいいろ,JLPT JLPT_2
俳句,はいく,JLPT JLPT_2
売店,ばいてん,JLPT JLPT_2
バイバイ,バイバイ,JLPT JLPT_2
売買,ばいばい,JLPT JLPT_2
這う,はう,JLPT JLPT_2
剥す,はがす,JLPT JLPT_2
ばからしい,ばからしい,JLPT JLPT_2
秤,はかり,JLPT JLPT_2
吐き気,はきけ,JLPT JLPT_2
はきはき,はきはき,JLPT JLPT_2
～泊,～はく,JLPT JLPT_2
歯車,はぐるま,JLPT JLPT_2
バケツ,バケツ,JLPT JLPT_2
挟まる,はさまる,JLPT JLPT_2
挟む,はさむ,JLPT JLPT_2
梯子,はしご,JLPT JLPT_2
始めに,はじめに,JLPT JLPT_2
初めに,はじめに,JLPT JLPT_2
はじめまして,はじめまして,JLPT JLPT_2
斜,はす,JLPT JLPT_2
パターン,パターン,JLPT JLPT_2
肌着,はだぎ,JLPT JLPT_2
果して,はたして,JLPT JLPT_2
鉢,はち,JLPT JLPT_2
～発,～はつ,JLPT JLPT_2
×,ばつ,JLPT JLPT_2
発揮,はっき,JLPT JLPT_2
バック,バック,JLPT JLPT_2
発想,はっそう,JLPT_2 JLPT Intermediate_Japanese_Ln.15 Intermediate_Japanese
発電,はつでん,JLPT JLPT_2
発売,はつばい,JLPT JLPT_2
話合い,はなしあい,JLPT JLPT_2
話し掛ける,はなしかける,JLPT JLPT_2
話中,はなしちゅう,JLPT JLPT_2
甚だしい,はなはだしい,JLPT JLPT_2
花火,はなび,JLPT JLPT_2
花嫁,はなよめ,JLPT JLPT_2
ばね,ばね,JLPT JLPT_2
跳ねる,はねる,JLPT JLPT_2
破片,はへん,JLPT JLPT_2
歯磨き,はみがき,JLPT JLPT_2
はめる,はめる,JLPT JLPT_2
早口,はやくち,JLPT JLPT_2
払い込む,はらいこむ,JLPT JLPT_2
払い戻す,はらいもどす,JLPT JLPT_2
針金,はりがね,JLPT JLPT_2
張り切る,はりきる,JLPT JLPT_2
反～,はん～,JLPT JLPT_2
反映,はんえい,JLPT JLPT_2
半径,はんけい,JLPT JLPT_2
判子,はんこ,JLPT JLPT_2
万歳,ばんざい,JLPT JLPT_2
判事,はんじ,JLPT JLPT_2
番地,ばんち,JLPT JLPT_2
パンツ,パンツ,JLPT_2 JLPT Genki_Ln.10 Genki
バンド,バンド,JLPT JLPT_2
半島,はんとう,JLPT JLPT_2
ハンドル,ハンドル,JLPT JLPT_2
～番目,～ばんめ,JLPT JLPT_2
非～,ひ～,JLPT_1 JLPT JLPT_2
～費,～ひ,JLPT JLPT_2
日当たり,ひあたり,JLPT JLPT_2
日帰り,ひがえり,JLPT JLPT_2
比較的,ひかくてき,Intermediate_Japanese_Ln.5 JLPT JLPT_2 Intermediate_Japanese
日陰,ひかげ,JLPT JLPT_2
ぴかぴか,ぴかぴか,JLPT JLPT_2
引受る,ひきうける,JLPT JLPT_2
引き返す,ひきかえす,JLPT JLPT_2
引算,ひきざん,JLPT JLPT_2
引き出す,ひきだす,JLPT JLPT_2
引き止める,ひきとめる,JLPT JLPT_2
卑怯,ひきょう,JLPT JLPT_2
引分け,ひきわけ,JLPT JLPT_2
陽射,ひざし,JLPT JLPT_2
肘,ひじ,JLPT JLPT_2
ピストル,ピストル,JLPT JLPT_2
ビタミン,ビタミン,JLPT JLPT_2
ぴたり,ぴたり,JLPT JLPT_2
引っ掛かる,ひっかかる,JLPT JLPT_2
筆記,ひっき,JLPT JLPT_2
引っ繰り返す,ひっくりかえす,JLPT JLPT_2
引っ繰り返る,ひっくりかえる,JLPT JLPT_2
引っ込む,ひっこむ,JLPT JLPT_2
筆者,ひっしゃ,JLPT JLPT_2
必需品,ひつじゅひん,JLPT JLPT_2
一～,ひと～,JLPT JLPT_2
人差指,ひとさしゆび,JLPT JLPT_2
一通り,ひととおり,JLPT JLPT_2
人通り,ひとどおり,JLPT JLPT_2
ひとまず,ひとまず,JLPT JLPT_2
瞳,ひとみ,JLPT JLPT_2
一休み,ひとやすみ,JLPT JLPT_2
独り言,ひとりごと,JLPT JLPT_2
ひとりでに,ひとりでに,JLPT JLPT_2
ビニール,ビニール,JLPT JLPT_2
皮肉,ひにく,JLPT JLPT_2
日日,ひにち,JLPT JLPT_2
捻る,ひねる,JLPT JLPT_2
日の入り,ひのいり,JLPT JLPT_2
日の出,ひので,JLPT JLPT_2
響き,ひびき,JLPT JLPT_2
響く,ひびく,JLPT JLPT_2
皮膚,ひふ,JLPT JLPT_2
ひゃっかじてん,ひゃっかじてん,JLPT JLPT_2
美容,びよう,JLPT JLPT_2
～病,～びょう,JLPT JLPT_2
表紙,ひょうし,JLPT JLPT_2
標識,ひょうしき,JLPT JLPT_2
標準,ひょうじゅん,JLPT JLPT_2
標本,ひょうほん,JLPT JLPT_2
評論,ひょうろん,JLPT JLPT_2
ビルディング,ビルディング,JLPT JLPT_2
昼寝,ひるね,JLPT JLPT_2
広さ,ひろさ,JLPT JLPT_2
広場,ひろば,JLPT JLPT_2
広々,ひろびろ,JLPT JLPT_2
ピンク,ピンク,JLPT JLPT_2
便箋,びんせん,JLPT JLPT_2
瓶詰,びんづめ,JLPT JLPT_2
～部,～ぶ,JLPT JLPT_2
ファスナー,ファスナー,JLPT JLPT_2
～風,～ふう,JLPT JLPT_2
風船,ふうせん,JLPT JLPT_2
不運,ふうん,JLPT JLPT_2
不規則,ふきそく,JLPT JLPT_2
普及,ふきゅう,JLPT JLPT_2
付近,ふきん,JLPT JLPT_2
副～,ふく～,JLPT JLPT_2
副詞,ふくし,JLPT JLPT_2
複写,ふくしゃ,JLPT JLPT_2
複数,ふくすう,JLPT JLPT_2
膨らます,ふくらます,JLPT JLPT_2
膨らむ,ふくらむ,JLPT JLPT_2
不潔,ふけつ,JLPT JLPT_2
更ける,ふける,JLPT JLPT_2
符号,ふごう,JLPT JLPT_2
夫妻,ふさい,JLPT JLPT_2
塞がる,ふさがる,JLPT JLPT_2
塞ぐ,ふさぐ,JLPT JLPT_2
ふざける,ふざける,JLPT JLPT_2
無沙汰,ぶさた,JLPT JLPT_2
武士,ぶし,JLPT JLPT_2
部首,ぶしゅ,JLPT JLPT_2
襖,ふすま,JLPT JLPT_2
附属,ふぞく,JLPT JLPT_2
蓋,ふた,JLPT JLPT_2
物騒,ぶっそう,JLPT JLPT_2
ぶつぶつ,ぶつぶつ,JLPT JLPT_2
船便,ふなびん,JLPT JLPT_2
部品,ぶひん,JLPT JLPT_2
吹雪,ふぶき,JLPT JLPT_2
父母,ふぼ,JLPT JLPT_2
踏切,ふみきり,JLPT JLPT_2
麓,ふもと,JLPT JLPT_2
フライパン,フライパン,JLPT JLPT_2
ブラウス,ブラウス,JLPT JLPT_2
ぶらさげる,ぶらさげる,JLPT JLPT_2
ブラシ,ブラシ,JLPT JLPT_2
プラットホーム,プラットホーム,JLPT JLPT_2
～振り,～ぶり,JLPT JLPT_2
フリー,フリー,JLPT JLPT_2
振り仮名,ふりがな,JLPT JLPT_2
振り向く,ふりむく,JLPT JLPT_2
プリント,プリント,JLPT JLPT_2
古～,ふる～,JLPT JLPT_2
故郷,ふるさと,JLPT JLPT_2
古里,ふるさと,JLPT JLPT_2
振舞う,ふるまう,JLPT JLPT_2
ブローチ,ブローチ,JLPT JLPT_2
プログラム,プログラム,JLPT JLPT_2
風呂敷,ふろしき,JLPT JLPT_2
ふわふわ,ふわふわ,JLPT JLPT_2
噴火,ふんか,JLPT JLPT_2
分解,ぶんかい,JLPT JLPT_2
文芸,ぶんげい,JLPT JLPT_2
文献,ぶんけん,JLPT JLPT_2
噴水,ふんすい,JLPT JLPT_2
分数,ぶんすう,JLPT JLPT_2
文体,ぶんたい,JLPT JLPT_2
分布,ぶんぷ,JLPT JLPT_2
文房具,ぶんぼうぐ,JLPT JLPT_2
文脈,ぶんみゃく,JLPT JLPT_2
分量,ぶんりょう,JLPT JLPT_2
分類,ぶんるい,JLPT JLPT_2
閉会,へいかい,JLPT JLPT_2
平気,へいき,JLPT JLPT_2
並行,へいこう,JLPT_1 JLPT JLPT_2
平日,へいじつ,JLPT JLPT_2
兵隊,へいたい,JLPT JLPT_2
平凡,へいぼん,JLPT JLPT_2
平野,へいや,JLPT JLPT_2
凹む,へこむ,JLPT JLPT_2
へそ,へそ,JLPT JLPT_2
隔てる,へだてる,JLPT JLPT_2
別荘,べっそう,JLPT Intermediate_Japanese Genki_Ln.23 JLPT_2 Intermediate_Japanese_Ln.13 Genki
別々,べつべつ,JLPT JLPT_2
ベテラン,ベテラン,JLPT JLPT_2
ヘリコプター,ヘリコプター,JLPT JLPT_2
～遍,～へん,JLPT JLPT_2
～弁,～べん,JLPT JLPT_2
編集,へんしゅう,JLPT JLPT_2 Intermediate_Japanese_Ln.8 Intermediate_Japanese
便所,べんじょ,JLPT JLPT_2
ペンチ,ペンチ,JLPT JLPT_2
～歩,～ほ,JLPT JLPT_2
～ぽい,～ぽい,JLPT JLPT_2
～ほう (ひかく),～ほう (ひかく),JLPT JLPT_2
防～,ぼう～,JLPT JLPT_2
望遠鏡,ぼうえんきょう,JLPT JLPT_2
方角,ほうがく,JLPT JLPT_2
箒,ほうき,JLPT JLPT_2
方言,ほうげん,JLPT JLPT_2
坊さん,ぼうさん,JLPT JLPT_2
防止,ぼうし,JLPT JLPT_2
方針,ほうしん,JLPT JLPT_2
法則,ほうそく,JLPT JLPT_2
包帯,ほうたい,JLPT JLPT_2
膨大,ぼうだい,JLPT JLPT_2
包丁,ほうちょう,JLPT JLPT_2
方程式,ほうていしき,JLPT JLPT_2
防犯,ぼうはん,JLPT JLPT_2
方面,ほうめん,JLPT JLPT_2 Intermediate_Japanese_Ln.8 Intermediate_Japanese
坊や,ぼうや,JLPT JLPT_2
放る,ほうる,JLPT JLPT_2
ボーナス,ボーナス,JLPT JLPT_2 Genki_Ln.23 Genki
朗らか,ほがらか,JLPT JLPT_2
牧場,ぼくじょう,JLPT JLPT_2
牧畜,ぼくちく,JLPT JLPT_2
保健,ほけん,JLPT JLPT_2
募集,ぼしゅう,JLPT JLPT_2 Genki_Ln.13 Genki
干す,ほす,JLPT JLPT_2
ポスター,ポスター,JLPT_2 JLPT Genki_Ln.21 Genki
北極,ほっきょく,JLPT JLPT_2
坊っちゃん,ぼっちゃん,JLPT JLPT_2
解く,ほどく,JLPT JLPT_2
掘る,ほる,JLPT JLPT_2
彫る,ほる,JLPT JLPT_2
ぼろ,ぼろ,JLPT JLPT_2
盆,ぼん,JLPT JLPT_2
盆地,ぼんち,JLPT JLPT_2
ほんの～,ほんの～,JLPT JLPT_2
本部,ほんぶ,JLPT JLPT_2
本来,ほんらい,JLPT JLPT_2
まあまあ,まあまあ,JLPT JLPT_2 Genki_Ln.11 Genki
毎～,まい～,JLPT JLPT_2
枚数,まいすう,JLPT JLPT_2
毎度,まいど,JLPT JLPT_2
枕,まくら,JLPT JLPT_2
曲げる,まげる,JLPT JLPT_2
まごまご,まごまご,JLPT JLPT_2
摩擦,まさつ,JLPT_2 JLPT Intermediate_Japanese_Ln.15 Intermediate_Japanese
マスク,マスク,JLPT JLPT_2
またぐ,またぐ,JLPT JLPT_2
待合室,まちあいしつ,JLPT JLPT_2
待ち合わせる,まちあわせる,JLPT JLPT_2
街角,まちかど,JLPT JLPT_2
真っ暗,まっくら,JLPT JLPT_2
真っ黒,まっくろ,JLPT JLPT_2
真っ青,まっさお,JLPT JLPT_2
真っ先,まっさき,JLPT JLPT_2
真っ白,まっしろ,JLPT JLPT_2
祭る,まつる,JLPT JLPT_2
窓口,まどぐち,JLPT JLPT_2 Intermediate_Japanese_Ln.10 Intermediate_Japanese
真似る,まねる,JLPT JLPT_2
まぶた,まぶた,JLPT JLPT_2
マフラー,マフラー,JLPT_2 JLPT Genki_Ln.14 Genki
間も無く,まもなく,JLPT JLPT_2
マラソン,マラソン,JLPT JLPT_2
稀,まれ,JLPT JLPT_2
回り道,まわりみち,JLPT JLPT_2
満員,まんいん,JLPT JLPT_2
マンション,マンション,JLPT_2 JLPT Genki_Ln.14 Genki
満点,まんてん,JLPT JLPT_2
未～,み～,JLPT JLPT_2
見上げる,みあげる,JLPT JLPT_2
見送る,みおくる,JLPT JLPT_2
見下ろす,みおろす,JLPT JLPT_2
見掛け,みかけ,JLPT JLPT_2
三日月,みかづき,JLPT JLPT_2
岬,みさき,JLPT JLPT_2
みじめ,みじめ,JLPT JLPT_2
ミシン,ミシン,JLPT JLPT_2
自ら,みずから,JLPT JLPT_2
水着,みずぎ,JLPT JLPT_2
店屋,みせや,JLPT JLPT_2
～みたい,～みたい,JLPT JLPT_2
見出し,みだし,JLPT JLPT_2
道順,みちじゅん,JLPT JLPT_2
みっともない,みっともない,JLPT JLPT_2 Intermediate_Japanese Intermediate_Japanese_Ln.11
見詰める,みつめる,JLPT JLPT_2
見直す,みなおす,JLPT JLPT_2
見慣れる,みなれる,JLPT JLPT_2
醜い,みにくい,JLPT JLPT_2 Intermediate_Japanese_Ln.10 Intermediate_Japanese
実る,みのる,JLPT JLPT_2
身分,みぶん,JLPT JLPT_2
見本,みほん,JLPT JLPT_2
見舞う,みまう,JLPT JLPT_2
未満,みまん,JLPT JLPT_2
名字,みょうじ,JLPT JLPT_2
ミリ (メートル),ミリ (メートル),JLPT JLPT_2
民間,みんかん,JLPT JLPT_2
民主～,みんしゅ～,JLPT JLPT_2
民謡,みんよう,JLPT JLPT_2
～向け,～むけ,JLPT JLPT_2
無限,むげん,JLPT JLPT_2
無地,むじ,JLPT JLPT_2
矛盾,むじゅん,JLPT JLPT_2
無数,むすう,JLPT JLPT_2
紫,むらさき,JLPT JLPT_2
群れ,むれ,JLPT JLPT_2
姪,めい,JLPT JLPT_2 Intermediate_Japanese_Ln.8 Intermediate_Japanese
名～,めい～,JLPT JLPT_2
～名,～めい,JLPT JLPT_2
名作,めいさく,JLPT JLPT_2
名所,めいしょ,JLPT JLPT_2
命ずる,めいずる,JLPT JLPT_2
迷信,めいしん,JLPT JLPT_2
名物,めいぶつ,JLPT JLPT_2
銘々,めいめい,JLPT JLPT_2
恵まれる,めぐまれる,JLPT JLPT_2
巡る,めぐる,JLPT JLPT_2
目指す,めざす,JLPT JLPT_2
目覚し,めざまし,JLPT JLPT_2
目下,めした,JLPT JLPT_2
目印,めじるし,JLPT JLPT_2
目立つ,めだつ,JLPT JLPT_2
めちゃくちゃ,めちゃくちゃ,JLPT JLPT_2
めっきり,めっきり,JLPT JLPT_2
めでたい,めでたい,JLPT JLPT_2
メニュー,メニュー,JLPT Intermediate_Japanese JLPT_2 Intermediate_Japanese_Ln.6 Genki_Ln.2 Genki
めまい,めまい,JLPT JLPT_2
目安,めやす,JLPT JLPT_2
免税,めんぜい,JLPT JLPT_2
面積,めんせき,JLPT JLPT_2
面倒臭い,めんどうくさい,JLPT JLPT_2
儲かる,もうかる,JLPT JLPT_2
儲ける,もうける,JLPT JLPT_2
申し訳ない,もうしわけない,JLPT JLPT_2
モーター,モーター,JLPT JLPT_2
木材,もくざい,JLPT JLPT_2
目次,もくじ,JLPT JLPT_2
潜る,もぐる,JLPT JLPT_2
もしかしたら,もしかしたら,JLPT JLPT_2
もたれる,もたれる,JLPT JLPT_2
モダン,モダン,JLPT JLPT_2
餅,もち,JLPT JLPT_2
～もち,～もち,JLPT JLPT_2
モデル,モデル,JLPT JLPT_2 Intermediate_Japanese_Ln.8 Intermediate_Japanese
元々,もともと,JLPT JLPT_2
物置,ものおき,JLPT JLPT_2
物語る,ものがたる,JLPT JLPT_2
物差し,ものさし,JLPT JLPT_2
物凄い,ものすごい,JLPT JLPT_2
モノレール,モノレール,JLPT JLPT_2
紅葉,もみじ,JLPT JLPT_2
揉む,もむ,JLPT JLPT_2
催し,もよおし,JLPT JLPT_2
盛る,もる,JLPT JLPT_2
～問,～もん,JLPT JLPT_2
問答,もんどう,JLPT JLPT_2
～夜,～や,JLPT JLPT_2
やかましい,やかましい,JLPT JLPT_2 Intermediate_Japanese Intermediate_Japanese_Ln.11
夜間,やかん,JLPT JLPT_2
やかん,やかん,JLPT JLPT_2
役者,やくしゃ,JLPT JLPT_2
役所,やくしょ,JLPT JLPT_2
役人,やくにん,JLPT JLPT_2
薬品,やくひん,JLPT JLPT_2
役目,やくめ,JLPT JLPT_2
火傷,やけど,JLPT JLPT_2
夜行,やこう,JLPT JLPT_2
矢印,やじるし,JLPT JLPT_2
やたらに,やたらに,JLPT JLPT_2
薬局,やっきょく,JLPT JLPT_2
やっつける,やっつける,JLPT JLPT_2
家主,やぬし,JLPT JLPT_2
やっぱり,やっぱり,Genki_Ln.17 JLPT JLPT_2 Genki
破く,やぶく,JLPT JLPT_2
やむをえない,やむをえない,JLPT JLPT_2
軟らかい,やわらかい,JLPT JLPT_2
遊園地,ゆうえんち,JLPT JLPT_2
夕刊,ゆうかん,JLPT JLPT_2
郵送,ゆうそう,JLPT JLPT_2
夕立,ゆうだち,JLPT JLPT_2
夕日,ゆうひ,JLPT JLPT_2
悠々,ゆうゆう,JLPT JLPT_2
有料,ゆうりょう,JLPT JLPT_2
浴衣,ゆかた,JLPT JLPT_2 Intermediate_Japanese_Ln.10 Intermediate_Japanese
行方,ゆくえ,JLPT JLPT_2
湯気,ゆげ,JLPT JLPT_2
輸血,ゆけつ,JLPT JLPT_2
輸送,ゆそう,JLPT JLPT_2
油断,ゆだん,JLPT JLPT_2
湯飲み,ゆのみ,JLPT JLPT_2
緩い,ゆるい,JLPT JLPT_2
溶岩,ようがん,JLPT JLPT_2
用語,ようご,JLPT JLPT_2 Intermediate_Japanese_Ln.2 Intermediate_Japanese
要旨,ようし,JLPT JLPT_2
幼児,ようじ,JLPT JLPT_2
容積,ようせき,JLPT JLPT_2
幼稚,ようち,JLPT JLPT_2
幼稚園,ようちえん,JLPT_2 JLPT Intermediate_Japanese_Ln.15 Intermediate_Japanese
用途,ようと,JLPT JLPT_2
洋品店,ようひんてん,JLPT JLPT_2
養分,ようぶん,JLPT JLPT_2
羊毛,ようもう,JLPT JLPT_2
漸く,ようやく,JLPT JLPT_2
要領,ようりょう,JLPT JLPT_2
翌～,よく～,JLPT JLPT_2
欲張り,よくばり,JLPT JLPT_2
余計,よけい,JLPT JLPT_2
よこす,よこす,JLPT JLPT_2
余所,よそ,JLPT JLPT_2
四つ角,よつかど,JLPT JLPT_2
酔っ払い,よっぱらい,JLPT JLPT_2
予備,よび,JLPT JLPT_2
呼び掛ける,よびかける,JLPT JLPT_2
呼び出す,よびだす,JLPT JLPT_2
蘇る,よみがえる,JLPT JLPT_2
慶ぶ,よろこぶ,JLPT JLPT_2
～等,～ら,JLPT JLPT_2
来日,らいにち,JLPT JLPT_2
落第,らくだい,JLPT JLPT_2
ラッシュアワー,ラッシュアワー,JLPT JLPT_2 Intermediate_Japanese_Ln.10 Intermediate_Japanese
欄,らん,JLPT JLPT_2
ランチ,ランチ,JLPT JLPT_2
ランニング,ランニング,JLPT JLPT_2
乱暴,らんぼう,JLPT JLPT_2
理科,りか,JLPT JLPT_2
利害,りがい,JLPT JLPT_2
段階,だんかい,JLPT JLPT_2
短期,たんき,JLPT JLPT_2
炭鉱,たんこう,JLPT JLPT_2
短所,たんしょ,JLPT JLPT_2
たんす,たんす,JLPT JLPT_2
淡水,たんすい,JLPT JLPT_2
断水,だんすい,JLPT JLPT_2
単数,たんすう,JLPT JLPT_2
団地,だんち,JLPT JLPT_2
断定,だんてい,JLPT JLPT_2
短編,たんぺん,JLPT JLPT_2
誓う,ちかう,JLPT JLPT_2
地下水,ちかすい,JLPT JLPT_2
近々,ちかぢか,JLPT JLPT_2
近付ける,ちかづける,JLPT JLPT_2
近寄る,ちかよる,JLPT JLPT_2
力強い,ちからづよい,JLPT JLPT_2
ちぎる,ちぎる,JLPT JLPT_2
地質,ちしつ,JLPT JLPT_2
知人,ちじん,JLPT JLPT_2 Intermediate_Japanese_Ln.1 Intermediate_Japanese
地帯,ちたい,JLPT JLPT_2
縮む,ちぢむ,JLPT JLPT_2
縮める,ちぢめる,JLPT JLPT_2
縮れる,ちぢれる,JLPT JLPT_2
チップ,チップ,Intermediate_Japanese_Ln.6 JLPT_2 JLPT Intermediate_Japanese
地点,ちてん,JLPT JLPT_2
地名,ちめい,JLPT JLPT_2
茶色い,ちゃいろい,JLPT JLPT_2
～着,～ちゃく,JLPT JLPT_2
着々,ちゃくちゃく,JLPT JLPT_2
中間,ちゅうかん,JLPT JLPT_2
中旬,ちゅうじゅん,JLPT JLPT_2
抽象,ちゅうしょう,JLPT JLPT_2
中世,ちゅうせい,JLPT JLPT_2
中性,ちゅうせい,JLPT JLPT_2
中途,ちゅうと,JLPT JLPT_2
中年,ちゅうねん,JLPT JLPT_2 Intermediate_Japanese_Ln.1 Intermediate_Japanese
長～,ちょう～,JLPT JLPT_2
～庁,～ちょう,JLPT JLPT_2
～兆,～ちょう,JLPT JLPT_2
～長,～ちょう,JLPT JLPT_2
～帳,～ちょう,JLPT JLPT_2
超過,ちょうか,JLPT JLPT_2
彫刻,ちょうこく,JLPT JLPT_2
長所,ちょうしょ,JLPT JLPT_2
長女,ちょうじょ,JLPT JLPT_2
調整,ちょうせい,JLPT JLPT_2
調節,ちょうせつ,JLPT JLPT_2
長短,ちょうたん,JLPT JLPT_2
頂点,ちょうてん,JLPT JLPT_2
長男,ちょうなん,JLPT JLPT_2
長方形,ちょうほうけい,JLPT JLPT_2
調味料,ちょうみりょう,JLPT JLPT_2
～丁目,～ちょうめ,JLPT JLPT_2
チョーク,チョーク,JLPT JLPT_2
直後,ちょくご,JLPT JLPT_2
直線,ちょくせん,JLPT JLPT_2
直前,ちょくぜん,JLPT JLPT_2
直通,ちょくつう,JLPT JLPT_2
直流,ちょくりゅう,JLPT JLPT_2
貯蔵,ちょぞう,JLPT JLPT_2
直角,ちょっかく,JLPT JLPT_2
直径,ちょっけい,JLPT JLPT_2
散らかす,ちらかす,JLPT JLPT_2
散らかる,ちらかる,JLPT JLPT_2
塵紙,ちりがみ,JLPT JLPT_2
追加,ついか,JLPT JLPT_2
ついで,ついで,JLPT JLPT_2
～通,～つう,JLPT JLPT_2
通ずる,つうずる,JLPT JLPT_2
通知,つうち,JLPT JLPT_2
通帳,つうちょう,JLPT JLPT_2
通用,つうよう,JLPT JLPT_2
通路,つうろ,JLPT JLPT_2
～遣い,～づかい,JLPT JLPT_2
～付,～つき,JLPT JLPT_2
突き当たり,つきあたり,JLPT JLPT_2
突き当たる,つきあたる,JLPT JLPT_2
月日,つきひ,JLPT JLPT_2
～続く,～つづく,JLPT JLPT_2
突っ込む,つっこむ,JLPT JLPT_2
務める,つとめる,JLPT JLPT_2
努める,つとめる,JLPT JLPT_2
綱,つな,JLPT JLPT_2
繋がり,つながり,JLPT JLPT_2
粒,つぶ,JLPT JLPT_2
潰す,つぶす,JLPT JLPT_2
潰れる,つぶれる,JLPT JLPT_2
つまずく,つまずく,JLPT JLPT_2
詰まる,つまる,JLPT JLPT_2
爪,つめ,JLPT JLPT_2
艶,つや,JLPT JLPT_2
強気,つよき,JLPT JLPT_2
～辛い,～づらい,JLPT JLPT_2
釣り合う,つりあう,JLPT JLPT_2
吊る,つる,JLPT JLPT_2
吊す,つるす,JLPT JLPT_2
手洗い,てあらい,JLPT JLPT_2
低～,てい～,JLPT JLPT_2
定員,ていいん,JLPT JLPT_2
定価,ていか,JLPT JLPT_2
低下,ていか,JLPT JLPT_2
定期券,ていきけん,JLPT JLPT_2
定休日,ていきゅうび,JLPT JLPT_2
停止,ていし,JLPT JLPT_2
停車,ていしゃ,JLPT JLPT_2
出入り,でいり,JLPT JLPT_2
出入口,でいりぐち,JLPT JLPT_2
手入れ,ていれ,JLPT JLPT_2
テーマ,テーマ,JLPT_2 JLPT Intermediate_Japanese_Ln.15 Intermediate_Japanese
～滴,～てき,JLPT JLPT_2
出来上がり,できあがり,JLPT JLPT_2
出来上がる,できあがる,JLPT JLPT_2
的確,てきかく,JLPT JLPT_2
適確,てきかく,JLPT JLPT_2
手首,てくび,JLPT JLPT_2
凸凹,でこぼこ,JLPT JLPT_2
手頃,てごろ,JLPT JLPT_2
弟子,でし,JLPT JLPT_2
でたらめ,でたらめ,JLPT JLPT_2
手帳,てちょう,JLPT JLPT_2
鉄橋,てっきょう,JLPT JLPT_2
手続き,てつづき,JLPT JLPT_2
鉄砲,てっぽう,JLPT JLPT_2
テニスコート,テニスコート,JLPT JLPT_2
手拭い,てぬぐい,JLPT JLPT_2
手前,てまえ,JLPT JLPT_2
出迎え,でむかえ,JLPT JLPT_2
照らす,てらす,JLPT JLPT_2
照る,てる,JLPT JLPT_2
～点,～てん,JLPT JLPT_2
展開,てんかい,JLPT JLPT_2
伝記,でんき,JLPT JLPT_2
電球,でんきゅう,JLPT JLPT_2
点数,てんすう,JLPT JLPT_2
伝染,でんせん,JLPT JLPT_2
電池,でんち,Genki_Ln.15 JLPT_2 JLPT Genki
点々,てんてん,JLPT JLPT_2
転々,てんてん,JLPT JLPT_2
電柱,でんちゅう,JLPT JLPT_2
天皇,てんのう,JLPT JLPT_2
作法,さほう,JLPT JLPT_2 JLPT_3
様々,さまざま,JLPT JLPT_2 JLPT_3
冷ます,さます,JLPT JLPT_2 JLPT_3
覚ます,さます,JLPT JLPT_2 JLPT_3
冷める,さめる,JLPT JLPT_2 JLPT_3
覚める,さめる,JLPT JLPT_2 JLPT_3
左右,さゆう,JLPT JLPT_2 JLPT_3
皿,さら,JLPT Genki_Ln.14 JLPT_3 JLPT_2 Genki
更に,さらに,JLPT JLPT_2 JLPT_3
去る,さる,JLPT JLPT_2 JLPT_3
猿,さる,JLPT JLPT_3 JLPT_2 Genki_Ln.22 Genki
騒ぎ,さわぎ,JLPT JLPT_2 JLPT_3
参加,さんか,JLPT JLPT_2 JLPT_3
参考,さんこう,JLPT JLPT_2 JLPT_3
賛成,さんせい,JLPT JLPT_2 JLPT_3
酸性,さんせい,JLPT JLPT_2 JLPT_3
酸素,さんそ,JLPT JLPT_2 JLPT_3
氏,し,JLPT JLPT_2 JLPT_3
詩,し,JLPT Intermediate_Japanese JLPT_3 JLPT_2 Intermediate_Japanese_Ln.13
幸せ,しあわせ,JLPT JLPT_2 JLPT_3
ジーンズ,ジーンズ,JLPT JLPT_3 JLPT_2 Genki_Ln.2 Genki
ジェット機,ジェットき,JLPT JLPT_2 JLPT_3
四角,しかく,JLPT JLPT_2 JLPT_3
直に,じかに,JLPT JLPT_2 JLPT_3
しかも,しかも,JLPT Intermediate_Japanese JLPT_3 JLPT_2 Intermediate_Japanese_Ln.9 Intermediate_Japanese_Ln.2
四季,しき,JLPT JLPT_2 JLPT_3
直,じき,JLPT JLPT_2 JLPT_3
時期,じき,JLPT JLPT_2 JLPT_3
支給,しきゅう,JLPT JLPT_2 JLPT_3
至急,しきゅう,JLPT JLPT_2 JLPT_3
しきりに,しきりに,JLPT JLPT_2 JLPT_3
刺激,しげき,JLPT JLPT_2 JLPT_3
資源,しげん,JLPT JLPT_2 JLPT_3
事件,じけん,JLPT JLPT_2 JLPT_3
時刻,じこく,JLPT JLPT_2 JLPT_3
自殺,じさつ,JLPT JLPT_2 JLPT_3
事実,じじつ,JLPT JLPT_2 JLPT_3
支出,ししゅつ,JLPT JLPT_2 JLPT_3
事情,じじょう,JLPT JLPT_2 JLPT_3
詩人,しじん,JLPT JLPT_2 JLPT_3
自身,じしん,JLPT Intermediate_Japanese JLPT_3 JLPT_2 Intermediate_Japanese_Ln.14
沈む,しずむ,JLPT JLPT_2 JLPT_3
自然,しぜん,JLPT JLPT_2 JLPT_3
思想,しそう,JLPT JLPT_2 JLPT_3
舌,した,JLPT JLPT_2 JLPT_3
次第,しだい,JLPT JLPT_2 JLPT_3
従う,したがう,JLPT JLPT_2 JLPT_3
したがって,したがって,JLPT JLPT_2 JLPT_3
親しい,したしい,JLPT JLPT_2 JLPT_3
質,しつ,JLPT JLPT_2 JLPT_3
失業,しつぎょう,JLPT JLPT_2 JLPT_3
湿気,しっけ,JLPT JLPT_2 JLPT_3
実験,じっけん,JLPT Intermediate_Japanese JLPT_3 JLPT_2 Intermediate_Japanese_Ln.5
実現,じつげん,JLPT JLPT_2 JLPT_3
実行,じっこう,JLPT JLPT_2 JLPT_3
実際,じっさい,JLPT Intermediate_Japanese JLPT_3 JLPT_2 Intermediate_Japanese_Ln.15
実施,じっし,JLPT JLPT_2 JLPT_3
湿度,しつど,JLPT JLPT_2 JLPT_3
じっと,じっと,JLPT JLPT_2 JLPT_3
実に,じつに,JLPT JLPT_2 JLPT_3
実は,じつは,JLPT Intermediate_Japanese JLPT_3 JLPT_2 Intermediate_Japanese_Ln.1
失望,しつぼう,JLPT JLPT_2 JLPT_3
実力,じつりょく,JLPT JLPT_2 JLPT_3
支店,してん,JLPT JLPT_3 JLPT_2 Genki_Ln.20 Genki
指導,しどう,JLPT JLPT_2 JLPT_3
自動,じどう,JLPT JLPT_2 JLPT_3
児童,じどう,JLPT JLPT_2 JLPT_3
品,しな,JLPT JLPT_2 JLPT_3
支配,しはい,JLPT JLPT_2 JLPT_3
芝居,しばい,JLPT JLPT_2 JLPT_3
しばしば,しばしば,JLPT JLPT_2 JLPT_3
芝生,しばふ,JLPT JLPT_2 JLPT_3
支払,しはらい,JLPT JLPT_2 JLPT_3
支払う,しはらう,JLPT JLPT_2 JLPT_3
死亡,しぼう,JLPT JLPT_2 JLPT_3
資本,しほん,JLPT JLPT_2 JLPT_3
姉妹,しまい,JLPT JLPT_2 JLPT_3
しまった (かん),しまった (かん),JLPT JLPT_2 JLPT_3
自慢,じまん,JLPT JLPT_2 JLPT_3
地味,じみ,JLPT JLPT_2 JLPT_3
示す,しめす,JLPT JLPT_2 JLPT_3
占める,しめる,JLPT Intermediate_Japanese JLPT_3 JLPT_2 Intermediate_Japanese_Ln.14
湿る,しめる,JLPT JLPT_2 JLPT_3
下,しも,JLPT JLPT_2 JLPT_3
霜,しも,JLPT JLPT_2 JLPT_3
借金,しゃっきん,JLPT JLPT_2 JLPT_3
しゃべる,しゃべる,JLPT Intermediate_Japanese JLPT_3 JLPT_2 Intermediate_Japanese_Ln.8
週,しゅう,JLPT JLPT_2 JLPT_3
州,しゅう,JLPT JLPT_2 JLPT_3
銃,じゅう,JLPT JLPT_2 JLPT_3
周囲,しゅうい,JLPT JLPT_2 JLPT_3
収穫,しゅうかく,JLPT JLPT_2 JLPT_3
宗教,しゅうきょう,JLPT Intermediate_Japanese JLPT_3 JLPT_2 Intermediate_Japanese_Ln.3
重視,じゅうし,JLPT JLPT_2 JLPT_3
就職,しゅうしょく,JLPT JLPT_2 JLPT_3
ジュース,ジュース,JLPT Genki_Ln.12 JLPT_3 JLPT_2 Genki
修正,しゅうせい,JLPT JLPT_2 JLPT_3
重体,じゅうたい,JLPT JLPT_2 JLPT_3
渋滞,じゅうたい,JLPT JLPT_2 JLPT_3
重大,じゅうだい,JLPT JLPT_2 JLPT_3
住宅,じゅうたく,JLPT JLPT_2 JLPT_3
集団,しゅうだん,JLPT JLPT_2 JLPT_3
集中,しゅうちゅう,JLPT JLPT_2 JLPT_3
収入,しゅうにゅう,JLPT Intermediate_Japanese JLPT_3 JLPT_2 Intermediate_Japanese_Ln.14
住民,じゅうみん,JLPT JLPT_2 JLPT_3
重要,じゅうよう,JLPT JLPT_2 JLPT_3
修理,しゅうり,JLPT JLPT_2 JLPT_3
主義,しゅぎ,JLPT JLPT_2 JLPT_3
宿泊,しゅくはく,JLPT JLPT_2 JLPT_3
手術,しゅじゅつ,JLPT JLPT_2 JLPT_3
首相,しゅしょう,JLPT JLPT_2 JLPT_3
手段,しゅだん,JLPT JLPT_2 JLPT_3
主張,しゅちょう,JLPT JLPT_2 JLPT_3
出場,しゅつじょう,JLPT JLPT_2 JLPT_3
出身,しゅっしん,JLPT JLPT_2 JLPT_3
出版,しゅっぱん,JLPT JLPT_2 JLPT_3
首都,しゅと,JLPT JLPT_2 JLPT_3
主婦,しゅふ,JLPT Intermediate_Japanese JLPT_3 JLPT_2 Intermediate_Japanese_Ln.8 Genki_Ln.1 Genki
主要,しゅよう,JLPT JLPT_2 JLPT_3
需要,じゅよう,JLPT JLPT_2 JLPT_3
種類,しゅるい,JLPT JLPT_2 JLPT_3
順,じゅん,JLPT JLPT_2 JLPT_3
瞬間,しゅんかん,JLPT JLPT_2 JLPT_3
順調,じゅんちょう,JLPT JLPT_2 JLPT_3
順番,じゅんばん,JLPT JLPT_2 JLPT_3
使用,しよう,JLPT Intermediate_Japanese JLPT_3 JLPT_2 Intermediate_Japanese_Ln.11
小,しょう,JLPT JLPT_2 JLPT_3
章,しょう,JLPT JLPT_2 JLPT_3
賞,しょう,JLPT JLPT_2 JLPT_3
上,じょう,JLPT JLPT_2 JLPT_3
障害,しょうがい,JLPT JLPT_2 JLPT_3
奨学金,しょうがくきん,Genki_Ln.16 JLPT JLPT_3 JLPT_2 Genki
乗客,じょうきゃく,JLPT JLPT_2 JLPT_3
上京,じょうきょう,JLPT JLPT_2 JLPT_3
状況,じょうきょう,JLPT JLPT_2 JLPT_3
条件,じょうけん,JLPT JLPT_2 JLPT_3
正午,しょうご,JLPT JLPT_2 JLPT_3
正直,しょうじき,JLPT JLPT_2 JLPT_3
常識,じょうしき,JLPT JLPT_2 JLPT_3
少女,しょうじょ,JLPT JLPT_2 JLPT_3
少々,しょうしょう,JLPT Intermediate_Japanese JLPT_3 JLPT_2 Intermediate_Japanese_Ln.8 Genki_Ln.20 Genki
症状,しょうじょう,JLPT Intermediate_Japanese JLPT_3 JLPT_2 Intermediate_Japanese_Ln.12
生じる,しょうじる,JLPT JLPT_2 JLPT_3
状態,じょうたい,JLPT JLPT_2 JLPT_3
上達,じょうたつ,JLPT JLPT_2 JLPT_3
冗談,じょうだん,JLPT Intermediate_Japanese JLPT_3 JLPT_2 Intermediate_Japanese_Ln.10
上等,じょうとう,JLPT JLPT_2 JLPT_3
衝突,しょうとつ,JLPT JLPT_2 JLPT_3
商人,しょうにん,JLPT JLPT_2 JLPT_3
承認,しょうにん,JLPT JLPT_2 JLPT_3
少年,しょうねん,JLPT JLPT_2 JLPT_3
商売,しょうばい,JLPT JLPT_2 JLPT_3
消費,しょうひ,JLPT JLPT_2 JLPT_3
商品,しょうひん,JLPT JLPT_2 JLPT_3
賞品,しょうひん,JLPT JLPT_2 JLPT_3
消防,しょうぼう,JLPT JLPT_2 JLPT_3
情報,じょうほう,JLPT Intermediate_Japanese JLPT_3 JLPT_2 Intermediate_Japanese_Ln.3
証明,しょうめい,JLPT JLPT_2 JLPT_3
省略,しょうりゃく,JLPT JLPT_2 JLPT_3
女王,じょおう,JLPT JLPT_2 JLPT_3
職,しょく,JLPT JLPT_2 JLPT_3
職業,しょくぎょう,JLPT JLPT_2 JLPT_3
食卓,しょくたく,JLPT JLPT_2 JLPT_3
食品,しょくひん,JLPT JLPT_2 JLPT_3
植物,しょくぶつ,JLPT JLPT_2 JLPT_3
食物,しょくもつ,JLPT JLPT_2 JLPT_3
食欲,しょくよく,JLPT Intermediate_Japanese JLPT_3 JLPT_2 Intermediate_Japanese_Ln.12
食料,しょくりょう,JLPT JLPT_2 JLPT_3
食糧,しょくりょう,JLPT JLPT_2 JLPT_3
書斎,しょさい,JLPT JLPT_2 JLPT_3
女子,じょし,JLPT JLPT_2 JLPT_3
助手,じょしゅ,JLPT JLPT_2 JLPT_3
徐々に,じょじょに,JLPT JLPT_2 JLPT_3
署名,しょめい,JLPT JLPT_2 JLPT_3
書物,しょもつ,JLPT JLPT_2 JLPT_3
女優,じょゆう,JLPT JLPT_2 JLPT_3
処理,しょり,JLPT JLPT_2 JLPT_3
書類,しょるい,JLPT Intermediate_Japanese JLPT_3 JLPT_2 Intermediate_Japanese_Ln.14 Genki_Ln.22 Genki
知らせ,しらせ,JLPT JLPT_2 JLPT_3
尻,しり,JLPT JLPT_2 JLPT_3
知合い,しりあい,JLPT JLPT_2 JLPT_3
印,しるし,JLPT JLPT_2 JLPT_3
城,しろ,JLPT JLPT_2 JLPT_3
進学,しんがく,JLPT JLPT_2 JLPT_3
神経,しんけい,JLPT JLPT_2 JLPT_3
真剣,しんけん,JLPT JLPT_2 JLPT_3
信仰,しんこう,JLPT JLPT_2 JLPT_3
信号,しんごう,JLPT JLPT_3 JLPT_2 Genki_Ln.20 Genki
人工,じんこう,JLPT JLPT_2 JLPT_3
深刻,しんこく,JLPT JLPT_2 JLPT_3
診察,しんさつ,JLPT Intermediate_Japanese JLPT_3 JLPT_2 Intermediate_Japanese_Ln.12
人種,じんしゅ,JLPT JLPT_2 JLPT_3
信じる,しんじる,JLPT JLPT_2 JLPT_3
人生,じんせい,JLPT JLPT_2 JLPT_3
親戚,しんせき,Genki_Ln.16 JLPT Intermediate_Japanese JLPT_3 JLPT_2 Intermediate_Japanese_Ln.9 Genki
新鮮,しんせん,JLPT JLPT_2 JLPT_3
心臓,しんぞう,JLPT JLPT_2 JLPT_3
身体,しんたい,JLPT JLPT_2 JLPT_3
身長,しんちょう,JLPT JLPT_2 JLPT_3
慎重,しんちょう,JLPT JLPT_2 JLPT_3
審判,しんぱん,JLPT JLPT_2 JLPT_3
人物,じんぶつ,JLPT JLPT_2 JLPT_3
進歩,しんぽ,JLPT Intermediate_Japanese JLPT_3 JLPT_2 Intermediate_Japanese_Ln.13
親友,しんゆう,JLPT JLPT_2 JLPT_3
信用,しんよう,JLPT JLPT_2 JLPT_3
信頼,しんらい,JLPT JLPT_2 JLPT_3
心理,しんり,JLPT JLPT_2 JLPT_3
人類,じんるい,JLPT JLPT_2 JLPT_3
巣,す,JLPT JLPT_2 JLPT_3
酢,す,JLPT JLPT_2 JLPT_3
図,ず,JLPT JLPT_2 JLPT_3
水準,すいじゅん,JLPT JLPT_2 JLPT_3
推薦,すいせん,JLPT JLPT_2 JLPT_3
スイッチ,スイッチ,JLPT Genki_Ln.18 JLPT_3 JLPT_2 Genki
睡眠,すいみん,JLPT JLPT_2 JLPT_3
数,すう,JLPT JLPT_2 JLPT_3
数字,すうじ,JLPT JLPT_2 JLPT_3
スープ,スープ,JLPT JLPT_2 JLPT_3
末,すえ,JLPT Intermediate_Japanese JLPT_3 JLPT_2 Intermediate_Japanese_Ln.4
姿,すがた,JLPT JLPT_2 JLPT_3
スキー,スキー,JLPT JLPT_3 JLPT_2 Genki_Ln.9 Genki
救う,すくう,JLPT JLPT_2 JLPT_3
すくなくとも,すくなくとも,JLPT JLPT_2 JLPT_3
優れる,すぐれる,JLPT JLPT_2 JLPT_3
スケート,スケート,JLPT JLPT_2 JLPT_3
スケジュール,スケジュール,JLPT JLPT_2 JLPT_3
少しも,すこしも,JLPT JLPT_2 JLPT_3
過ごす,すごす,JLPT Intermediate_Japanese JLPT_3 JLPT_2 Intermediate_Japanese_Ln.11
筋,すじ,JLPT JLPT_2 JLPT_3
進める,すすめる,JLPT JLPT_2 JLPT_3
勧める,すすめる,JLPT Intermediate_Japanese JLPT_3 JLPT_2 Intermediate_Japanese_Ln.13
スター,スター,JLPT JLPT_2 JLPT_3
スタイル,スタイル,JLPT JLPT_2 JLPT_3
スタンド,スタンド,JLPT JLPT_2 JLPT_3
頭痛,ずつう,JLPT JLPT_2 JLPT_3
ずっと,ずっと,JLPT Intermediate_Japanese JLPT_3 JLPT_2 Intermediate_Japanese_Ln.5 Genki_Ln.22 Genki
すっぱい,すっぱい,JLPT JLPT_2 JLPT_3
すてき,すてき,JLPT JLPT_2 JLPT_3
既に,すでに,JLPT Intermediate_Japanese JLPT_3 JLPT_2 Intermediate_Japanese_Ln.13
すなわち,すなわち,JLPT JLPT_2 JLPT_3
スピーチ,スピーチ,JLPT JLPT_3 JLPT_2 Genki Genki_Ln.21
全て,すべて,JLPT JLPT_2 JLPT_3
済ませる,すませる,JLPT JLPT_2 JLPT_3
角,すみ,JLPT JLPT_2 JLPT_3
墨,すみ,JLPT JLPT_2 JLPT_3
すみません (かん),すみません (かん),JLPT JLPT_2 JLPT_3
澄む,すむ,JLPT JLPT_2 JLPT_3
清む,すむ,JLPT JLPT_2 JLPT_3
刷る,する,JLPT JLPT_2 JLPT_3
為る,する,JLPT JLPT_2 JLPT_3
鋭い,するどい,JLPT JLPT_2 JLPT_3
すれ違う,すれちがう,JLPT JLPT_2 JLPT_3
ずれる,ずれる,JLPT JLPT_2 JLPT_3
正,せい,JLPT JLPT_2 JLPT_3
生,せい,JLPT JLPT_2 JLPT_3
性,せい,JLPT JLPT_2 JLPT_3
姓,せい,JLPT JLPT_2 JLPT_3
所為,せい,JLPT JLPT_2 JLPT_3
税,ぜい,JLPT JLPT_2 JLPT_3
性格,せいかく,JLPT Intermediate_Japanese Genki_Ln.19 JLPT_3 JLPT_2 Genki Intermediate_Japanese_Ln.3
正確,せいかく,JLPT JLPT_2 JLPT_3
世紀,せいき,JLPT JLPT_2 JLPT_3
請求,せいきゅう,JLPT JLPT_2 JLPT_3
税金,ぜいきん,Genki_Ln.15 JLPT JLPT_3 JLPT_2 Genki
清潔,せいけつ,JLPT JLPT_2 JLPT_3
制限,せいげん,JLPT JLPT_2 JLPT_3
成功,せいこう,JLPT Intermediate_Japanese JLPT_3 JLPT_2 Intermediate_Japanese_Ln.12
正式,せいしき,JLPT JLPT_2 JLPT_3
性質,せいしつ,JLPT JLPT_2 JLPT_3
精神,せいしん,JLPT JLPT_2 JLPT_3
成人,せいじん,JLPT JLPT_2 JLPT_3
精々,せいぜい,JLPT JLPT_2 JLPT_3
成績,せいせき,JLPT Genki_Ln.12 Intermediate_Japanese JLPT_3 JLPT_2 Genki Intermediate_Japanese_Ln.3
製造,せいぞう,JLPT JLPT_2 JLPT_3
贅沢,ぜいたく,JLPT JLPT_2 JLPT_3
成長,せいちょう,JLPT JLPT_2 JLPT_3
生長,せいちょう,JLPT JLPT_2 JLPT_3
制度,せいど,JLPT Intermediate_Japanese JLPT_3 JLPT_2 Intermediate_Japanese_Ln.14
青年,せいねん,JLPT JLPT_2 JLPT_3
生年月日,せいねんがっぴ,JLPT JLPT_2 JLPT_3
製品,せいひん,JLPT JLPT_2 JLPT_3
政府,せいふ,JLPT Intermediate_Japanese Genki JLPT_3 JLPT_2 Intermediate_Japanese_Ln.15 Genki_Ln.21
生物,せいぶつ,JLPT JLPT_2 JLPT_3
生命,せいめい,JLPT JLPT_2 JLPT_3
整理,せいり,JLPT JLPT_2 JLPT_3
咳,せき,JLPT Genki_Ln.12 JLPT_3 JLPT_2 Genki
石炭,せきたん,JLPT JLPT_2 JLPT_3
責任,せきにん,JLPT JLPT_2 JLPT_3
石油,せきゆ,JLPT JLPT_2 JLPT_3
世間,せけん,JLPT JLPT_2 JLPT_3
説,せつ,JLPT JLPT_2 JLPT_3
積極的,せっきょくてき,JLPT JLPT_2 JLPT_3
設計,せっけい,JLPT JLPT_2 JLPT_3
絶対,ぜったい,JLPT Intermediate_Japanese JLPT_3 JLPT_2 Intermediate_Japanese_Ln.7
セット,セット,JLPT JLPT_2 JLPT_3
愛,あい,JLPT JLPT_2 JLPT_3
相変わらず,あいかわらず,JLPT JLPT_2 JLPT_3
愛情,あいじょう,JLPT JLPT_2 JLPT_3
合図,あいず,JLPT JLPT_2 JLPT_3
アイスクリーム,アイスクリーム,JLPT JLPT_2 JLPT_3
愛する,あいする,JLPT JLPT_2 JLPT_3
相手,あいて,Genki Genki_Ln.22 Intermediate_Japanese Intermediate_Japanese_Ln.2 JLPT JLPT_2 JLPT_3
あいにく,あいにく,JLPT JLPT_2 JLPT_3
遭う,あう,JLPT JLPT_2 JLPT_3
アウト,アウト,JLPT JLPT_2 JLPT_3
明かり,あかり,JLPT JLPT_2 JLPT_3
空き,あき,JLPT JLPT_2 JLPT_3
明らか,あきらか,JLPT JLPT_2 JLPT_3
諦める,あきらめる,Genki Genki_Ln.14 Intermediate_Japanese Intermediate_Japanese_Ln.13 JLPT JLPT_2 JLPT_3
飽きる,あきる,JLPT JLPT_2 JLPT_3
握手,あくしゅ,JLPT JLPT_2 JLPT_3
悪魔,あくま,JLPT JLPT_2 JLPT_3
明ける,あける,JLPT JLPT_2 JLPT_3
揚げる,あげる,JLPT JLPT_2 JLPT_3
挙げる,あげる,JLPT JLPT_2 JLPT_3
預かる,あずかる,Intermediate_Japanese Intermediate_Japanese_Ln.10 JLPT JLPT_2 JLPT_3
預ける,あずける,JLPT JLPT_2 JLPT_3
汗,あせ,JLPT JLPT_2 JLPT_3
与える,あたえる,Intermediate_Japanese Intermediate_Japanese_Ln.5 JLPT JLPT_2 JLPT_3
温かい,あたたかい,JLPT JLPT_2 JLPT_3
暖まる,あたたまる,JLPT JLPT_2 JLPT_3
温まる,あたたまる,JLPT JLPT_2 JLPT_3
暖める,あたためる,JLPT JLPT_2 JLPT_3
温める,あたためる,JLPT JLPT_2 JLPT_3
辺り,あたり,Intermediate_Japanese Intermediate_Japanese_Ln.6 JLPT JLPT_2 JLPT_3
当たり前,あたりまえ,JLPT JLPT_2 JLPT_3
当たる,あたる,JLPT JLPT_2 JLPT_3
あちこち,あちこち,JLPT JLPT_2 JLPT_3
扱う,あつかう,Intermediate_Japanese Intermediate_Japanese_Ln.14 JLPT JLPT_2 JLPT_3
集まり,あつまり,JLPT JLPT_2 JLPT_3
当てる,あてる,JLPT JLPT_2 JLPT_3
跡,あと,JLPT JLPT_2 JLPT_3
穴,あな,JLPT JLPT_2 JLPT_3
油,あぶら,JLPT JLPT_2 JLPT_3
脂,あぶら,JLPT JLPT_2 JLPT_3
誤り,あやまり,JLPT JLPT_2 JLPT_3
粗,あら,JLPT JLPT_2 JLPT_3
嵐,あらし,JLPT JLPT_2 JLPT_3
争う,あらそう,JLPT JLPT_2 JLPT_3
新た,あらた,JLPT JLPT_2 JLPT_3
あらゆる,あらゆる,JLPT JLPT_2 JLPT_3
表す,あらわす,JLPT JLPT_2 JLPT_3
現す,あらわす,JLPT JLPT_2 JLPT_3
著す,あらわす,JLPT JLPT_2 JLPT_3
現れ,あらわれ,JLPT JLPT_2 JLPT_3
現れる,あらわれる,JLPT Intermediate_Japanese JLPT_3 JLPT_2 Intermediate_Japanese_Ln.8
ありがとう,ありがとう,JLPT JLPT_2 JLPT_3
在る; 有る,ある,JLPT JLPT_2 JLPT_3
或,ある,JLPT JLPT_2 JLPT_3
あるいは,あるいは,JLPT JLPT_2 JLPT_3
アルバム,アルバム,JLPT JLPT_2 JLPT_3
泡,あわ,JLPT JLPT_2 JLPT_3
合わせる,あわせる,JLPT Intermediate_Japanese JLPT_3 JLPT_2 Intermediate_Japanese_Ln.14
慌てる,あわてる,JLPT JLPT_2 JLPT_3
哀れ,あわれ,JLPT JLPT_2 JLPT_3
案,あん,JLPT JLPT_2 JLPT_3
案外,あんがい,JLPT JLPT_2 JLPT_3
暗記,あんき,JLPT JLPT_2 JLPT_3
安定,あんてい,JLPT JLPT_2 JLPT_3
あんなに,あんなに,JLPT JLPT_2 JLPT_3
あんまり,あんまり,JLPT JLPT_2 JLPT_3
胃,い,JLPT Intermediate_Japanese JLPT_3 JLPT_2 Intermediate_Japanese_Ln.12
委員,いいん,JLPT JLPT_2 JLPT_3
意外,いがい,JLPT JLPT_2 JLPT_3
行き,いき,JLPT JLPT_2 JLPT_3
行き,ゆき,JLPT JLPT_2 JLPT_3
息,いき,JLPT JLPT_2 JLPT_3
勢い,いきおい,JLPT JLPT_2 JLPT_3
生き物,いきもの,JLPT JLPT_2 JLPT_3
いけない,いけない,JLPT JLPT_2 JLPT_3
医師,いし,JLPT JLPT_2 JLPT_3
意思,いし,JLPT JLPT_2 JLPT_3
意志,いし,JLPT JLPT_2 JLPT_3
維持,いじ,JLPT JLPT_2 JLPT_3
意識,いしき,JLPT JLPT_2 JLPT_3
異常,いじょう,JLPT JLPT_2 JLPT_3
意地悪,いじわる,JLPT JLPT_2 JLPT_3
泉,いずみ,JLPT JLPT_2 JLPT_3
いずれ,いずれ,JLPT JLPT_2 JLPT_3
以前,いぜん,JLPT Intermediate_Japanese JLPT_3 JLPT_2 Intermediate_Japanese_Ln.15
板,いた,JLPT JLPT_2 JLPT_3
偉大,いだい,JLPT JLPT_2 JLPT_3
抱く,いだく,JLPT Intermediate_Japanese JLPT_3 JLPT_2 Intermediate_Japanese_Ln.8
いたずら,いたずら,JLPT JLPT_2 JLPT_3
いただきます,いただきます,JLPT JLPT_2 JLPT_3
痛み,いたみ,JLPT JLPT_2 JLPT_3
至る,いたる,JLPT JLPT_2 JLPT_3
市,いち,JLPT_1 JLPT JLPT_2 JLPT_3
位置,いち,JLPT JLPT_2 JLPT_3
一時,いちじ,JLPT JLPT_2 JLPT_3
一度に,いちどに,JLPT JLPT_2 JLPT_3
市場,いちば,JLPT JLPT_2 JLPT_3
いつか,いつか,JLPT JLPT_2 JLPT_3
一家,いっか,JLPT JLPT_2 JLPT_3
一種,いっしゅ,JLPT JLPT_2 JLPT_3
一瞬,いっしゅん,JLPT JLPT_2 JLPT_3
一生,いっしょう,JLPT Intermediate_Japanese JLPT_3 JLPT_2 Intermediate_Japanese_Ln.8
一層,いっそう,JLPT JLPT_2 JLPT_3
一体,いったい,JLPT JLPT_2 JLPT_3
一致,いっち,JLPT JLPT_2 JLPT_3
いつでも,いつでも,JLPT JLPT_2 JLPT_3
いつのまにか,いつのまにか,JLPT JLPT_2 JLPT_3
一般,いっぱん,JLPT JLPT_2 JLPT_3
一方,いっぽう,JLPT JLPT_2 JLPT_3
いつまでも,いつまでも,JLPT JLPT_2 JLPT_3
移動,いどう,JLPT JLPT_2 JLPT_3
従兄弟,いとこ,JLPT JLPT_2 JLPT_3
従姉妹,いとこ,JLPT JLPT_2 JLPT_3
稲,いね,JLPT JLPT_2 JLPT_3
居眠り,いねむり,JLPT JLPT_2 JLPT_3
命,いのち,JLPT JLPT_2 JLPT_3
違反,いはん,JLPT JLPT_2 JLPT_3
衣服,いふく,JLPT JLPT_2 JLPT_3
居間,いま,JLPT JLPT_2 JLPT_3
今に,いまに,JLPT JLPT_2 JLPT_3
今にも,いまにも,JLPT JLPT_2 JLPT_3
イメージ,イメージ,JLPT JLPT_2 JLPT_3
否,いや,JLPT JLPT_2 JLPT_3
以来,いらい,JLPT JLPT_2 JLPT_3
依頼,いらい,JLPT Intermediate_Japanese JLPT_3 JLPT_2 Intermediate_Japanese_Ln.15
いらいら,いらいら,JLPT JLPT_2 JLPT_3
いらっしゃい,いらっしゃい,JLPT JLPT_2 JLPT_3
医療,いりょう,JLPT JLPT_2 JLPT_3
岩,いわ,JLPT JLPT_2 JLPT_3
祝い,いわい,JLPT JLPT_2 JLPT_3
祝う,いわう,JLPT JLPT_2 JLPT_3
言わば,いわば,JLPT JLPT_2 JLPT_3
いわゆる,いわゆる,JLPT Intermediate_Japanese JLPT_3 JLPT_2 Intermediate_Japanese_Ln.14
インク,インク,JLPT JLPT_2 JLPT_3
印刷,いんさつ,JLPT JLPT_2 JLPT_3
印象,いんしょう,JLPT JLPT_2 JLPT_3
引退,いんたい,JLPT JLPT_2 JLPT_3
インタビュー,インタビュー,JLPT Intermediate_Japanese JLPT_3 JLPT_2 Intermediate_Japanese_Ln.15
引用,いんよう,JLPT JLPT_2 JLPT_3
ウイスキー,ウイスキー,JLPT JLPT_2 JLPT_3
上,うわ,JLPT JLPT_2 JLPT_3
魚,うお,JLPT JLPT_2 JLPT_3
うがい,うがい,JLPT Intermediate_Japanese JLPT_3 JLPT_2 Intermediate_Japanese_Ln.12
受け取る,うけとる,JLPT JLPT_2 JLPT_3
動かす,うごかす,JLPT JLPT_2 JLPT_3
兎,うさぎ,JLPT JLPT_2 JLPT_3
牛,うし,JLPT Intermediate_Japanese JLPT_3 JLPT_2 Intermediate_Japanese_Ln.10
失う,うしなう,JLPT Intermediate_Japanese JLPT_3 JLPT_2 Intermediate_Japanese_Ln.14
疑う,うたがう,JLPT JLPT_2 JLPT_3
宇宙,うちゅう,JLPT JLPT_2 JLPT_3
討つ,うつ,JLPT JLPT_2 JLPT_3
撃つ,うつ,JLPT JLPT_2 JLPT_3
うっかり,うっかり,JLPT Intermediate_Japanese JLPT_3 JLPT_2 Intermediate_Japanese_Ln.15
映す,うつす,JLPT JLPT_2 JLPT_3
訴える,うったえる,JLPT Intermediate_Japanese JLPT_3 JLPT_2 Intermediate_Japanese_Ln.12
写る,うつる,JLPT JLPT_2 JLPT_3
映る,うつる,JLPT JLPT_2 JLPT_3
うなる,うなる,JLPT JLPT_2 JLPT_3
奪う,うばう,JLPT JLPT_2 JLPT_3
馬,うま,JLPT Intermediate_Japanese JLPT_3 JLPT_2 Intermediate_Japanese_Ln.10
生まれ,うまれ,JLPT JLPT_2 JLPT_3
有無,うむ,JLPT JLPT_2 JLPT_3
梅,うめ,JLPT JLPT_2 JLPT_3
埋める,うめる,JLPT JLPT_2 JLPT_3
裏切る,うらぎる,JLPT JLPT_2 JLPT_3
羨ましい,うらやましい,JLPT JLPT_2 JLPT_3
売れる,うれる,JLPT JLPT_2 JLPT_3
噂,うわさ,JLPT JLPT_2 JLPT_3
運,うん,JLPT JLPT_2 JLPT_3
運転,うんてん,JLPT JLPT_2 JLPT_3
柄,え,JLPT_1 JLPT JLPT_2 JLPT_3
永遠,えいえん,JLPT JLPT_2 JLPT_3
永久,えいきゅう,JLPT JLPT_2 JLPT_3
影響,えいきょう,JLPT Intermediate_Japanese JLPT_3 JLPT_2 Intermediate_Japanese_Ln.9
営業,えいぎょう,JLPT JLPT_2 JLPT_3
衛星,えいせい,JLPT_1 JLPT JLPT_2 JLPT_3
栄養,えいよう,JLPT JLPT_2 JLPT_3
笑顔,えがお,JLPT Intermediate_Japanese JLPT_3 JLPT_2 Intermediate_Japanese_Ln.11
描く,えがく,JLPT JLPT_2 JLPT_3
餌,えさ,JLPT JLPT_2 JLPT_3
エネルギー,エネルギー,JLPT JLPT_2 JLPT_3
得る,える,JLPT Intermediate_Japanese JLPT_3 JLPT_2 Intermediate_Japanese_Ln.11
得る,うる,JLPT JLPT_2 JLPT_3
円,えん,JLPT JLPT_2 JLPT_3
延期,えんき,JLPT JLPT_2 JLPT_3
演技,えんぎ,JLPT JLPT_2 JLPT_3
援助,えんじょ,JLPT JLPT_2 JLPT_3
エンジン,エンジン,JLPT JLPT_2 JLPT_3
演説,えんぜつ,JLPT JLPT_2 JLPT_3
演奏,えんそう,JLPT JLPT_2 JLPT_3
老い,おい,JLPT JLPT_2 JLPT_3
追い付く,おいつく,JLPT JLPT_2 JLPT_3
王,おう,JLPT JLPT_2 JLPT_3
追う,おう,JLPT JLPT_2 JLPT_3
応援,おうえん,JLPT JLPT_2 JLPT_3
王様,おうさま,JLPT JLPT_2 JLPT_3
王子,おうじ,JLPT JLPT_2 JLPT_3
応じる,おうじる,JLPT Intermediate_Japanese JLPT_3 JLPT_2 Intermediate_Japanese_Ln.14
横断,おうだん,JLPT JLPT_2 JLPT_3
終える,おえる,JLPT JLPT_2 JLPT_3
大いに,おおいに,JLPT Intermediate_Japanese JLPT_3 JLPT_2 Intermediate_Japanese_Ln.13
覆う,おおう,JLPT JLPT_2 JLPT_3
大家,おおや,JLPT JLPT_2 JLPT_3
丘,おか,JLPT JLPT_2 JLPT_3
沖,おき,JLPT JLPT_2 JLPT_3
奥,おく,JLPT JLPT_2 JLPT_3
贈る,おくる,JLPT JLPT_2 JLPT_3
起こる,おこる,JLPT JLPT_2 JLPT_3
押える,おさえる,JLPT JLPT_2 JLPT_3
幼い,おさない,JLPT JLPT_2 JLPT_3
収める,おさめる,JLPT JLPT_2 JLPT_3
納める,おさめる,JLPT JLPT_2 JLPT_3
治める,おさめる,JLPT JLPT_2 JLPT_3
お辞儀,おじぎ,JLPT JLPT_2 JLPT_3
お洒落,おしゃれ,JLPT JLPT_2 JLPT_3
お喋り,おしゃべり,JLPT JLPT_2 JLPT_3
汚染,おせん,JLPT JLPT_2 JLPT_3
恐らく,おそらく,JLPT JLPT_2 JLPT_3
恐れる,おそれる,JLPT JLPT_2 JLPT_3
恐ろしい,おそろしい,JLPT JLPT_2 JLPT_3
教わる,おそわる,JLPT JLPT_2 JLPT_3
お互い,おたがい,JLPT Intermediate_Japanese JLPT_3 JLPT_2 Intermediate_Japanese_Ln.1
穏やか,おだやか,JLPT JLPT_2 JLPT_3
男の人,おとこのひと,JLPT JLPT_3 JLPT_2 Genki_Ln.7 Genki
大人しい,おとなしい,JLPT JLPT_2 JLPT_3
劣る,おとる,JLPT JLPT_2 JLPT_3
鬼,おに,JLPT JLPT_2 JLPT_3
帯,おび,JLPT JLPT_2 JLPT_3
お昼,おひる,JLPT JLPT_2 JLPT_3
オフィス,オフィス,JLPT JLPT_2 JLPT_3
溺れる,おぼれる,JLPT JLPT_2 JLPT_3
お前,おまえ,JLPT JLPT_2 JLPT_3
おめでとう,おめでとう,JLPT JLPT_2 JLPT_3
お目に掛かる,おめにかかる,JLPT JLPT_2 JLPT_3
思い付く,おもいつく,JLPT JLPT_2 JLPT_3
思い出,おもいで,JLPT JLPT_3 JLPT_2 Genki_Ln.23 Genki
主に,おもに,JLPT JLPT_2 JLPT_3
思わず,おもわず,JLPT JLPT_2 JLPT_3
泳ぎ,およぎ,JLPT JLPT_2 JLPT_3
およそ,およそ,JLPT JLPT_2 JLPT_3
及ぼす,およぼす,JLPT JLPT_2 JLPT_3
下す,おろす,JLPT JLPT_2 JLPT_3
降ろす,おろす,JLPT JLPT_2 JLPT_3
卸す,おろす,JLPT JLPT_2 JLPT_3
音,おん,JLPT JLPT_2 JLPT_3
恩,おん,JLPT JLPT_2 JLPT_3
温暖,おんだん,JLPT JLPT_2 JLPT_3
温度,おんど,JLPT JLPT_2 JLPT_3
可,か,JLPT JLPT_2 JLPT_3
蚊,か,JLPT JLPT_3 JLPT_2 Genki Genki_Ln.21
課,か,JLPT JLPT_2 JLPT_3
カー,カー,JLPT JLPT_2 JLPT_3
カード,カード,JLPT JLPT_2 JLPT_3
貝,かい,JLPT JLPT_2 JLPT_3
害,がい,JLPT JLPT_2 JLPT_3
会員,かいいん,JLPT JLPT_2 JLPT_3
絵画,かいが,JLPT JLPT_2 JLPT_3
海外,かいがい,JLPT JLPT_2 JLPT_3
会計,かいけい,JLPT JLPT_2 JLPT_3
解決,かいけつ,JLPT JLPT_2 JLPT_3
会合,かいごう,JLPT JLPT_2 JLPT_3
外交,がいこう,JLPT JLPT_2 JLPT_3
開始,かいし,JLPT JLPT_2 JLPT_3
解釈,かいしゃく,JLPT JLPT_2 JLPT_3
外出,がいしゅつ,JLPT JLPT_2 JLPT_3
改善,かいぜん,JLPT JLPT_2 JLPT_3
快適,かいてき,JLPT JLPT_2 JLPT_3
回復,かいふく,JLPT JLPT_2 JLPT_3
飼う,かう,JLPT Genki_Ln.11 JLPT_3 JLPT_2 Genki
帰す,かえす,JLPT JLPT_2 JLPT_3
代える,かえる,JLPT JLPT_2 JLPT_3
替える,かえる,JLPT JLPT_2 JLPT_3
換える,かえる,JLPT JLPT_3 JLPT_2 Genki_Ln.23 Genki
反る,かえる,JLPT JLPT_2 JLPT_3
香り,かおり,JLPT JLPT_2 JLPT_3
画家,がか,JLPT JLPT_2 JLPT_3
抱える,かかえる,JLPT JLPT_2 JLPT_3
価格,かかく,JLPT JLPT_2 JLPT_3
化学,かがく,JLPT JLPT_2 JLPT_3
輝く,かがやく,JLPT JLPT_2 JLPT_3
係,かかり,JLPT JLPT_2 JLPT_3
罹る,かかる,JLPT JLPT_2 JLPT_3
限る,かぎる,JLPT JLPT_2 JLPT_3
掻く,かく,JLPT JLPT_2 JLPT_3
描く,かく,JLPT JLPT_2 JLPT_3
嗅ぐ,かぐ,JLPT JLPT_2 JLPT_3
家具,かぐ,Genki_Ln.15 JLPT JLPT_3 JLPT_2 Genki
学,がく,JLPT JLPT_2 JLPT_3
額,がく,JLPT JLPT_2 JLPT_3
覚悟,かくご,JLPT JLPT_2 JLPT_3
確実,かくじつ,JLPT JLPT_2 JLPT_3
学者,がくしゃ,JLPT JLPT_2 JLPT_3
学習,がくしゅう,JLPT JLPT_2 JLPT_3
隠す,かくす,JLPT JLPT_2 JLPT_3
拡大,かくだい,JLPT JLPT_2 JLPT_3
確認,かくにん,JLPT JLPT_2 JLPT_3
学問,がくもん,JLPT JLPT_2 JLPT_3
隠れる,かくれる,JLPT JLPT_2 JLPT_3
影,かげ,JLPT JLPT_2 JLPT_3
陰,かげ,JLPT JLPT_2 JLPT_3
欠ける,かける,JLPT JLPT_2 JLPT_3
加減,かげん,JLPT JLPT_2 JLPT_3
過去,かこ,JLPT Intermediate_Japanese JLPT_3 JLPT_2 Intermediate_Japanese_Ln.13
籠,かご,JLPT JLPT_2 JLPT_3
囲む,かこむ,JLPT JLPT_2 JLPT_3
火災,かさい,JLPT JLPT_2 JLPT_3
重なる,かさなる,JLPT JLPT_2 JLPT_3
重ねる,かさねる,JLPT JLPT_2 JLPT_3
飾り,かざり,JLPT JLPT_2 JLPT_3
貸し,かし,JLPT JLPT_2 JLPT_3
菓子,かし,JLPT JLPT_2 JLPT_3
家事,かじ,JLPT Intermediate_Japanese JLPT_3 JLPT_2 Intermediate_Japanese_Ln.14 Genki_Ln.22 Genki
賢い,かしこい,JLPT JLPT_2 JLPT_3
歌手,かしゅ,JLPT Genki_Ln.11 JLPT_3 JLPT_2 Genki
数,かず,JLPT Intermediate_Japanese JLPT_3 JLPT_2 Intermediate_Japanese_Ln.3
稼ぐ,かせぐ,JLPT JLPT_2 JLPT_3
数える,かぞえる,JLPT JLPT_2 JLPT_3
型,かた,JLPT JLPT_2 JLPT_3
肩,かた,JLPT JLPT_2 JLPT_3
堅い,かたい,JLPT JLPT_2 JLPT_3
硬い,かたい,JLPT JLPT_2 JLPT_3
方々,かたがた,JLPT JLPT_2 JLPT_3
片付く,かたづく,JLPT JLPT_2 JLPT_3
刀,かたな,JLPT JLPT_2 JLPT_3
語る,かたる,JLPT JLPT_2 JLPT_3
勝ち,かち,JLPT JLPT_2 JLPT_3
価値,かち,JLPT JLPT_2 JLPT_3
がっかり,がっかり,JLPT JLPT_2 JLPT_3
活気,かっき,JLPT Intermediate_Japanese JLPT_1 JLPT_3 JLPT_2 Intermediate_Japanese_Ln.10
楽器,がっき,JLPT Genki_Ln.13 JLPT_3 JLPT_2 Genki
学期,がっき,JLPT JLPT_2 JLPT_3
活動,かつどう,JLPT JLPT_2 JLPT_3
活躍,かつやく,JLPT JLPT_2 JLPT_3
活用,かつよう,JLPT JLPT_2 JLPT_3
仮定,かてい,JLPT JLPT_2 JLPT_3
過程,かてい,JLPT JLPT_2 JLPT_3
課程,かてい,JLPT JLPT_2 JLPT_3
悲しむ,かなしむ,JLPT JLPT_2 JLPT_3
必ずしも,かならずしも,JLPT JLPT_2 JLPT_3
かなり,かなり,JLPT Intermediate_Japanese JLPT_3 JLPT_2 Intermediate_Japanese_Ln.7
金,かね,JLPT JLPT_2 JLPT_3
鐘,かね,JLPT JLPT_2 JLPT_3
可能,かのう,JLPT JLPT_2 JLPT_3
株,かぶ,JLPT JLPT_2 JLPT_3
被る,かぶる,JLPT JLPT_2 JLPT_3
我慢,がまん,JLPT JLPT_2 JLPT_3
上,かみ,JLPT JLPT_2 JLPT_3
神,かみ,JLPT JLPT_2 JLPT_3
雷,かみなり,JLPT JLPT_2 JLPT_3
髪の毛,かみのけ,JLPT JLPT_2 JLPT_3
科目,かもく,JLPT JLPT_2 JLPT_3
かもしれない,かもしれない,JLPT JLPT_2 JLPT_3
かゆい,かゆい,JLPT JLPT_2 JLPT_3
歌謡,かよう,JLPT JLPT_2 JLPT_3
空,から,JLPT JLPT_2 JLPT_3
殻,から,JLPT JLPT_2 JLPT_3
柄,がら,JLPT JLPT_2 JLPT_3
刈る,かる,JLPT JLPT_2 JLPT_3
河,かわ,JLPT JLPT_2 JLPT_3
皮,かわ,JLPT JLPT_2 JLPT_3
革,かわ,JLPT JLPT_2 JLPT_3
可愛そう,かわいそう,JLPT JLPT_2 JLPT_3
可愛らしい,かわいらしい,JLPT JLPT_2 JLPT_3
乾かす,かわかす,JLPT JLPT_2 JLPT_3
渇く,かわく,JLPT JLPT_2 JLPT_3
代る,かわる,JLPT JLPT_2 JLPT_3
缶,かん,JLPT_1 JLPT JLPT_2 JLPT_3
勘,かん,JLPT JLPT_2 JLPT_3
考え,かんがえ,JLPT JLPT_2 JLPT_3
感覚,かんかく,JLPT JLPT_2 JLPT_3
間隔,かんかく,JLPT JLPT_2 JLPT_3
観客,かんきゃく,JLPT Intermediate_Japanese JLPT_3 JLPT_2 Intermediate_Japanese_Ln.7
環境,かんきょう,JLPT JLPT_3 JLPT_2 Genki Genki_Ln.21
歓迎,かんげい,JLPT Intermediate_Japanese JLPT_3 JLPT_2 Intermediate_Japanese_Ln.5
観光,かんこう,Genki_Ln.15 JLPT JLPT_3 JLPT_2 Genki
観察,かんさつ,JLPT JLPT_2 JLPT_3
感じ,かんじ,JLPT JLPT_2 JLPT_3
感謝,かんしゃ,JLPT JLPT_2 JLPT_3
患者,かんじゃ,JLPT Intermediate_Japanese JLPT_3 JLPT_2 Intermediate_Japanese_Ln.12
勘定,かんじょう,JLPT JLPT_2 JLPT_3
感情,かんじょう,JLPT JLPT_2 JLPT_3
感じる,かんじる,JLPT JLPT_2 JLPT_3
感心,かんしん,JLPT JLPT_2 JLPT_3
関心,かんしん,JLPT JLPT_2 JLPT_3
関する,かんする,JLPT JLPT_2 JLPT_3
完成,かんせい,JLPT JLPT_2 JLPT_3
完全,かんぜん,JLPT JLPT_2 JLPT_3
乾燥,かんそう,JLPT JLPT_2 JLPT_3
感想,かんそう,JLPT Intermediate_Japanese JLPT_3 JLPT_2 Intermediate_Japanese_Ln.11
感動,かんどう,JLPT JLPT_2 JLPT_3
監督,かんとく,JLPT Intermediate_Japanese JLPT_3 JLPT_2 Intermediate_Japanese_Ln.7
管理,かんり,JLPT JLPT_2 JLPT_3
完了,かんりょう,JLPT JLPT_2 JLPT_3
関連,かんれん,JLPT JLPT_2 JLPT_3
議員,ぎいん,JLPT JLPT_2 JLPT_3
記憶,きおく,JLPT JLPT_2 JLPT_3
気温,きおん,JLPT Genki_Ln.12 JLPT_3 JLPT_2 Genki
機械,きかい,JLPT Intermediate_Japanese JLPT_3 JLPT_2 Intermediate_Japanese_Ln.14
器械,きかい,JLPT JLPT_2 JLPT_3
議会,ぎかい,JLPT JLPT_2 JLPT_3
期間,きかん,JLPT JLPT_2 JLPT_3
機関,きかん,JLPT JLPT_2 JLPT_3
企業,きぎょう,JLPT Intermediate_Japanese JLPT_3 JLPT_2 Intermediate_Japanese_Ln.14
効く,きく,JLPT JLPT_2 JLPT_3
期限,きげん,JLPT JLPT_2 JLPT_3
機嫌,きげん,JLPT JLPT_2 JLPT_3
気候,きこう,JLPT JLPT_2 JLPT_3
岸,きし,JLPT JLPT_2 JLPT_3
生地,きじ,JLPT JLPT_2 JLPT_3
記事,きじ,JLPT JLPT_2 JLPT_3
技師,ぎし,JLPT JLPT_2 JLPT_3
記者,きしゃ,JLPT Intermediate_Japanese JLPT_3 JLPT_2 Intermediate_Japanese_Ln.15
傷,きず,JLPT JLPT_2 JLPT_3
期待,きたい,JLPT JLPT_2 JLPT_3
気体,きたい,JLPT JLPT_2 JLPT_3
帰宅,きたく,JLPT JLPT_2 JLPT_3
貴重,きちょう,JLPT JLPT_2 JLPT_3
議長,ぎちょう,JLPT JLPT_2 JLPT_3
きちんと,きちんと,JLPT JLPT_2 JLPT_3
きつい,きつい,JLPT JLPT_2 JLPT_3
気付く,きづく,JLPT JLPT_2 JLPT_3
気に入る,きにいる,JLPT JLPT_2 JLPT_3
記入,きにゅう,JLPT JLPT_2 JLPT_3
記念,きねん,JLPT JLPT_2 JLPT_3
機能,きのう,JLPT JLPT_2 JLPT_3
気の毒,きのどく,JLPT JLPT_2 JLPT_3
寄付,きふ,JLPT JLPT_2 JLPT_3
希望,きぼう,JLPT Intermediate_Japanese JLPT_3 JLPT_2 Intermediate_Japanese_Ln.3
基本,きほん,JLPT Intermediate_Japanese JLPT_3 JLPT_2 Intermediate_Japanese_Ln.15
決まり,きまり,JLPT JLPT_2 JLPT_3
気味,きみ,JLPT JLPT_2 JLPT_3
奇妙,きみょう,JLPT JLPT_2 JLPT_3
義務,ぎむ,JLPT JLPT_2 JLPT_3
疑問,ぎもん,JLPT JLPT_2 JLPT_3
逆,ぎゃく,JLPT JLPT_2 JLPT_3
キャプテン,キャプテン,JLPT JLPT_2 JLPT_3
キャンプ,キャンプ,JLPT Genki_Ln.11 JLPT_3 JLPT_2 Genki
旧,きゅう,JLPT JLPT_2 JLPT_3
級,きゅう,JLPT JLPT_2 JLPT_3
球,きゅう,JLPT JLPT_2 JLPT_3
休暇,きゅうか,JLPT Intermediate_Japanese JLPT_3 JLPT_2 Intermediate_Japanese_Ln.1
休憩,きゅうけい,JLPT JLPT_2 JLPT_3
急激,きゅうげき,JLPT JLPT_2 JLPT_3
吸収,きゅうしゅう,JLPT JLPT_2 JLPT_3
救助,きゅうじょ,JLPT JLPT_2 JLPT_3
急速,きゅうそく,JLPT JLPT_2 JLPT_3
休息,きゅうそく,JLPT JLPT_2 JLPT_3
急に,きゅうに,JLPT JLPT_2 JLPT_3
給料,きゅうりょう,Genki_Ln.17 JLPT JLPT_3 JLPT_2 Genki
器用,きよう,JLPT JLPT_2 JLPT_3
教科書,きょうかしょ,JLPT Intermediate_Japanese JLPT_3 JLPT_2 Genki_Ln.6 Intermediate_Japanese_Ln.13 Genki
競技,きょうぎ,JLPT JLPT_2 JLPT_3
行儀,ぎょうぎ,JLPT JLPT_2 JLPT_3
供給,きょうきゅう,JLPT JLPT_2 JLPT_3
教授,きょうじゅ,JLPT JLPT_2 JLPT_3
強調,きょうちょう,JLPT JLPT_2 JLPT_3
共通,きょうつう,JLPT JLPT_2 JLPT_3
共同,きょうどう,JLPT JLPT_2 JLPT_3
恐怖,きょうふ,JLPT JLPT_2 JLPT_3
協力,きょうりょく,JLPT JLPT_2 JLPT_3
強力,きょうりょく,JLPT JLPT_2 JLPT_3
許可,きょか,JLPT Intermediate_Japanese JLPT_3 JLPT_2 Intermediate_Japanese_Ln.4
局,きょく,JLPT JLPT_2 JLPT_3
巨大,きょだい,JLPT JLPT_2 JLPT_3
嫌う,きらう,JLPT JLPT_2 JLPT_3
霧,きり,JLPT JLPT_2 JLPT_3
切れ,きれ,JLPT JLPT_2 JLPT_3
切れる,きれる,JLPT JLPT_2 JLPT_3
記録,きろく,JLPT JLPT_2 JLPT_3
議論,ぎろん,JLPT JLPT_2 JLPT_3
金,きん,JLPT JLPT_2 JLPT_3
銀,ぎん,JLPT JLPT_2 JLPT_3
禁煙,きんえん,JLPT JLPT_2 JLPT_3
金額,きんがく,JLPT JLPT_2 JLPT_3
金庫,きんこ,JLPT JLPT_2 JLPT_3
禁止,きんし,JLPT JLPT_2 JLPT_3
金銭,きんせん,JLPT JLPT_2 JLPT_3
金属,きんぞく,JLPT JLPT_2 JLPT_3
近代,きんだい,JLPT JLPT_2 JLPT_3
緊張,きんちょう,JLPT JLPT_2 JLPT_3
筋肉,きんにく,JLPT JLPT_2 JLPT_3
金融,きんゆう,JLPT JLPT_2 JLPT_3
句,く,JLPT JLPT_2 JLPT_3
食う,くう,JLPT JLPT_2 JLPT_3
偶然,ぐうぜん,JLPT Intermediate_Japanese JLPT_3 JLPT_2 Intermediate_Japanese_Ln.4
臭い,くさい,JLPT JLPT_2 JLPT_3
鎖,くさり,JLPT JLPT_2 JLPT_3
腐る,くさる,JLPT JLPT_2 JLPT_3
癖,くせ,JLPT JLPT_2 JLPT_3
管,くだ,JLPT JLPT_2 JLPT_3
具体,ぐたい,JLPT JLPT_2 JLPT_3
下り,くだり,JLPT JLPT_2 JLPT_3
下る,くだる,JLPT JLPT_2 JLPT_3
苦痛,くつう,JLPT JLPT_2 JLPT_3
ぐっすり,ぐっすり,JLPT JLPT_2 JLPT_3
区別,くべつ,JLPT JLPT_2 JLPT_3
組,くみ,JLPT JLPT_2 JLPT_3
組合,くみあい,JLPT JLPT_2 JLPT_3
組む,くむ,JLPT JLPT_2 JLPT_3
汲む,くむ,JLPT JLPT_2 JLPT_3
酌む,くむ,JLPT JLPT_2 JLPT_3
悔しい,くやしい,JLPT JLPT_2 JLPT_3
位,くらい,JLPT JLPT_2 JLPT_3
暮らし,くらし,JLPT Intermediate_Japanese JLPT_3 JLPT_2 Intermediate_Japanese_Ln.13
クラシック,クラシック,JLPT JLPT_2 JLPT_3
暮らす,くらす,JLPT Intermediate_Japanese JLPT_3 JLPT_2 Intermediate_Japanese_Ln.11
グラス,グラス,JLPT JLPT_2 JLPT_3
グランド,グランド,JLPT JLPT_2 JLPT_3
クリーム,クリーム,JLPT JLPT_2 JLPT_3
繰り返す,くりかえす,JLPT JLPT_2 JLPT_3
クリスマス,クリスマス,JLPT Genki_Ln.14 JLPT_3 JLPT_2 Genki
狂う,くるう,JLPT JLPT_2 JLPT_3
グループ,グループ,JLPT JLPT_2 JLPT_3
苦しい,くるしい,JLPT Intermediate_Japanese JLPT_3 JLPT_2 Intermediate_Japanese_Ln.15
苦しむ,くるしむ,JLPT JLPT_2 JLPT_3
暮れ,くれ,JLPT JLPT_2 JLPT_3
苦労,くろう,JLPT Intermediate_Japanese JLPT_3 JLPT_2 Intermediate_Japanese_Ln.14
加える,くわえる,JLPT JLPT_2 JLPT_3
咥える,くわえる,JLPT JLPT_2 JLPT_3
詳しい,くわしい,JLPT Intermediate_Japanese JLPT_3 JLPT_2 Intermediate_Japanese_Ln.8
加わる,くわわる,JLPT JLPT_2 JLPT_3
訓,くん,JLPT JLPT_2 JLPT_3
軍,ぐん,JLPT JLPT_2 JLPT_3
郡,ぐん,JLPT JLPT_2 JLPT_3
軍隊,ぐんたい,JLPT JLPT_2 JLPT_3
訓練,くんれん,JLPT JLPT_2 JLPT_3
下,げ,JLPT JLPT_2 JLPT_3
計,けい,JLPT JLPT_2 JLPT_3
敬意,けいい,JLPT JLPT_2 JLPT_3
経営,けいえい,JLPT JLPT_2 JLPT_3
景気,けいき,JLPT JLPT_2 JLPT_3
傾向,けいこう,JLPT JLPT_2 JLPT_3
警告,けいこく,JLPT JLPT_2 JLPT_3
計算,けいさん,JLPT JLPT_2 JLPT_3
掲示,けいじ,JLPT JLPT_2 JLPT_3
刑事,けいじ,JLPT JLPT_2 JLPT_3
芸術,げいじゅつ,JLPT Intermediate_Japanese JLPT_3 JLPT_2 Intermediate_Japanese_Ln.10
契約,けいやく,JLPT JLPT_2 JLPT_3
経由,けいゆ,JLPT JLPT_2 JLPT_3
ケース,ケース,JLPT_1 JLPT JLPT_2 JLPT_3
ゲーム,ゲーム,JLPT JLPT_2 JLPT_3
劇,げき,JLPT JLPT_2 JLPT_3
劇場,げきじょう,JLPT JLPT_2 JLPT_3
化粧,けしょう,JLPT JLPT_2 JLPT_3
けち,けち,JLPT JLPT_2 JLPT_3
血液,けつえき,JLPT JLPT_2 JLPT_3
結果,けっか,JLPT Intermediate_Japanese JLPT_3 JLPT_2 Intermediate_Japanese_Ln.5
欠陥,けっかん,JLPT JLPT_2 JLPT_3
結局,けっきょく,JLPT JLPT_2 JLPT_3
決心,けっしん,JLPT JLPT_2 JLPT_3
欠席,けっせき,JLPT JLPT_2 JLPT_3
決定,けってい,JLPT JLPT_2 JLPT_3
欠点,けってん,JLPT JLPT_2 JLPT_3
結論,けつろん,JLPT JLPT_2 JLPT_3
煙,けむり,JLPT JLPT_2 JLPT_3
蹴る,ける,JLPT JLPT_3 JLPT_2 Genki Genki_Ln.21
券,けん,JLPT JLPT_2 JLPT_3
県,けん,JLPT Intermediate_Japanese JLPT_3 JLPT_2 Intermediate_Japanese_Ln.7
見解,けんかい,JLPT JLPT_2 JLPT_3
限界,げんかい,JLPT JLPT_2 JLPT_3
現金,げんきん,JLPT Intermediate_Japanese JLPT_3 JLPT_2 Intermediate_Japanese_Ln.9
言語,げんご,JLPT JLPT_2 JLPT_3
健康,けんこう,JLPT JLPT_2 JLPT_3
検査,けんさ,JLPT JLPT_2 JLPT_3
現在,げんざい,JLPT Intermediate_Japanese JLPT_3 JLPT_2 Intermediate_Japanese_Ln.12
現実,げんじつ,JLPT JLPT_2 JLPT_3
現象,げんしょう,JLPT JLPT_2 JLPT_3
現状,げんじょう,JLPT JLPT_2 JLPT_3
建設,けんせつ,JLPT JLPT_2 JLPT_3
現代,げんだい,JLPT JLPT_2 JLPT_3
建築,けんちく,JLPT JLPT_2 JLPT_3
見当,けんとう,JLPT JLPT_2 JLPT_3
検討,けんとう,JLPT JLPT_2 JLPT_3
現場,げんば,JLPT JLPT_2 JLPT_3
憲法,けんぽう,JLPT JLPT_2 JLPT_3
権利,けんり,JLPT JLPT_2 JLPT_3
後,ご,JLPT JLPT_2 JLPT_3
碁,ご,JLPT JLPT_2 JLPT_3
恋,こい,JLPT JLPT_2 JLPT_3
濃い,こい,JLPT JLPT_2 JLPT_3
恋人,こいびと,JLPT Intermediate_Japanese JLPT_3 JLPT_2 Intermediate_Japanese_Ln.9
幸運,こううん,JLPT JLPT_2 JLPT_3
講演,こうえん,JLPT Intermediate_Japanese JLPT_3 JLPT_2 Intermediate_Japanese_Ln.15
効果,こうか,JLPT JLPT_2 JLPT_3
硬貨,こうか,JLPT JLPT_2 JLPT_3
高価,こうか,JLPT JLPT_2 JLPT_3
豪華,ごうか,JLPT JLPT_2 JLPT_3
合格,ごうかく,JLPT JLPT_2 JLPT_3
交換,こうかん,JLPT JLPT_2 JLPT_3
航空,こうくう,JLPT JLPT_2 JLPT_3
光景,こうけい,JLPT JLPT_2 JLPT_3
合計,ごうけい,JLPT JLPT_2 JLPT_3
攻撃,こうげき,JLPT JLPT_2 JLPT_3
貢献,こうけん,JLPT JLPT_2 JLPT_3
広告,こうこく,JLPT Genki_Ln.13 Intermediate_Japanese JLPT_3 JLPT_2 Intermediate_Japanese_Ln.15 Genki
交際,こうさい,JLPT JLPT_2 JLPT_3
校舎,こうしゃ,JLPT JLPT_2 JLPT_3
後者,こうしゃ,JLPT JLPT_2 JLPT_3
工場,こうば,JLPT JLPT_2 JLPT_3
公正,こうせい,JLPT JLPT_2 JLPT_3
構成,こうせい,JLPT JLPT_2 JLPT_3
高速,こうそく,JLPT JLPT_2 JLPT_3
行動,こうどう,JLPT JLPT_2 JLPT_3
強盗,ごうとう,JLPT JLPT_2 JLPT_3
後輩,こうはい,JLPT JLPT_3 JLPT_2 Genki_Ln.22 Genki
幸福,こうふく,JLPT JLPT_2 JLPT_3
公平,こうへい,JLPT JLPT_2 JLPT_3
候補,こうほ,JLPT JLPT_2 JLPT_3
考慮,こうりょ,JLPT JLPT_2 JLPT_3
越える,こえる,JLPT JLPT_2 JLPT_3
超える,こえる,JLPT JLPT_2 JLPT_3
コーチ,コーチ,JLPT JLPT_2 JLPT_3
コード,コード,JLPT JLPT_2 JLPT_3
氷,こおり,JLPT JLPT_2 JLPT_3
凍る,こおる,JLPT JLPT_2 JLPT_3
ゴール,ゴール,JLPT JLPT_2 JLPT_3
誤解,ごかい,JLPT Intermediate_Japanese JLPT_3 JLPT_2 Intermediate_Japanese_Ln.15
語学,ごがく,JLPT Intermediate_Japanese JLPT_3 JLPT_2 Intermediate_Japanese_Ln.8
呼吸,こきゅう,JLPT JLPT_2 JLPT_3
故郷,こきょう,JLPT JLPT_2 JLPT_3
極,ごく,JLPT JLPT_2 JLPT_3
国語,こくご,JLPT JLPT_2 JLPT_3
国籍,こくせき,JLPT JLPT_2 JLPT_3
黒板,こくばん,JLPT Intermediate_Japanese JLPT_3 JLPT_2 Intermediate_Japanese_Ln.13
克服,こくふく,JLPT JLPT_2 JLPT_3
国民,こくみん,JLPT JLPT_2 JLPT_3
穀物,こくもつ,JLPT JLPT_2 JLPT_3
腰,こし,JLPT JLPT_2 JLPT_3
胡椒,こしょう,JLPT JLPT_2 JLPT_3
個人,こじん,JLPT Intermediate_Japanese JLPT_3 JLPT_2 Intermediate_Japanese_Ln.14
越す,こす,JLPT JLPT_2 JLPT_3
超す,こす,JLPT JLPT_2 JLPT_3
国家,こっか,JLPT JLPT_2 JLPT_3
国会,こっかい,JLPT JLPT_2 JLPT_3
国境,こっきょう,JLPT JLPT_2 JLPT_3
骨折,こっせつ,JLPT JLPT_2 JLPT_3
小包,こづつみ,JLPT JLPT_2 JLPT_3
琴,こと,JLPT JLPT_2 JLPT_3
異なる,ことなる,JLPT JLPT_2 JLPT_3
諺,ことわざ,JLPT JLPT_2 JLPT_3
断る,ことわる,JLPT JLPT_2 JLPT_3
粉,こな,JLPT JLPT_2 JLPT_3
好み,このみ,JLPT JLPT_2 JLPT_3
好む,このむ,JLPT JLPT_2 JLPT_3
こぼす,こぼす,JLPT JLPT_2 JLPT_3
こぼれる,こぼれる,JLPT JLPT_2 JLPT_3
塵,ごみ,JLPT JLPT_2 JLPT_3
小麦,こむぎ,JLPT JLPT_2 JLPT_3
ごめんなさい,ごめんなさい,JLPT JLPT_3 JLPT_2 Genki_Ln.4 Genki
小屋,こや,JLPT JLPT_2 JLPT_3
これら,これら,JLPT JLPT_2 JLPT_3
殺す,ころす,JLPT JLPT_2 JLPT_3
転ぶ,ころぶ,JLPT Genki_Ln.18 JLPT_3 JLPT_2 Genki
今回,こんかい,JLPT JLPT_2 JLPT_3
今後,こんご,JLPT JLPT_2 JLPT_3
混雑,こんざつ,JLPT JLPT_2 JLPT_3
こんなに,こんなに,JLPT JLPT_2 JLPT_3
困難,こんなん,JLPT JLPT_2 JLPT_3
今日,こんにち,JLPT JLPT_2 JLPT_3
こんにちは,こんにちは,JLPT JLPT_2 JLPT_3
婚約,こんやく,JLPT JLPT_2 JLPT_3
混乱,こんらん,JLPT JLPT_2 JLPT_3
差,さ,JLPT JLPT_2 JLPT_3
サービス,サービス,JLPT JLPT_2 JLPT_3
際,さい,JLPT JLPT_2 JLPT_3
最高,さいこう,JLPT JLPT_2 JLPT_3
財産,ざいさん,JLPT JLPT_2 JLPT_3
最終,さいしゅう,JLPT JLPT_2 JLPT_3
最中,さいちゅう,JLPT JLPT_2 JLPT_3
最低,さいてい,Genki_Ln.17 JLPT JLPT_3 JLPT_2 Genki
才能,さいのう,JLPT JLPT_2 JLPT_3
裁判,さいばん,JLPT JLPT_2 JLPT_3
材料,ざいりょう,JLPT JLPT_2 JLPT_3
幸い,さいわい,JLPT Intermediate_Japanese JLPT_3 JLPT_2 Intermediate_Japanese_Ln.8
サイン,サイン,JLPT JLPT_2 JLPT_3
境,さかい,JLPT JLPT_2 JLPT_3
逆らう,さからう,JLPT JLPT_2 JLPT_3
盛り,さかり,JLPT JLPT_2 JLPT_3
作業,さぎょう,JLPT JLPT_2 JLPT_3
裂く,さく,JLPT JLPT_2 JLPT_3
昨,さく,JLPT JLPT_2 JLPT_3
作品,さくひん,JLPT JLPT_2 JLPT_3
作物,さくもつ,JLPT JLPT_2 JLPT_3
桜,さくら,JLPT JLPT_2 JLPT_3
酒,さけ,JLPT JLPT_2 JLPT_3
叫ぶ,さけぶ,JLPT JLPT_2 JLPT_3
避ける,さける,JLPT Intermediate_Japanese JLPT_3 JLPT_2 Intermediate_Japanese_Ln.15
支える,ささえる,JLPT JLPT_2 JLPT_3
刺さる,ささる,JLPT JLPT_2 JLPT_3
刺す,さす,JLPT JLPT_3 JLPT_2 Genki Genki_Ln.21
指す,さす,JLPT JLPT_2 JLPT_3
挿す,さす,JLPT JLPT_2 JLPT_3
注す,さす,JLPT JLPT_2 JLPT_3
射す,さす,JLPT JLPT_2 JLPT_3
座席,ざせき,JLPT Intermediate_Japanese JLPT_3 JLPT_2 Intermediate_Japanese_Ln.10
誘う,さそう,Genki_Ln.15 Intermediate_Japanese JLPT JLPT_3 JLPT_2 Intermediate_Japanese_Ln.7 Genki
札,さつ,JLPT JLPT_2 JLPT_3
作家,さっか,JLPT JLPT_2 JLPT_3
作曲,さっきょく,JLPT JLPT_2 JLPT_3
ざっと,ざっと,JLPT JLPT_2 JLPT_3
さっぱり,さっぱり,JLPT JLPT_2 JLPT_3
さて,さて,JLPT Intermediate_Japanese JLPT_3 JLPT_2 Intermediate_Japanese_Ln.12
砂漠,さばく,JLPT JLPT_2 JLPT_3
差別,さべつ,JLPT JLPT_2 JLPT_3
ママ,ママ,JLPT JLPT_2 JLPT_3
豆,まめ,JLPT JLPT_2 JLPT_3
守る,まもる,JLPT JLPT_2 JLPT_3
迷う,まよう,JLPT JLPT_2 JLPT_3
丸,まる,JLPT JLPT_2 JLPT_3
円,まる,JLPT JLPT_2 JLPT_3
まるで,まるで,JLPT JLPT_2 JLPT_3
万一,まんいち,JLPT JLPT_2 JLPT_3
満足,まんぞく,JLPT JLPT_2 JLPT_3
身,み,JLPT JLPT_2 JLPT_3
実,み,JLPT JLPT_2 JLPT_3
見送り,みおくり,JLPT JLPT_2 JLPT_3
味方,みかた,JLPT JLPT_2 JLPT_3
見事,みごと,JLPT JLPT_2 JLPT_3
ミス,ミス,JLPT_1 JLPT JLPT_2 JLPT_3
満ちる,みちる,JLPT JLPT_2 JLPT_3
密,みつ,JLPT JLPT_2 JLPT_3
認める,みとめる,JLPT Intermediate_Japanese JLPT_3 JLPT_2 Intermediate_Japanese_Ln.13 Intermediate_Japanese_Ln.3
見舞い,みまい,JLPT JLPT_2 JLPT_3
土産,みやげ,JLPT JLPT_2 JLPT_3
都,みやこ,JLPT Intermediate_Japanese JLPT_3 JLPT_2 Intermediate_Japanese_Ln.10
妙,みょう,JLPT JLPT_2 JLPT_3
明後日,みょうごにち,JLPT JLPT_2 JLPT_3
未来,みらい,JLPT JLPT_2 JLPT_3
魅力,みりょく,JLPT JLPT_2 JLPT_3
診る,みる,JLPT Intermediate_Japanese JLPT_3 JLPT_2 Intermediate_Japanese_Ln.12
ミルク,ミルク,JLPT JLPT_2 JLPT_3
無,む,JLPT JLPT_2 JLPT_3
向かい,むかい,JLPT JLPT_2 JLPT_3
迎え,むかえ,JLPT JLPT_2 JLPT_3
向く,むく,JLPT JLPT_2 JLPT_3
剥く,むく,JLPT JLPT_2 JLPT_3
向ける,むける,JLPT JLPT_2 JLPT_3
無視,むし,JLPT JLPT_2 JLPT_3
蒸し暑い,むしあつい,JLPT JLPT_2 JLPT_3
虫歯,むしば,JLPT JLPT_2 JLPT_3
寧ろ,むしろ,JLPT JLPT_2 JLPT_3
蒸す,むす,JLPT JLPT_2 JLPT_3
結ぶ,むすぶ,JLPT JLPT_2 JLPT_3
無駄,むだ,JLPT JLPT_2 JLPT_3
夢中,むちゅう,JLPT JLPT_2 JLPT_3
胸,むね,JLPT JLPT_2 JLPT_3
無料,むりょう,JLPT JLPT_2 JLPT_3
芽,め,JLPT JLPT_2 JLPT_3
明確,めいかく,JLPT JLPT_2 JLPT_3
名刺,めいし,JLPT Intermediate_Japanese JLPT_3 JLPT_2 Intermediate_Japanese_Ln.1
名詞,めいし,JLPT JLPT_2 JLPT_3
命じる,めいじる,JLPT JLPT_2 JLPT_3
名人,めいじん,JLPT JLPT_2 JLPT_3
命令,めいれい,JLPT JLPT_2 JLPT_3
迷惑,めいわく,JLPT JLPT_2 JLPT_3
目上,めうえ,JLPT Intermediate_Japanese JLPT_3 JLPT_2 Intermediate_Japanese_Ln.2
飯,めし,JLPT JLPT_2 JLPT_3
滅多に,めったに,JLPT JLPT_2 JLPT_3
メモ,メモ,JLPT JLPT_2 JLPT_3
面,めん,JLPT JLPT_2 JLPT_3
綿,めん,JLPT JLPT_2 JLPT_3
免許,めんきょ,JLPT JLPT_3 JLPT_2 Genki_Ln.22 Genki
面接,めんせつ,JLPT Intermediate_Japanese JLPT_3 JLPT_2 Genki Genki_Ln.23 Intermediate_Japanese_Ln.3
面倒,めんどう,JLPT JLPT_2 JLPT_3
メンバー,メンバー,JLPT JLPT_2 JLPT_3
申し込む,もうしこむ,JLPT Intermediate_Japanese JLPT_3 JLPT_2 Intermediate_Japanese_Ln.3
申し訳,もうしわけ,JLPT JLPT_2 JLPT_3
毛布,もうふ,JLPT JLPT_2 JLPT_3
燃える,もえる,JLPT JLPT_2 JLPT_3
目的,もくてき,JLPT Intermediate_Japanese JLPT_3 JLPT_2 Intermediate_Japanese_Ln.3
目標,もくひょう,JLPT JLPT_2 JLPT_3
文字,もじ,JLPT JLPT_2 JLPT_3
文字,もんじ,JLPT JLPT_2 JLPT_3
もしかすると,もしかすると,JLPT JLPT_2 JLPT_3
もしも,もしも,JLPT JLPT_2 JLPT_3
持ち上げる,もちあげる,JLPT JLPT_2 JLPT_3
用いる,もちいる,JLPT JLPT_2 JLPT_3
もったいない,もったいない,JLPT JLPT_2 JLPT_3
尤も,もっとも,JLPT JLPT_2 JLPT_3
元,もと,JLPT JLPT_2 JLPT_3
基,もと,JLPT JLPT_2 JLPT_3
素,もと,JLPT JLPT_2 JLPT_3
戻す,もどす,JLPT JLPT_2 JLPT_3
基づく,もとづく,JLPT JLPT_2 JLPT_3
求める,もとめる,JLPT Intermediate_Japanese JLPT_3 JLPT_2 Intermediate_Japanese_Ln.4
者,もの,JLPT Intermediate_Japanese JLPT_3 JLPT_2 Intermediate_Japanese_Ln.3
物音,ものおと,JLPT JLPT_2 JLPT_3
物語,ものがたり,JLPT JLPT_2 JLPT_3
物事,ものごと,JLPT JLPT_2 JLPT_3
燃やす,もやす,JLPT JLPT_2 JLPT_3
模様,もよう,JLPT JLPT_2 JLPT_3
文句,もんく,JLPT Intermediate_Japanese Genki JLPT_3 JLPT_2 Intermediate_Japanese_Ln.14 Genki_Ln.21 Intermediate_Japanese_Ln.11
やがて,やがて,JLPT Intermediate_Japanese JLPT_3 JLPT_2 Intermediate_Japanese_Ln.8
役,やく,JLPT JLPT_2 JLPT_3
約,やく,JLPT Intermediate_Japanese JLPT_3 JLPT_2 Intermediate_Japanese_Ln.11
訳,やく,JLPT JLPT_2 JLPT_3
訳す,やくす,JLPT Intermediate_Japanese JLPT_3 JLPT_2 Intermediate_Japanese_Ln.2
役割,やくわり,JLPT JLPT_2 JLPT_3
家賃,やちん,JLPT Genki_Ln.18 JLPT_3 JLPT_2 Genki
厄介,やっかい,JLPT JLPT_2 JLPT_3
宿,やど,JLPT JLPT_2 JLPT_3
雇う,やとう,JLPT Intermediate_Japanese JLPT_3 JLPT_2 Intermediate_Japanese_Ln.8
屋根,やね,JLPT JLPT_2 JLPT_3
破る,やぶる,JLPT JLPT_2 JLPT_3
破れる,やぶれる,JLPT JLPT_2 JLPT_3
辞める,やめる,JLPT JLPT_2 JLPT_3
やや,やや,JLPT JLPT_2 JLPT_3
唯一,ゆいいつ,JLPT JLPT_2 JLPT_3
勇気,ゆうき,JLPT JLPT_2 JLPT_3
友好,ゆうこう,JLPT JLPT_2 JLPT_3
有効,ゆうこう,JLPT Intermediate_Japanese JLPT_3 JLPT_2 Intermediate_Japanese_Ln.10
優秀,ゆうしゅう,JLPT JLPT_2 JLPT_3
優勝,ゆうしょう,JLPT Intermediate_Japanese JLPT_3 JLPT_2 Intermediate_Japanese_Ln.7
友情,ゆうじょう,JLPT JLPT_2 JLPT_3
友人,ゆうじん,JLPT Intermediate_Japanese JLPT_3 JLPT_2 Intermediate_Japanese_Ln.15 Intermediate_Japanese_Ln.2
有能,ゆうのう,JLPT JLPT_2 JLPT_3
郵便,ゆうびん,JLPT JLPT_2 JLPT_3
ユーモア,ユーモア,JLPT JLPT_2 JLPT_3
有利,ゆうり,JLPT JLPT_2 JLPT_3
床,ゆか,JLPT JLPT_2 JLPT_3
愉快,ゆかい,JLPT JLPT_2 JLPT_3
譲る,ゆずる,JLPT JLPT_2 JLPT_3
豊か,ゆたか,JLPT JLPT_2 JLPT_3
茹でる,ゆでる,JLPT JLPT_2 JLPT_3
許す,ゆるす,JLPT Intermediate_Japanese JLPT_3 JLPT_2 Intermediate_Japanese_Ln.8
夜,よ,JLPT JLPT_2 JLPT_3
夜明け,よあけ,JLPT JLPT_2 JLPT_3
酔う,よう,JLPT JLPT_2 JLPT_3
容易,ようい,JLPT JLPT_2 JLPT_3
容器,ようき,JLPT JLPT_2 JLPT_3
陽気,ようき,JLPT JLPT_2 JLPT_3
要求,ようきゅう,JLPT JLPT_2 JLPT_3
用心,ようじん,JLPT JLPT_2 JLPT_3
様子,ようす,JLPT JLPT_2 JLPT_3
要するに,ようするに,JLPT JLPT_2 JLPT_3
要素,ようそ,JLPT JLPT_2 JLPT_3
要点,ようてん,JLPT JLPT_2 JLPT_3
曜日,ようび,JLPT JLPT_2 JLPT_3
ヨーロッパ,ヨーロッパ,JLPT JLPT_2 JLPT_3
予期,よき,JLPT JLPT_2 JLPT_3
横切る,よこぎる,JLPT JLPT_2 JLPT_3
汚す,よごす,JLPT JLPT_2 JLPT_3
予算,よさん,JLPT JLPT_2 JLPT_3
止す,よす,JLPT JLPT_2 JLPT_3
寄せる,よせる,JLPT JLPT_2 JLPT_3
予測,よそく,JLPT JLPT_2 JLPT_3
ヨット,ヨット,JLPT JLPT_2 JLPT_3
夜中,よなか,JLPT JLPT_2 JLPT_3
世の中,よのなか,JLPT Intermediate_Japanese JLPT_3 JLPT_2 Intermediate_Japanese_Ln.14
余分,よぶん,JLPT JLPT_2 JLPT_3
予報,よほう,JLPT JLPT_2 JLPT_3
予防,よぼう,JLPT JLPT_2 JLPT_3
読み,よみ,JLPT JLPT_2 JLPT_3
嫁,よめ,JLPT JLPT_2 JLPT_3
余裕,よゆう,JLPT Intermediate_Japanese JLPT_3 JLPT_2 Intermediate_Japanese_Ln.15
より,より,JLPT JLPT_2 JLPT_3
因る,よる,JLPT JLPT_2 JLPT_3
喜び,よろこび,JLPT JLPT_2 JLPT_3
よろしく (かん),よろしく (かん),JLPT JLPT_2 JLPT_3
四,よん,JLPT JLPT_2 JLPT_3
来,らい～,JLPT JLPT_2 JLPT_3
ライター,ライター,JLPT JLPT_2 JLPT_3
楽,らく,JLPT JLPT_2 JLPT_3
ラケット,ラケット,JLPT JLPT_2 JLPT_3
利益,りえき,JLPT JLPT_2 JLPT_3
理解,りかい,JLPT JLPT_2 JLPT_3
陸,りく,JLPT JLPT_2 JLPT_3
利口,りこう,JLPT JLPT_2 JLPT_3
離婚,りこん,JLPT JLPT_2 JLPT_3
理想,りそう,JLPT JLPT_3 JLPT_2 Genki_Ln.23 Genki
率,りつ,JLPT JLPT_2 JLPT_3
留学,りゅうがく,JLPT JLPT_2 JLPT_3
流行,りゅうこう,JLPT JLPT_2 JLPT_3
量,りょう,JLPT JLPT_2 JLPT_3
寮,りょう,Genki_Ln.17 JLPT Intermediate_Japanese JLPT_3 JLPT_2 Intermediate_Japanese_Ln.2 Genki
両替,りょうがえ,JLPT JLPT_2 JLPT_3
料金,りょうきん,JLPT Intermediate_Japanese JLPT_3 JLPT_2 Intermediate_Japanese_Ln.10
例,れい,JLPT Intermediate_Japanese JLPT_3 JLPT_2 Intermediate_Japanese_Ln.2
礼,れい,JLPT JLPT_2 JLPT_3
例外,れいがい,JLPT JLPT_2 JLPT_3
礼儀,れいぎ,JLPT JLPT_2 JLPT_3
冷静,れいせい,JLPT JLPT_2 JLPT_3
列,れつ,JLPT JLPT_2 JLPT_3
列車,れっしゃ,JLPT JLPT_2 JLPT_3
レベル,レベル,JLPT Intermediate_Japanese JLPT_3 JLPT_2 Intermediate_Japanese_Ln.5
連想,れんそう,JLPT JLPT_2 JLPT_3
連続,れんぞく,JLPT JLPT_2 JLPT_3
老人,ろうじん,JLPT JLPT_2 JLPT_3
労働,ろうどう,JLPT JLPT_2 JLPT_3
ロケット,ロケット,JLPT JLPT_2 JLPT_3
論じる,ろんじる,JLPT JLPT_2 JLPT_3
論争,ろんそう,JLPT JLPT_2 JLPT_3
論文,ろんぶん,JLPT JLPT_2 JLPT_3
輪,わ,JLPT JLPT_2 JLPT_3
ワイン,ワイン,JLPT Intermediate_Japanese JLPT_3 JLPT_2 Intermediate_Japanese_Ln.9
わがまま,わがまま,JLPT JLPT_2 JLPT_3
別れ,わかれ,JLPT JLPT_2 JLPT_3
分かれる,わかれる,JLPT JLPT_2 JLPT_3
脇,わき,JLPT JLPT_2 JLPT_3
湧く,わく,JLPT JLPT_2 JLPT_3
分ける,わける,JLPT JLPT_2 JLPT_3
わざと,わざと,JLPT JLPT_2 JLPT_3
僅か,わずか,JLPT JLPT_2 JLPT_3
綿,わた,JLPT JLPT_2 JLPT_3
話題,わだい,JLPT JLPT_2 JLPT_3
笑い,わらい,JLPT JLPT_2 JLPT_3
割る,わる,JLPT JLPT_2 JLPT_3
悪口,わるくち,JLPT JLPT_2 JLPT_3
我々,われわれ,JLPT JLPT_2 JLPT_3
湾,わん,JLPT JLPT_2 JLPT_3
椀,わん,JLPT JLPT_2 JLPT_3
碗,わん,JLPT JLPT_2 JLPT_3
悪,あく,JLPT_1 JLPT JLPT_3
当り,あたり,JLPT_1 JLPT JLPT_3
アップ,アップ,JLPT_1 JLPT JLPT_3
宛てる,あてる,JLPT_1 JLPT JLPT_3
アンケート,アンケート,JLPT_1 JLPT JLPT_3
異,い,JLPT_1 JLPT JLPT_3
意,い,JLPT_1 JLPT JLPT_3
医院,いいん,JLPT_1 JLPT JLPT_3
怒り,いかり,JLPT_1 JLPT JLPT_3
粋,いき,JLPT_1 JLPT JLPT_3
意地,いじ,JLPT_1 JLPT JLPT_3
依然,いぜん,JLPT_1 JLPT JLPT_3
傷める,いためる,JLPT_1 JLPT JLPT_3
炒める,いためる,JLPT_1 JLPT JLPT_3
一帯,いったい,JLPT_1 JLPT JLPT_3
異動,いどう,JLPT_1 JLPT JLPT_3
衣料,いりょう,JLPT_1 JLPT JLPT_3
渦,うず,JLPT_1 JLPT JLPT_3
埋まる,うまる,JLPT_1 JLPT JLPT_3
産む,うむ,JLPT Intermediate_Japanese JLPT_1 JLPT_3 Intermediate_Japanese_Ln.14
縁,えん,JLPT_1 JLPT JLPT_3
尾,お,JLPT_1 JLPT JLPT_3
負う,おう,JLPT_1 JLPT JLPT_3
遅れ,おくれ,JLPT Intermediate_Japanese JLPT_1 JLPT_3 Intermediate_Japanese_Ln.14
教え,おしえ,JLPT_1 JLPT JLPT_3
驚き,おどろき,JLPT_1 JLPT JLPT_3
織る,おる,JLPT_1 JLPT JLPT_3
欠く,かく,JLPT_1 JLPT JLPT_3
角,かく,JLPT_1 JLPT JLPT_3
核,かく,JLPT_1 JLPT JLPT_3
格,かく,JLPT_1 JLPT JLPT_3
学歴,がくれき,JLPT_1 JLPT JLPT_3
駆ける,かける,JLPT_1 JLPT JLPT_3
賭ける,かける,JLPT_1 JLPT JLPT_3
課題,かだい,JLPT_1 JLPT JLPT_3
片付け,かたづけ,JLPT_1 JLPT JLPT_3
加味,かみ,JLPT_1 JLPT JLPT_3
借り,かり,JLPT_1 JLPT JLPT_3
狩り,かり,JLPT_1 JLPT JLPT_3
管,かん,JLPT_1 JLPT JLPT_3
～観,かん,JLPT_1 JLPT JLPT_3
癌,がん,JLPT_1 JLPT JLPT_3
刊行,かんこう,JLPT_1 JLPT JLPT_3
慣行,かんこう,JLPT_1 JLPT JLPT_3
歓声,かんせい,JLPT_1 JLPT JLPT_3
官僚,かんりょう,JLPT_1 JLPT JLPT_3
器官,きかん,JLPT_1 JLPT JLPT_3
季刊,きかん,JLPT_1 JLPT JLPT_3
起源,きげん,JLPT_1 JLPT JLPT_3
機構,きこう,JLPT_1 JLPT JLPT_3
築く,きずく,JLPT_1 JLPT JLPT_3
規制,きせい,JLPT_1 JLPT JLPT_3
丘陵,きゅうりょう,JLPT_1 JLPT JLPT_3
協議,きょうぎ,JLPT_1 JLPT JLPT_3
享受,きょうじゅ,JLPT_1 JLPT JLPT_3
協調,きょうちょう,JLPT_1 JLPT JLPT_3
切り,きり,JLPT_1 JLPT JLPT_3
菌,きん,JLPT_1 JLPT JLPT_3
近視,きんし,JLPT_1 JLPT JLPT_3
苦,く,JLPT_1 JLPT JLPT_3
群,ぐん,JLPT_1 JLPT JLPT_3
刑,けい,JLPT_1 JLPT JLPT_3
経緯,けいい,JLPT_1 JLPT JLPT_3
計器,けいき,JLPT_1 JLPT JLPT_3
契機,けいき,JLPT_1 JLPT JLPT_3
携帯,けいたい,JLPT_1 JLPT JLPT_3
形態,けいたい,JLPT_1 JLPT JLPT_3
血管,けっかん,JLPT_1 JLPT JLPT_3
決行,けっこう,JLPT_1 JLPT JLPT_3
件,けん,JLPT_1 JLPT JLPT_3
減少,げんしょう,JLPT_1 JLPT JLPT_3
公演,こうえん,JLPT_1 JLPT JLPT_3
後悔,こうかい,JLPT_1 JLPT JLPT_3
航海,こうかい,JLPT_1 JLPT JLPT_3
拘束,こうそく,JLPT_1 JLPT JLPT_3
荒廃,こうはい,JLPT_1 JLPT JLPT_3
降伏,こうふく,JLPT_1 JLPT JLPT_3
興奮,こうふん,JLPT_1 JLPT JLPT_3
語句,ごく,JLPT_1 JLPT JLPT_3
個々,ここ,JLPT_1 JLPT JLPT_3
故人,こじん,JLPT_1 JLPT JLPT_3
小銭,こぜに,JLPT_1 JLPT JLPT_3
ことによると,ことによると,JLPT_1 JLPT JLPT_3
コンテスト,コンテスト,JLPT_1 JLPT JLPT_3
採集,さいしゅう,JLPT_1 JLPT JLPT_3
作,さく,JLPT_1 JLPT JLPT_3
策,さく,JLPT_1 JLPT JLPT_3
設備,せつび,JLPT JLPT_2 JLPT_3
絶滅,ぜつめつ,JLPT JLPT_2 JLPT_3
節約,せつやく,JLPT JLPT_2 JLPT_3
攻める,せめる,JLPT JLPT_2 JLPT_3
責める,せめる,JLPT JLPT_2 JLPT_3
善,ぜん,JLPT JLPT_2 JLPT_3
全,ぜん,JLPT JLPT_2 JLPT_3
全員,ぜんいん,JLPT JLPT_2 JLPT_3
専攻,せんこう,JLPT JLPT_2 JLPT_3
全国,ぜんこく,JLPT Intermediate_Japanese JLPT_3 JLPT_2 Intermediate_Japanese_Ln.7
洗剤,せんざい,JLPT JLPT_2 JLPT_3
先日,せんじつ,JLPT Intermediate_Japanese JLPT_3 JLPT_2 Intermediate_Japanese_Ln.2
前者,ぜんしゃ,JLPT JLPT_2 JLPT_3
選手,せんしゅ,JLPT Intermediate_Japanese JLPT_3 JLPT_2 Intermediate_Japanese_Ln.7
全身,ぜんしん,JLPT JLPT_2 JLPT_3
前進,ぜんしん,JLPT JLPT_2 JLPT_3
センター,センター,JLPT JLPT_2 JLPT_3
全体,ぜんたい,JLPT JLPT_2 JLPT_3
選択,せんたく,JLPT JLPT_2 JLPT_3
宣伝,せんでん,JLPT JLPT_2 JLPT_3
象,ぞう,JLPT Genki_Ln.13 JLPT_3 JLPT_2 Genki
騒音,そうおん,JLPT JLPT_2 JLPT_3
増加,ぞうか,JLPT JLPT_2 JLPT_3
操作,そうさ,JLPT JLPT_2 JLPT_3
想像,そうぞう,JLPT JLPT_2 JLPT_3
相続,そうぞく,JLPT JLPT_2 JLPT_3
装置,そうち,JLPT JLPT_2 JLPT_3
相当,そうとう,JLPT JLPT_2 JLPT_3
速度,そくど,JLPT JLPT_2 JLPT_3
底,そこ,JLPT JLPT_2 JLPT_3
そこで,そこで,JLPT JLPT_2 JLPT_3
組織,そしき,JLPT JLPT_2 JLPT_3
そして,そして,JLPT Genki_Ln.11 JLPT_3 JLPT_2 Genki
注ぐ,そそぐ,JLPT JLPT_2 JLPT_3
育つ,そだつ,JLPT JLPT_2 JLPT_3
そっくり,そっくり,JLPT JLPT_2 JLPT_3
そっと,そっと,JLPT JLPT_2 JLPT_3
袖,そで,JLPT JLPT_2 JLPT_3
備える,そなえる,JLPT JLPT_2 JLPT_3
具える,そなえる,JLPT JLPT_2 JLPT_3
そのうえ,そのうえ,JLPT JLPT_2 JLPT_3
そのうち,そのうち,JLPT Intermediate_Japanese JLPT_3 JLPT_2 Intermediate_Japanese_Ln.1
そのまま,そのまま,JLPT JLPT_2 JLPT_3
蕎麦,そば,JLPT JLPT_2 JLPT_3
ソファー,ソファー,JLPT Intermediate_Japanese JLPT_3 JLPT_2 Intermediate_Japanese_Ln.12
粗末,そまつ,JLPT JLPT_2 JLPT_3
それぞれ,それぞれ,JLPT JLPT_2 JLPT_3
それでも,それでも,JLPT JLPT_2 JLPT_3
それと,それと,JLPT JLPT_2 JLPT_3
それとも,それとも,JLPT JLPT_2 JLPT_3
揃う,そろう,JLPT JLPT_2 JLPT_3
揃える,そろえる,JLPT JLPT_2 JLPT_3
損,そん,JLPT JLPT_2 JLPT_3
損害,そんがい,JLPT JLPT_2 JLPT_3
尊敬,そんけい,JLPT JLPT_2 JLPT_3
存在,そんざい,JLPT JLPT_2 JLPT_3
尊重,そんちょう,JLPT JLPT_2 JLPT_3
田,た,JLPT JLPT_2 JLPT_3
他,た,JLPT JLPT_2 JLPT_3
対,たい,JLPT JLPT_2 JLPT_3
大,だい,JLPT JLPT_2 JLPT_3
題,だい,JLPT JLPT_2 JLPT_3
体育,たいいく,JLPT JLPT_2 JLPT_3
体温,たいおん,JLPT JLPT_2 JLPT_3
大会,たいかい,JLPT Intermediate_Japanese JLPT_3 JLPT_2 Intermediate_Japanese_Ln.7
大気,たいき,JLPT JLPT_2 JLPT_3
代金,だいきん,JLPT JLPT_2 JLPT_3
退屈,たいくつ,JLPT JLPT_2 JLPT_3
滞在,たいざい,JLPT JLPT_2 JLPT_3
大使,たいし,JLPT JLPT_2 JLPT_3
大した,たいした,JLPT Intermediate_Japanese JLPT_3 JLPT_2 Intermediate_Japanese_Ln.13
体重,たいじゅう,JLPT Intermediate_Japanese JLPT_3 JLPT_2 Intermediate_Japanese_Ln.4
対象,たいしょう,JLPT Intermediate_Japanese JLPT_3 JLPT_2 Intermediate_Japanese_Ln.8
対照,たいしょう,JLPT JLPT_2 JLPT_3
大臣,だいじん,JLPT JLPT_2 JLPT_3
対する,たいする,JLPT JLPT_2 JLPT_3
大戦,たいせん,JLPT JLPT_2 JLPT_3
態度,たいど,JLPT Intermediate_Japanese JLPT_3 JLPT_2 Intermediate_Japanese_Ln.3
大統領,だいとうりょう,JLPT JLPT_2 JLPT_3
大半,たいはん,JLPT Intermediate_Japanese JLPT_3 JLPT_2 Intermediate_Japanese_Ln.13
代表,だいひょう,JLPT Intermediate_Japanese JLPT_3 JLPT_2 Intermediate_Japanese_Ln.7
大部分,だいぶぶん,JLPT JLPT_2 JLPT_3
タイプライター,タイプライター,JLPT JLPT_2 JLPT_3
逮捕,たいほ,JLPT JLPT_2 JLPT_3
題名,だいめい,JLPT JLPT_2 JLPT_3
ダイヤ,ダイヤ,JLPT JLPT_2 JLPT_3
太陽,たいよう,JLPT JLPT_2 JLPT_3
平ら,たいら,JLPT JLPT_2 JLPT_3
代理,だいり,JLPT JLPT_2 JLPT_3
大陸,たいりく,JLPT Intermediate_Japanese JLPT_3 JLPT_2 Intermediate_Japanese_Ln.8
倒す,たおす,JLPT JLPT_2 JLPT_3
タオル,タオル,JLPT Genki_Ln.18 JLPT_3 JLPT_2 Genki
だが,だが,JLPT JLPT_2 JLPT_3
互い,たがい,JLPT JLPT_2 JLPT_3
高める,たかめる,JLPT JLPT_2 JLPT_3
宝,たから,JLPT JLPT_2 JLPT_3
宅,たく,JLPT JLPT_2 JLPT_3
炊く,たく,JLPT JLPT_2 JLPT_3
焚く,たく,JLPT JLPT_2 JLPT_3
抱く,だく,JLPT JLPT_2 JLPT_3
だけど,だけど,JLPT JLPT_2 JLPT_3
たしか,たしか,JLPT JLPT_2 JLPT_3
確かめる,たしかめる,JLPT JLPT_2 JLPT_3
多少,たしょう,JLPT Intermediate_Japanese JLPT_3 JLPT_2 Intermediate_Japanese_Ln.13
助かる,たすかる,JLPT Intermediate_Japanese Genki_Ln.18 JLPT_3 JLPT_2 Intermediate_Japanese_Ln.4 Genki
助ける,たすける,JLPT Intermediate_Japanese JLPT_3 JLPT_2 Genki Genki_Ln.22 Intermediate_Japanese_Ln.3
ただ,ただ,JLPT Intermediate_Japanese JLPT_3 JLPT_2 Intermediate_Japanese_Ln.9 Genki_Ln.23 Genki
只,ただ,JLPT JLPT_2 JLPT_3
唯,ただ,JLPT JLPT_2 JLPT_3
戦い,たたかい,JLPT JLPT_2 JLPT_3
戦う,たたかう,JLPT Intermediate_Japanese JLPT_3 JLPT_2 Intermediate_Japanese_Ln.7
叩く,たたく,JLPT JLPT_2 JLPT_3
直ちに,ただちに,JLPT JLPT_2 JLPT_3
畳む,たたむ,JLPT JLPT_2 JLPT_3
立ち上がる,たちあがる,JLPT JLPT_2 JLPT_3
立場,たちば,JLPT JLPT_2 JLPT_3
建つ,たつ,JLPT Intermediate_Japanese JLPT_3 JLPT_2 Intermediate_Japanese_Ln.10
経つ,たつ,JLPT Intermediate_Japanese JLPT_3 JLPT_2 Intermediate_Japanese_Ln.4
達する,たっする,JLPT JLPT_2 JLPT_3
唯,たった,JLPT JLPT_2 JLPT_3
だって,だって,JLPT JLPT_2 JLPT_3
たっぷり,たっぷり,JLPT JLPT_2 JLPT_3
たとえ,たとえ,JLPT JLPT_2 JLPT_3
谷,たに,JLPT JLPT_2 JLPT_3
他人,たにん,JLPT JLPT_2 JLPT_3
種,たね,JLPT JLPT_2 JLPT_3
束,たば,JLPT JLPT_2 JLPT_3
足袋,たび,JLPT JLPT_2 JLPT_3
度,たび,JLPT JLPT_2 JLPT_3
旅,たび,JLPT JLPT_2 JLPT_3
たびたび,たびたび,JLPT JLPT_2 JLPT_3
玉,たま,JLPT JLPT_2 JLPT_3
球,たま,JLPT JLPT_2 JLPT_3
弾,たま,JLPT JLPT_2 JLPT_3
偶,たま,JLPT JLPT_2 JLPT_3
騙す,だます,JLPT JLPT_2 JLPT_3
偶々,たまたま,JLPT JLPT_2 JLPT_3
たまらない,たまらない,JLPT JLPT_2 JLPT_3
溜まる,たまる,JLPT JLPT_2 JLPT_3
黙る,だまる,JLPT JLPT_2 JLPT_3
試し,ためし,JLPT JLPT_2 JLPT_3
試す,ためす,JLPT JLPT_2 JLPT_3
溜める,ためる,JLPT JLPT_2 JLPT_3
便り,たより,JLPT JLPT_2 JLPT_3
頼る,たよる,JLPT JLPT_2 JLPT_3
段,だん,JLPT JLPT_2 JLPT_3
単位,たんい,JLPT Intermediate_Japanese JLPT_3 JLPT_2 Intermediate_Japanese_Ln.3
単語,たんご,JLPT JLPT_3 JLPT_2 Genki_Ln.9 Genki
男子,だんし,JLPT JLPT_2 JLPT_3
単純,たんじゅん,JLPT JLPT_2 JLPT_3
誕生,たんじょう,JLPT JLPT_2 JLPT_3
ダンス,ダンス,JLPT JLPT_2 JLPT_3
団体,だんたい,JLPT JLPT_2 JLPT_3
担当,たんとう,JLPT JLPT_2 JLPT_3
単なる,たんなる,JLPT Intermediate_Japanese JLPT_3 JLPT_2 Intermediate_Japanese_Ln.15
単に,たんに,JLPT JLPT_2 JLPT_3
地,ち,JLPT JLPT_2 JLPT_3
地位,ちい,JLPT JLPT_2 JLPT_3
地域,ちいき,JLPT JLPT_2 JLPT_3
チーズ,チーズ,JLPT Intermediate_Japanese JLPT_3 JLPT_2 Intermediate_Japanese_Ln.9
チーム,チーム,JLPT Intermediate_Japanese JLPT_3 JLPT_2 Intermediate_Japanese_Ln.7
知恵,ちえ,JLPT JLPT_2 JLPT_3
地下,ちか,JLPT JLPT_2 JLPT_3
違い,ちがい,Genki_Ln.17 JLPT JLPT_3 JLPT_2 Genki
違いない,ちがいない,JLPT JLPT_2 JLPT_3
近頃,ちかごろ,JLPT JLPT_2 JLPT_3
地球,ちきゅう,JLPT JLPT_2 JLPT_3
地区,ちく,JLPT JLPT_2 JLPT_3
遅刻,ちこく,JLPT JLPT_2 JLPT_3
知事,ちじ,JLPT Intermediate_Japanese JLPT_3 JLPT_2 Intermediate_Japanese_Ln.4
知識,ちしき,JLPT Intermediate_Japanese JLPT_3 JLPT_2 Intermediate_Japanese_Ln.1
父親,ちちおや,JLPT JLPT_2 JLPT_3
知能,ちのう,JLPT JLPT_2 JLPT_3
地平線,ちへいせん,JLPT JLPT_2 JLPT_3
地方,ちほう,JLPT JLPT_2 JLPT_3
茶,ちゃ,JLPT JLPT_2 JLPT_3
チャンス,チャンス,JLPT JLPT_2 JLPT_3
ちゃんと,ちゃんと,JLPT JLPT_2 JLPT_3
中,ちゅう,JLPT JLPT_2 JLPT_3
注,ちゅう,JLPT JLPT_2 JLPT_3
中央,ちゅうおう,JLPT JLPT_2 JLPT_3
中学,ちゅうがく,JLPT Intermediate_Japanese JLPT_3 JLPT_2 Intermediate_Japanese_Ln.1
中古,ちゅうこ,JLPT JLPT_2 JLPT_3
中止,ちゅうし,JLPT JLPT_2 JLPT_3
駐車,ちゅうしゃ,JLPT JLPT_2 JLPT_3
昼食,ちゅうしょく,JLPT Intermediate_Japanese JLPT_3 JLPT_2 Intermediate_Japanese_Ln.6
中心,ちゅうしん,JLPT Intermediate_Japanese JLPT_3 JLPT_2 Intermediate_Japanese_Ln.10
注目,ちゅうもく,JLPT JLPT_2 JLPT_3
注文,ちゅうもん,JLPT JLPT_2 JLPT_3
長期,ちょうき,JLPT JLPT_2 JLPT_3
調査,ちょうさ,JLPT Intermediate_Japanese JLPT_3 JLPT_2 Intermediate_Japanese_Ln.5
調子,ちょうし,JLPT Intermediate_Japanese JLPT_3 JLPT_2 Intermediate_Japanese_Ln.5
頂上,ちょうじょう,JLPT JLPT_2 JLPT_3
ちょうだい,ちょうだい,JLPT Intermediate_Japanese JLPT_3 JLPT_2 Intermediate_Japanese_Ln.11
貯金,ちょきん,JLPT JLPT_2 JLPT_3
直接,ちょくせつ,JLPT JLPT_2 JLPT_3
著者,ちょしゃ,JLPT JLPT_2 JLPT_3
散らす,ちらす,JLPT JLPT_2 JLPT_3
散る,ちる,JLPT JLPT_2 JLPT_3
遂に,ついに,JLPT JLPT_2 JLPT_3
通過,つうか,JLPT JLPT_2 JLPT_3
通貨,つうか,JLPT JLPT_2 JLPT_3
通学,つうがく,JLPT JLPT_2 JLPT_3
通勤,つうきん,JLPT JLPT_2 JLPT_3
通行,つうこう,JLPT JLPT_2 JLPT_3
通じる,つうじる,JLPT JLPT_2 JLPT_3
通信,つうしん,JLPT JLPT_2 JLPT_3
通訳,つうやく,JLPT Intermediate_Japanese JLPT_3 JLPT_2 Intermediate_Japanese_Ln.8
捕まる,つかまる,JLPT JLPT_3 JLPT_2 Genki Genki_Ln.21
掴む,つかむ,JLPT JLPT_2 JLPT_3
疲れ,つかれ,JLPT JLPT_2 JLPT_3
付き合い,つきあい,JLPT Intermediate_Japanese JLPT_3 JLPT_2 Intermediate_Japanese_Ln.5
付合う,つきあう,JLPT JLPT_2 JLPT_3
次々,つぎつぎ,JLPT JLPT_2 JLPT_3
付く,つく,JLPT JLPT_2 JLPT_3
就く,つく,JLPT JLPT_2 JLPT_3
突く,つく,JLPT JLPT_2 JLPT_3
次ぐ,つぐ,JLPT JLPT_2 JLPT_3
注ぐ,つぐ,JLPT JLPT_2 JLPT_3
付ける,つける,JLPT JLPT_2 JLPT_3
着ける,つける,JLPT JLPT_2 JLPT_3
伝わる,つたわる,JLPT JLPT_2 JLPT_3
土,つち,JLPT JLPT_2 JLPT_3
続き,つづき,JLPT JLPT_2 JLPT_3
包み,つつみ,JLPT JLPT_2 JLPT_3
勤め,つとめ,JLPT JLPT_2 JLPT_3
務め,つとめ,JLPT JLPT_2 JLPT_3
繋がる,つながる,JLPT JLPT_2 JLPT_3
繋ぐ,つなぐ,JLPT JLPT_2 JLPT_3
繋げる,つなげる,JLPT JLPT_2 JLPT_3
常に,つねに,JLPT Intermediate_Japanese JLPT_3 JLPT_2 Intermediate_Japanese_Ln.11
翼,つばさ,JLPT JLPT_2 JLPT_3
つまり,つまり,JLPT Intermediate_Japanese JLPT_3 JLPT_2 Intermediate_Japanese_Ln.2
罪,つみ,JLPT JLPT_2 JLPT_3
積む,つむ,JLPT JLPT_2 JLPT_3
詰める,つめる,JLPT JLPT_2 JLPT_3
積もる,つもる,JLPT JLPT_2 JLPT_3
梅雨,つゆ,JLPT JLPT_2 JLPT_3
辛い,つらい,JLPT JLPT_2 JLPT_3
釣,つり,JLPT JLPT_2 JLPT_3
連れ,つれ,JLPT JLPT_2 JLPT_3
出,で,JLPT JLPT_2 JLPT_3
出会い,であい,JLPT JLPT_2 JLPT_3
出合い,であい,JLPT JLPT_2 JLPT_3
出会う,であう,JLPT JLPT_2 JLPT_3
提案,ていあん,JLPT JLPT_2 JLPT_3
定期,ていき,JLPT JLPT_2 JLPT_3
抵抗,ていこう,JLPT JLPT_2 JLPT_3
提出,ていしゅつ,JLPT JLPT_2 JLPT_3
停電,ていでん,JLPT JLPT_2 JLPT_3
程度,ていど,JLPT JLPT_2 JLPT_3
停留所,ていりゅうじょ,JLPT JLPT_2 JLPT_3
デート,デート,JLPT Intermediate_Japanese JLPT_3 JLPT_2 Intermediate_Japanese_Ln.5 Genki_Ln.3 Genki
敵,てき,JLPT JLPT_2 JLPT_3
出来事,できごと,JLPT JLPT_2 JLPT_3
適する,てきする,JLPT JLPT_2 JLPT_3
適切,てきせつ,JLPT JLPT_2 JLPT_3
適度,てきど,JLPT JLPT_2 JLPT_3
適用,てきよう,JLPT JLPT_2 JLPT_3
できれば,できれば,JLPT JLPT_2 JLPT_3
手品,てじな,JLPT JLPT_2 JLPT_3
ですから,ですから,JLPT JLPT_2 JLPT_3
鉄,てつ,JLPT JLPT_2 JLPT_3
哲学,てつがく,JLPT JLPT_2 JLPT_3
手伝い,てつだい,JLPT JLPT_2 JLPT_3
徹底,てってい,JLPT JLPT_2 JLPT_3
鉄道,てつどう,JLPT Intermediate_Japanese JLPT_3 JLPT_2 Intermediate_Japanese_Ln.10
徹夜,てつや,JLPT Intermediate_Japanese JLPT_3 JLPT_2 Intermediate_Japanese_Ln.7
手間,てま,JLPT JLPT_2 JLPT_3
デモ,デモ,JLPT JLPT_2 JLPT_3
典型,てんけい,JLPT JLPT_2 JLPT_3
天候,てんこう,JLPT JLPT_2 JLPT_3
電子,でんし,JLPT JLPT_2 JLPT_3
テント,テント,JLPT JLPT_2 JLPT_3
伝統,でんとう,JLPT JLPT_2 JLPT_3
天然,てんねん,JLPT JLPT_2 JLPT_3
問い,とい,JLPT JLPT_2 JLPT_3
党,とう,JLPT JLPT_2 JLPT_3
塔,とう,JLPT JLPT_2 JLPT_3
答案,とうあん,JLPT JLPT_2 JLPT_3
同一,どういつ,JLPT JLPT_2 JLPT_3
銅貨,どうか,JLPT JLPT_2 JLPT_3
当時,とうじ,JLPT Intermediate_Japanese JLPT_3 JLPT_2 Intermediate_Japanese_Ln.13
動詞,どうし,JLPT JLPT_2 JLPT_3
同時,どうじ,JLPT JLPT_2 JLPT_3
どうしても,どうしても,JLPT Intermediate_Japanese JLPT_3 JLPT_2 Intermediate_Japanese_Ln.11
どうぞよろしく,どうぞよろしく,JLPT JLPT_2 JLPT_3
到着,とうちゃく,JLPT JLPT_2 JLPT_3
道徳,どうとく,JLPT JLPT_2 JLPT_3
投票,とうひょう,JLPT JLPT_2 JLPT_3
東洋,とうよう,JLPT JLPT_2 JLPT_3
同様,どうよう,JLPT JLPT_2 JLPT_3
童謡,どうよう,JLPT JLPT_2 JLPT_3
同僚,どうりょう,JLPT Intermediate_Japanese JLPT_3 JLPT_2 Intermediate_Japanese_Ln.6 Genki Genki_Ln.21
道路,どうろ,JLPT JLPT_2 JLPT_3
通す,とおす,JLPT JLPT_2 JLPT_3
通り過ぎる,とおりすぎる,JLPT JLPT_2 JLPT_3
都会,とかい,JLPT JLPT_2 JLPT_3
溶く,とく,JLPT JLPT_2 JLPT_3
解く,とく,JLPT JLPT_2 JLPT_3
退く,どく,JLPT JLPT_2 JLPT_3
毒,どく,JLPT JLPT_2 JLPT_3
得意,とくい,JLPT JLPT_2 JLPT_3
読書,どくしょ,JLPT JLPT_2 JLPT_3
独身,どくしん,JLPT Intermediate_Japanese JLPT_3 JLPT_2 Intermediate_Japanese_Ln.14
特徴,とくちょう,JLPT Intermediate_Japanese JLPT_3 JLPT_2 Intermediate_Japanese_Ln.10
特長,とくちょう,JLPT JLPT_2 JLPT_3
独特,どくとく,JLPT JLPT_2 JLPT_3
独立,どくりつ,JLPT JLPT_2 JLPT_3
溶ける,とける,JLPT JLPT_2 JLPT_3
解ける,とける,JLPT JLPT_2 JLPT_3
どこか,どこか,JLPT JLPT_2 JLPT_3
ところが,ところが,JLPT JLPT_2 JLPT_3
ところで,ところで,JLPT Intermediate_Japanese JLPT_3 JLPT_2 Intermediate_Japanese_Ln.1
登山,とざん,JLPT JLPT_2 JLPT_3
都市,とし,JLPT JLPT_2 JLPT_3
年月,としつき,JLPT JLPT_2 JLPT_3
図書,としょ,JLPT JLPT_2 JLPT_3
年寄,としより,JLPT JLPT_2 JLPT_3
閉じる,とじる,JLPT JLPT_2 JLPT_3
途端,とたん,JLPT JLPT_2 JLPT_3
土地,とち,JLPT JLPT_2 JLPT_3
突然,とつぜん,JLPT JLPT_2 JLPT_3
トップ,トップ,JLPT JLPT_2 JLPT_3
届く,とどく,JLPT JLPT_2 JLPT_3
とにかく,とにかく,JLPT JLPT_3 JLPT_2 Genki Genki_Ln.21
飛ばす,とばす,JLPT JLPT_2 JLPT_3
飛び出す,とびだす,JLPT JLPT_2 JLPT_3
留める,とめる,JLPT JLPT_2 JLPT_3
泊める,とめる,JLPT Intermediate_Japanese JLPT_3 JLPT_2 Intermediate_Japanese_Ln.1
友,とも,JLPT JLPT_2 JLPT_3
共に,ともに,JLPT JLPT_2 JLPT_3
虎,とら,JLPT JLPT_2 JLPT_3
ドライブ,ドライブ,JLPT Genki_Ln.11 JLPT_3 JLPT_2 Genki
トラック,トラック,JLPT JLPT_2 JLPT_3
ドラマ,ドラマ,JLPT JLPT_2 JLPT_3
トランプ,トランプ,JLPT JLPT_2 JLPT_3
取り上げる,とりあげる,JLPT JLPT_2 JLPT_3
努力,どりょく,JLPT Intermediate_Japanese JLPT_3 JLPT_2 Intermediate_Japanese_Ln.14
トレーニング,トレーニング,JLPT JLPT_2 JLPT_3
ドレス,ドレス,JLPT JLPT_2 JLPT_3
取れる,とれる,JLPT JLPT_2 JLPT_3
泥,どろ,JLPT JLPT_2 JLPT_3
トン,トン,JLPT JLPT_2 JLPT_3
とんでもない,とんでもない,JLPT JLPT_2 JLPT_3
どんなに,どんなに,JLPT JLPT_2 JLPT_3
トンネル,トンネル,JLPT JLPT_2 JLPT_3
名,な,JLPT JLPT_2 JLPT_3
内容,ないよう,JLPT JLPT_2 JLPT_3
なお,なお,JLPT JLPT_2 JLPT_3
仲,なか,JLPT JLPT_2 JLPT_3
流す,ながす,JLPT JLPT_2 JLPT_3
半ば,なかば,JLPT JLPT_2 JLPT_3
仲間,なかま,JLPT JLPT_2 JLPT_3
中身,なかみ,JLPT Intermediate_Japanese JLPT_3 JLPT_2 Intermediate_Japanese_Ln.13
中味,なかみ,JLPT JLPT_2 JLPT_3
眺め,ながめ,JLPT Intermediate_Japanese JLPT_3 JLPT_2 Intermediate_Japanese_Ln.10
眺める,ながめる,JLPT JLPT_2 JLPT_3
流れ,ながれ,JLPT JLPT_2 JLPT_3
流れる,ながれる,JLPT JLPT_2 JLPT_3
亡くす,なくす,JLPT JLPT_2 JLPT_3
殴る,なぐる,JLPT JLPT_3 JLPT_2 Genki Genki_Ln.21
無し,なし,JLPT JLPT_2 JLPT_3
なぜなら,なぜなら,JLPT JLPT_2 JLPT_3
謎,なぞ,JLPT JLPT_2 JLPT_3
納得,なっとく,JLPT JLPT_2 JLPT_3
何か,なにか,JLPT JLPT_3 JLPT_2 Genki_Ln.8 Genki
なにも,なにも,JLPT JLPT_2 JLPT_3
鍋,なべ,JLPT JLPT_2 JLPT_3
生,なま,JLPT JLPT_2 JLPT_3
怠ける,なまける,JLPT JLPT_2 JLPT_3
波,なみ,JLPT JLPT_2 JLPT_3
涙,なみだ,JLPT JLPT_2 JLPT_3
悩む,なやむ,JLPT Intermediate_Japanese JLPT_3 JLPT_2 Intermediate_Japanese_Ln.14
鳴らす,ならす,JLPT JLPT_2 JLPT_3
為る,なる,JLPT JLPT_2 JLPT_3
生る,なる,JLPT JLPT_2 JLPT_3
馴れる,なれる,JLPT JLPT_2 JLPT_3
縄,なわ,JLPT JLPT_2 JLPT_3
何で,なんで,JLPT JLPT_2 JLPT_3
何でも,なんでも,JLPT JLPT_2 JLPT_3
何とか,なんとか,JLPT JLPT_2 JLPT_3
似合う,にあう,JLPT Intermediate_Japanese JLPT_3 JLPT_2 Intermediate_Japanese_Ln.11
煮える,にえる,JLPT JLPT_2 JLPT_3
苦手,にがて,JLPT JLPT_2 JLPT_3
握る,にぎる,JLPT JLPT_2 JLPT_3
日,にち,JLPT JLPT_2 JLPT_3
日常,にちじょう,JLPT JLPT_2 JLPT_3
日光,にっこう,JLPT JLPT_2 JLPT_3
日中,にっちゅう,JLPT JLPT_2 JLPT_3
にっこり,にっこり,JLPT JLPT_2 JLPT_3
日本,にっぽん,JLPT JLPT_2 JLPT_3
日本,にほん,JLPT JLPT_3 JLPT_2 Genki_Ln.1 Genki
入場,にゅうじょう,JLPT JLPT_2 JLPT_3
煮る,にる,JLPT JLPT_2 JLPT_3
人気,にんき,JLPT JLPT_2 JLPT_3
人間,にんげん,JLPT Intermediate_Japanese JLPT_3 JLPT_2 Intermediate_Japanese_Ln.11
抜く,ぬく,JLPT JLPT_2 JLPT_3
抜ける,ぬける,JLPT JLPT_2 JLPT_3
布,ぬの,JLPT JLPT_2 JLPT_3
濡らす,ぬらす,JLPT JLPT_2 JLPT_3
根,ね,JLPT JLPT_2 JLPT_3
値,ね,JLPT JLPT_2 JLPT_3
願い,ねがい,JLPT JLPT_2 JLPT_3
願う,ねがう,JLPT JLPT_2 JLPT_3
鼠,ねずみ,JLPT JLPT_2 JLPT_3
熱帯,ねったい,JLPT JLPT_2 JLPT_3
熱中,ねっちゅう,JLPT JLPT_2 JLPT_3
年間,ねんかん,JLPT JLPT_2 JLPT_3
年月,ねんげつ,JLPT JLPT_2 JLPT_3
年中,ねんじゅう,JLPT JLPT_2 JLPT_3
年代,ねんだい,JLPT JLPT_2 JLPT_3
年齢,ねんれい,JLPT JLPT_2 JLPT_3
野,の,JLPT JLPT_2 JLPT_3
能,のう,JLPT JLPT_2 JLPT_3
農家,のうか,JLPT JLPT_2 JLPT_3
農業,のうぎょう,JLPT Intermediate_Japanese JLPT_3 JLPT_2 Intermediate_Japanese_Ln.10
農民,のうみん,JLPT JLPT_2 JLPT_3
能力,のうりょく,JLPT JLPT_2 JLPT_3
ノー,ノー,JLPT JLPT_2 JLPT_3
軒,のき,JLPT JLPT_2 JLPT_3
残す,のこす,JLPT JLPT_2 JLPT_3
残り,のこり,JLPT JLPT_2 JLPT_3
乗せる,のせる,JLPT JLPT_2 JLPT_3
載せる,のせる,JLPT JLPT_2 JLPT_3
覗く,のぞく,JLPT JLPT_2 JLPT_3
除く,のぞく,JLPT JLPT_2 JLPT_3
望み,のぞみ,JLPT JLPT_2 JLPT_3
望む,のぞむ,JLPT JLPT_2 JLPT_3
後,のち,JLPT JLPT_2 JLPT_3
ノック,ノック,JLPT JLPT_2 JLPT_3
伸ばす,のばす,JLPT JLPT_2 JLPT_3
延ばす,のばす,JLPT JLPT_2 JLPT_3
伸びる,のびる,JLPT JLPT_2 JLPT_3
延びる,のびる,JLPT JLPT_2 JLPT_3
述べる,のべる,JLPT Intermediate_Japanese JLPT_3 JLPT_2 Intermediate_Japanese_Ln.13
上る,のぼる,JLPT JLPT_2 JLPT_3
昇る,のぼる,JLPT JLPT_2 JLPT_3
載る,のる,JLPT JLPT_2 JLPT_3
のんびり,のんびり,JLPT JLPT_3 JLPT_2 Genki_Ln.22 Genki
場,ば,JLPT JLPT_2 JLPT_3
はあ (かん),はあ (かん),JLPT JLPT_2 JLPT_3
パーセント,パーセント,JLPT JLPT_2 JLPT_3
灰,はい,JLPT JLPT_2 JLPT_3
梅雨,ばいう,JLPT JLPT_2 JLPT_3
バイオリン,バイオリン,JLPT Genki_Ln.13 JLPT_3 JLPT_2 Genki
ハイキング,ハイキング,JLPT JLPT_2 JLPT_3
配達,はいたつ,JLPT JLPT_2 JLPT_3
パイプ,パイプ,JLPT JLPT_2 JLPT_3
俳優,はいゆう,JLPT Intermediate_Japanese JLPT_3 JLPT_2 Intermediate_Japanese_Ln.13
パイロット,パイロット,JLPT JLPT_2 JLPT_3
生える,はえる,JLPT JLPT_2 JLPT_3
墓,はか,JLPT JLPT_2 JLPT_3
馬鹿,ばか,JLPT JLPT_2 JLPT_3
博士,はかせ,JLPT JLPT_2 JLPT_3
計る,はかる,JLPT JLPT_2 JLPT_3
量る,はかる,JLPT JLPT_2 JLPT_3
測る,はかる,JLPT JLPT_2 JLPT_3
掃く,はく,JLPT JLPT_2 JLPT_3
吐く,はく,JLPT Intermediate_Japanese JLPT_3 JLPT_2 Intermediate_Japanese_Ln.12
拍手,はくしゅ,JLPT JLPT_2 JLPT_3
莫大,ばくだい,JLPT JLPT_2 JLPT_3
爆発,ばくはつ,JLPT JLPT_2 JLPT_3
博物館,はくぶつかん,JLPT JLPT_2 JLPT_3
激しい,はげしい,JLPT JLPT_2 JLPT_3
はさみ,はさみ,JLPT JLPT_2 JLPT_3
破産,はさん,JLPT JLPT_2 JLPT_3
端,はし,JLPT JLPT_2 JLPT_3
始まり,はじまり,JLPT JLPT_2 JLPT_3
パス,パス,JLPT Intermediate_Japanese JLPT_3 JLPT_2 Intermediate_Japanese_Ln.10
外す,はずす,JLPT JLPT_2 JLPT_3
パスポート,パスポート,JLPT JLPT_2 JLPT_3
外れる,はずれる,JLPT JLPT_2 JLPT_3
旗,はた,JLPT JLPT_2 JLPT_3
肌,はだ,JLPT JLPT_2 JLPT_3
裸,はだか,JLPT JLPT_2 JLPT_3
畑,はたけ,JLPT JLPT_2 JLPT_3
働き,はたらき,JLPT JLPT_2 JLPT_3
バッグ,バッグ,JLPT JLPT_2 JLPT_3
発見,はっけん,JLPT JLPT_2 JLPT_3
発行,はっこう,JLPT JLPT_2 JLPT_3
発車,はっしゃ,JLPT JLPT_2 JLPT_3
発射,はっしゃ,JLPT JLPT_2 JLPT_3
罰する,ばっする,JLPT JLPT_2 JLPT_3
発達,はったつ,JLPT JLPT_2 JLPT_3
ばったり,ばったり,JLPT Intermediate_Japanese JLPT_3 JLPT_2 Intermediate_Japanese_Ln.11
発展,はってん,JLPT JLPT_2 JLPT_3
発表,はっぴょう,Genki_Ln.15 JLPT JLPT_3 JLPT_2 Genki
発明,はつめい,JLPT JLPT_2 JLPT_3
派手,はで,JLPT JLPT_2 JLPT_3
話し合う,はなしあう,JLPT JLPT_2 JLPT_3
離す,はなす,JLPT JLPT_2 JLPT_3
放す,はなす,JLPT JLPT_2 JLPT_3
離れる,はなれる,JLPT Intermediate_Japanese JLPT_3 JLPT_2 Intermediate_Japanese_Ln.15 Genki_Ln.23 Genki
放れる,はなれる,JLPT JLPT_2 JLPT_3
羽,はね,JLPT JLPT_2 JLPT_3
羽根,はね,JLPT JLPT_2 JLPT_3
幅,はば,JLPT JLPT_2 JLPT_3
母親,ははおや,JLPT JLPT_2 JLPT_3
省く,はぶく,JLPT JLPT_2 JLPT_3
場面,ばめん,JLPT JLPT_2 JLPT_3
流行る,はやる,JLPT JLPT_2 JLPT_3
腹,はら,JLPT JLPT_2 JLPT_3
原,はら,JLPT JLPT_2 JLPT_3
バランス,バランス,JLPT JLPT_2 JLPT_3
針,はり,JLPT JLPT_2 JLPT_3
範囲,はんい,JLPT JLPT_2 JLPT_3
反抗,はんこう,JLPT JLPT_2 JLPT_3
犯罪,はんざい,JLPT Intermediate_Japanese JLPT_3 JLPT_2 Intermediate_Japanese_Ln.10
ハンサム,ハンサム,JLPT JLPT_2 JLPT_3
反省,はんせい,JLPT JLPT_2 JLPT_3
判断,はんだん,JLPT JLPT_2 JLPT_3
犯人,はんにん,JLPT JLPT_3 JLPT_2 Genki Genki_Ln.21
販売,はんばい,JLPT JLPT_2 JLPT_3
灯,ひ,JLPT JLPT_2 JLPT_3
ビール,ビール,JLPT Genki_Ln.11 JLPT_3 JLPT_2 Genki
被害,ひがい,JLPT Intermediate_Japanese JLPT_3 JLPT_2 Intermediate_Japanese_Ln.10
比較,ひかく,JLPT JLPT_2 JLPT_3
ピクニック,ピクニック,JLPT JLPT_2 JLPT_3
悲劇,ひげき,JLPT JLPT_2 JLPT_3
飛行,ひこう,JLPT JLPT_2 JLPT_3
膝,ひざ,JLPT JLPT_2 JLPT_3
非常,ひじょう,JLPT JLPT_2 JLPT_3
美人,びじん,JLPT JLPT_2 JLPT_3
額,ひたい,JLPT JLPT_2 JLPT_3
日付,ひづけ,JLPT JLPT_2 JLPT_3
引越し,ひっこし,JLPT JLPT_2 JLPT_3
必死,ひっし,JLPT JLPT_2 JLPT_3
ぴったり,ぴったり,JLPT JLPT_2 JLPT_3
引っ張る,ひっぱる,JLPT JLPT_2 JLPT_3
否定,ひてい,JLPT JLPT_2 JLPT_3
ビデオ,ビデオ,JLPT JLPT_3 JLPT_2 Genki_Ln.3 Genki
一言,ひとこと,JLPT Intermediate_Japanese JLPT_3 JLPT_2 Intermediate_Japanese_Ln.12
人込み,ひとごみ,JLPT JLPT_2 JLPT_3
等しい,ひとしい,JLPT JLPT_2 JLPT_3
独り,ひとり,JLPT JLPT_2 JLPT_3
一人一人,ひとりひとり,JLPT JLPT_2 JLPT_3
批判,ひはん,JLPT JLPT_2 JLPT_3
批評,ひひょう,JLPT JLPT_2 JLPT_3
秘密,ひみつ,Genki_Ln.17 JLPT JLPT_3 JLPT_2 Genki
微妙,びみょう,JLPT JLPT_2 JLPT_3
紐,ひも,JLPT JLPT_2 JLPT_3
冷やす,ひやす,JLPT JLPT_2 JLPT_3
費用,ひよう,JLPT JLPT_2 JLPT_3
表,ひょう,JLPT JLPT_2 JLPT_3
秒,びょう,JLPT JLPT_2 JLPT_3
評価,ひょうか,JLPT JLPT_2 JLPT_3
表現,ひょうげん,JLPT JLPT_2 JLPT_3
表情,ひょうじょう,JLPT JLPT_2 JLPT_3
平等,びょうどう,JLPT JLPT_2 JLPT_3
評判,ひょうばん,JLPT JLPT_2 JLPT_3
表面,ひょうめん,JLPT JLPT_2 JLPT_3
広がる,ひろがる,JLPT JLPT_2 JLPT_3
広げる,ひろげる,JLPT JLPT_2 JLPT_3
広める,ひろめる,JLPT JLPT_2 JLPT_3
品,ひん,JLPT JLPT_2 JLPT_3
瓶,びん,JLPT JLPT_2 JLPT_3
便,びん,JLPT Genki_Ln.10 JLPT_3 JLPT_2 Genki
ピン,ピン,JLPT JLPT_2 JLPT_3
不,ふ,JLPT JLPT_2 JLPT_3
不,ぶ,JLPT JLPT_2 JLPT_3
無,ぶ,JLPT JLPT_2 JLPT_3
分,ぶ,JLPT JLPT_2 JLPT_3
不安,ふあん,JLPT JLPT_2 JLPT_3
風景,ふうけい,JLPT JLPT_2 JLPT_3
夫婦,ふうふ,JLPT Genki_Ln.14 Intermediate_Japanese JLPT_3 JLPT_2 Intermediate_Japanese_Ln.14 Genki
笛,ふえ,JLPT JLPT_2 JLPT_3
不可,ふか,JLPT JLPT_2 JLPT_3
深まる,ふかまる,JLPT JLPT_2 JLPT_3
武器,ぶき,JLPT JLPT_2 JLPT_3
拭く,ふく,JLPT JLPT_2 JLPT_3
服装,ふくそう,JLPT JLPT_2 JLPT_3
含む,ふくむ,JLPT JLPT_2 JLPT_3
含める,ふくめる,JLPT JLPT_2 JLPT_3
袋,ふくろ,JLPT JLPT_2 JLPT_3
不幸,ふこう,JLPT JLPT_2 JLPT_3
節,ふし,JLPT JLPT_2 JLPT_3
無事,ぶじ,JLPT JLPT_2 JLPT_3
不思議,ふしぎ,JLPT JLPT_2 JLPT_3
不自由,ふじゆう,JLPT JLPT_2 JLPT_3
夫人,ふじん,JLPT JLPT_2 JLPT_3
婦人,ふじん,JLPT Intermediate_Japanese JLPT_3 JLPT_2 Intermediate_Japanese_Ln.13
不正,ふせい,JLPT JLPT_2 JLPT_3
防ぐ,ふせぐ,JLPT JLPT_2 JLPT_3
不足,ふそく,JLPT JLPT_2 JLPT_3
舞台,ぶたい,JLPT JLPT_2 JLPT_3
双子,ふたご,JLPT JLPT_2 JLPT_3
再び,ふたたび,JLPT Intermediate_Japanese JLPT_3 JLPT_2 Intermediate_Japanese_Ln.13
普段,ふだん,JLPT Intermediate_Japanese JLPT_3 JLPT_2 Intermediate_Japanese_Ln.15
縁,ふち,JLPT JLPT_2 JLPT_3
打つ,ぶつ,JLPT JLPT_2 JLPT_3
不通,ふつう,JLPT JLPT_2 JLPT_3
物価,ぶっか,JLPT Genki_Ln.13 Intermediate_Japanese JLPT_3 JLPT_2 Intermediate_Japanese_Ln.6 Genki
ぶつかる,ぶつかる,JLPT JLPT_2 JLPT_3
ぶつける,ぶつける,JLPT JLPT_2 JLPT_3
物質,ぶっしつ,JLPT JLPT_2 JLPT_3
物理,ぶつり,JLPT JLPT_2 JLPT_3
筆,ふで,JLPT JLPT_2 JLPT_3
ふと,ふと,JLPT JLPT_2 JLPT_3
部分,ぶぶん,JLPT Intermediate_Japanese JLPT_3 JLPT_2 Intermediate_Japanese_Ln.12
不平,ふへい,JLPT JLPT_2 JLPT_3
不満,ふまん,JLPT JLPT_2 JLPT_3
増やす,ふやす,JLPT Intermediate_Japanese JLPT_3 JLPT_2 Intermediate_Japanese_Ln.14
殖やす,ふやす,JLPT JLPT_2 JLPT_3
プラス,プラス,JLPT JLPT_2 JLPT_3
プラスチック,プラスチック,JLPT JLPT_2 JLPT_3
プラン,プラン,JLPT JLPT_2 JLPT_3
不利,ふり,JLPT JLPT_2 JLPT_3
振る,ふる,JLPT JLPT_2 JLPT_3
震える,ふるえる,JLPT JLPT_2 JLPT_3
ブレーキ,ブレーキ,JLPT JLPT_2 JLPT_3
触れる,ふれる,JLPT JLPT_2 JLPT_3
プロ,プロ,JLPT JLPT_2 JLPT_3
分,ぶん,JLPT JLPT_2 JLPT_3
文,ぶん,JLPT JLPT_2 JLPT_3
雰囲気,ふんいき,JLPT Intermediate_Japanese JLPT_3 JLPT_2 Intermediate_Japanese_Ln.12
分析,ぶんせき,JLPT JLPT_2 JLPT_3
文明,ぶんめい,JLPT JLPT_2 JLPT_3
分野,ぶんや,JLPT JLPT_2 JLPT_3
塀,へい,JLPT JLPT_2 JLPT_3
平均,へいきん,JLPT Intermediate_Japanese JLPT_3 JLPT_2 Intermediate_Japanese_Ln.5
平和,へいわ,JLPT JLPT_2 JLPT_3
別に,べつに,JLPT JLPT_2 JLPT_3
減らす,へらす,JLPT JLPT_2 JLPT_3
減る,へる,JLPT JLPT_2 JLPT_3
ベルト,ベルト,JLPT JLPT_2 JLPT_3
変化,へんか,JLPT JLPT_2 JLPT_3
ペンキ,ペンキ,JLPT JLPT_2 JLPT_3
変更,へんこう,JLPT JLPT_2 JLPT_3
ベンチ,ベンチ,JLPT JLPT_2 JLPT_3
弁当,べんとう,JLPT JLPT_2 JLPT_3
方,ほう,JLPT JLPT_2 JLPT_3
法,ほう,JLPT JLPT_2 JLPT_3
棒,ぼう,JLPT JLPT_2 JLPT_3
冒険,ぼうけん,JLPT JLPT_2 JLPT_3
方向,ほうこう,JLPT JLPT_2 JLPT_3
報告,ほうこく,JLPT JLPT_2 JLPT_3
宝石,ほうせき,JLPT JLPT_2 JLPT_3
包装,ほうそう,JLPT JLPT_2 JLPT_3
豊富,ほうふ,JLPT JLPT_2 JLPT_3
方法,ほうほう,JLPT Intermediate_Japanese JLPT_3 JLPT_2 Intermediate_Japanese_Ln.8
方々,ほうぼう,JLPT JLPT_2 JLPT_3
訪問,ほうもん,JLPT JLPT_2 JLPT_3
吠える,ほえる,JLPT JLPT_2 JLPT_3
ボーイ,ボーイ,JLPT Intermediate_Japanese JLPT_3 JLPT_2 Intermediate_Japanese_Ln.6
ボート,ボート,JLPT JLPT_2 JLPT_3
ホーム,ホーム,JLPT JLPT_2 JLPT_3
ボール,ボール,JLPT JLPT_3 JLPT_2 Genki_Ln.22 Genki
他,ほか,JLPT JLPT_2 JLPT_3
誇り,ほこり,JLPT JLPT_2 JLPT_3
埃,ほこり,JLPT JLPT_2 JLPT_3
保証,ほしょう,JLPT JLPT_2 JLPT_3
保存,ほぞん,JLPT JLPT_2 JLPT_3
歩道,ほどう,JLPT JLPT_2 JLPT_3
仏,ほとけ,JLPT JLPT_2 JLPT_3
骨,ほね,JLPT JLPT_2 JLPT_3
炎,ほのお,JLPT JLPT_2 JLPT_3
頬,ほほ,JLPT JLPT_2 JLPT_3
頬,ほお,JLPT JLPT_2 JLPT_3
ほぼ,ほぼ,JLPT JLPT_2 JLPT_3
微笑む,ほほえむ,JLPT JLPT_2 JLPT_3
堀,ほり,JLPT JLPT_2 JLPT_3
濠,ほり,JLPT JLPT_2 JLPT_3
本当,ほんと,JLPT JLPT_2 JLPT_3
本人,ほんにん,JLPT JLPT_2 JLPT_3
本物,ほんもの,JLPT JLPT_2 JLPT_3
ぼんやり,ぼんやり,JLPT JLPT_2 JLPT_3
間,ま,JLPT JLPT_2 JLPT_3
まあ,まあ,JLPT Intermediate_Japanese JLPT_3 JLPT_2 Intermediate_Japanese_Ln.13
マーケット,マーケット,JLPT JLPT_2 JLPT_3
マイク,マイク,JLPT JLPT_2 JLPT_3
迷子,まいご,JLPT JLPT_2 JLPT_3
マイナス,マイナス,JLPT JLPT_2 JLPT_3
任せる,まかせる,JLPT JLPT_2 JLPT_3
巻く,まく,JLPT JLPT_2 JLPT_3
蒔く,まく,JLPT JLPT_2 JLPT_3
撒く,まく,JLPT JLPT_2 JLPT_3
幕,まく,JLPT JLPT_2 JLPT_3
負け,まけ,JLPT JLPT_2 JLPT_3
孫,まご,JLPT JLPT_2 JLPT_3
まさか,まさか,JLPT JLPT_2 JLPT_3
まさに,まさに,JLPT JLPT_2 JLPT_3
混ざる,まざる,JLPT JLPT_2 JLPT_3
交ざる,まざる,JLPT JLPT_2 JLPT_3
混じる,まじる,JLPT JLPT_2 JLPT_3
交じる,まじる,JLPT JLPT_2 JLPT_3
増す,ます,JLPT JLPT_2 JLPT_3
貧しい,まずしい,JLPT JLPT_2 JLPT_3
マスター,マスター,JLPT JLPT_2 JLPT_3
ますます,ますます,JLPT Intermediate_Japanese JLPT_3 JLPT_2 Intermediate_Japanese_Ln.9
混ぜる,まぜる,JLPT JLPT_2 JLPT_3
交ぜる,まぜる,JLPT JLPT_2 JLPT_3
街,まち,JLPT JLPT_2 JLPT_3
間違い,まちがい,JLPT Genki_Ln.19 JLPT_3 JLPT_2 Genki
松,まつ,JLPT JLPT_2 JLPT_3
真っ赤,まっか,JLPT JLPT_2 JLPT_3
全く,まったく,JLPT JLPT_2 JLPT_3
祭,まつり,JLPT JLPT_2 JLPT_3
まとまる,まとまる,JLPT JLPT_2 JLPT_3
まとめる,まとめる,JLPT JLPT_2 JLPT_3
学ぶ,まなぶ,JLPT Intermediate_Japanese JLPT_3 JLPT_2 Intermediate_Japanese_Ln.8
真似,まね,JLPT JLPT_2 JLPT_3
招く,まねく,JLPT Intermediate_Japanese JLPT_3 JLPT_2 Intermediate_Japanese_Ln.13
まぶしい,まぶしい,JLPT JLPT_2 JLPT_3
柵,さく,JLPT_1 JLPT JLPT_3
裂ける,さける,JLPT_1 JLPT JLPT_3
裁く,さばく,JLPT_1 JLPT JLPT_3
酸化,さんか,JLPT_1 JLPT JLPT_3
死,し,JLPT_1 JLPT JLPT_3
資格,しかく,JLPT_1 JLPT JLPT_3
視覚,しかく,JLPT_1 JLPT JLPT_3
指揮,しき,JLPT_1 JLPT JLPT_3
磁気,じき,JLPT_1 JLPT JLPT_3
磁器,じき,JLPT_1 JLPT JLPT_3
自己,じこ,JLPT_1 JLPT JLPT_3
字体,じたい,JLPT_1 JLPT JLPT_3
辞退,じたい,JLPT_1 JLPT JLPT_3
視点,してん,JLPT_1 JLPT JLPT_3
脂肪,しぼう,JLPT_1 JLPT JLPT_3
志望,しぼう,JLPT_1 JLPT JLPT_3
衆,しゅう,JLPT_1 JLPT JLPT_3
住,じゅう,JLPT_1 JLPT JLPT_3
修飾,しゅうしょく,JLPT_1 JLPT JLPT_3
私用,しよう,JLPT_1 JLPT JLPT_3
仕様,しよう,JLPT_1 JLPT JLPT_3
情,じょう,JLPT_1 JLPT JLPT_3
生涯,しょうがい,JLPT_1 JLPT JLPT_3
上司,じょうし,JLPT Intermediate_Japanese JLPT_1 JLPT_3 Intermediate_Japanese_Ln.9
正体,しょうたい,JLPT_1 JLPT JLPT_3
照明,しょうめい,JLPT_1 JLPT JLPT_3
女史,じょし,JLPT_1 JLPT JLPT_3
助詞,じょし,JLPT Intermediate_Japanese JLPT_1 JLPT_3 Intermediate_Japanese_Ln.13
ショック,ショック,JLPT Intermediate_Japanese JLPT_1 JLPT_3 Intermediate_Japanese_Ln.4
進行,しんこう,JLPT_1 JLPT JLPT_3
新興,しんこう,JLPT_1 JLPT JLPT_3
振興,しんこう,JLPT_1 JLPT JLPT_3
申告,しんこく,JLPT_1 JLPT JLPT_3
真理,しんり,JLPT_1 JLPT JLPT_3
水洗,すいせん,JLPT_1 JLPT JLPT_3
ストレス,ストレス,JLPT_1 JLPT JLPT_3
擦る,する,JLPT_1 JLPT JLPT_3
正規,せいき,JLPT_1 JLPT JLPT_3
精巧,せいこう,JLPT_1 JLPT JLPT_3
精算,せいさん,JLPT_1 JLPT JLPT_3
成年,せいねん,JLPT_1 JLPT JLPT_3
声明,せいめい,JLPT_1 JLPT JLPT_3
姓名,せいめい,JLPT_1 JLPT JLPT_3
生理,せいり,JLPT_1 JLPT JLPT_3
節,せつ,JLPT_1 JLPT JLPT_3
膳,ぜん,JLPT_1 JLPT JLPT_3
禅,ぜん,JLPT_1 JLPT JLPT_3
選挙,せんきょ,JLPT JLPT_1 JLPT_3 Genki_Ln.23 Genki
先行,せんこう,JLPT_1 JLPT JLPT_3
選考,せんこう,JLPT_1 JLPT JLPT_3
相,そう,JLPT_1 JLPT JLPT_3
沿う,そう,JLPT_1 JLPT JLPT_3
添う,そう,JLPT_1 JLPT JLPT_3
僧,そう,JLPT_1 JLPT JLPT_3
像,ぞう,JLPT_1 JLPT JLPT_3
捜査,そうさ,JLPT_1 JLPT JLPT_3
操縦,そうじゅう,JLPT_1 JLPT JLPT_3
創造,そうぞう,JLPT_1 JLPT JLPT_3
隊,たい,JLPT_1 JLPT JLPT_3
退学,たいがく,JLPT_1 JLPT JLPT_3
タイトル,タイトル,JLPT_1 JLPT JLPT_3
ダウン,ダウン,JLPT_1 JLPT JLPT_3
高まる,たかまる,JLPT Intermediate_Japanese JLPT_1 JLPT_3 Intermediate_Japanese_Ln.14
断つ,たつ,JLPT_1 JLPT JLPT_3
盾,たて,JLPT_1 JLPT JLPT_3
例え,たとえ,JLPT_1 JLPT JLPT_3
チャイム,チャイム,JLPT_1 JLPT JLPT_3
挑戦,ちょうせん,JLPT_1 JLPT JLPT_3
治療,ちりょう,JLPT_1 JLPT JLPT_3
対,つい,JLPT_1 JLPT JLPT_3
接ぐ,つぐ,JLPT_1 JLPT JLPT_3
継ぐ,つぐ,JLPT_1 JLPT JLPT_3
摘む,つむ,JLPT_1 JLPT JLPT_3
露,つゆ,JLPT_1 JLPT JLPT_3
強まる,つよまる,JLPT_1 JLPT JLPT_3
強める,つよめる,JLPT_1 JLPT JLPT_3
データ,データ,JLPT_1 JLPT JLPT_3
デザイン,デザイン,JLPT_1 JLPT JLPT_3
デザート,デザート,JLPT_1 JLPT JLPT_3
転校,てんこう,JLPT_1 JLPT JLPT_3
伝言,でんごん,JLPT_1 JLPT JLPT_3
と,と,JLPT_1 JLPT JLPT_3
問う,とう,JLPT_1 JLPT JLPT_3
棟,とう,JLPT_1 JLPT JLPT_3
倒産,とうさん,JLPT_1 JLPT JLPT_3
同士,どうし,JLPT Intermediate_Japanese JLPT_1 JLPT_3 Intermediate_Japanese_Ln.9
同志,どうし,JLPT_1 JLPT JLPT_3
当然,とうぜん,JLPT Intermediate_Japanese JLPT_1 JLPT_3 Intermediate_Japanese_Ln.15
動揺,どうよう,JLPT_1 JLPT JLPT_3
説く,とく,JLPT_1 JLPT JLPT_3
綴じる,とじる,JLPT_1 JLPT JLPT_3
供,とも,JLPT_1 JLPT JLPT_3
並,なみ,JLPT Intermediate_Japanese JLPT_1 JLPT_3 Intermediate_Japanese_Ln.6
慣らす,ならす,JLPT_1 JLPT JLPT_3
馴らす,ならす,JLPT_1 JLPT JLPT_3
難,なん,JLPT_1 JLPT JLPT_3
音,ね,JLPT_1 JLPT JLPT_3
年鑑,ねんかん,JLPT_1 JLPT JLPT_3
脳,のう,JLPT_1 JLPT JLPT_3
臨む,のぞむ,JLPT_1 JLPT JLPT_3
肺,はい,JLPT_1 JLPT JLPT_3
～敗,はい,JLPT_1 JLPT JLPT_3
映える,はえる,JLPT_1 JLPT JLPT_3
諮る,はかる,JLPT_1 JLPT JLPT_3
図る,はかる,JLPT_1 JLPT JLPT_3
生やす,はやす,JLPT_1 JLPT JLPT_3
班,はん,JLPT_1 JLPT JLPT_3
判,はん,JLPT_1 JLPT JLPT_3
版,はん,JLPT_1 JLPT JLPT_3
碑,ひ,JLPT_1 JLPT JLPT_3
非行,ひこう,JLPT_1 JLPT JLPT_3
票,ひょう,JLPT_1 JLPT JLPT_3
広まる,ひろまる,JLPT_1 JLPT JLPT_3
深める,ふかめる,JLPT_1 JLPT JLPT_3
福,ふく,JLPT_1 JLPT JLPT_3
振り,ふり,JLPT_1 JLPT JLPT_3
経る,へる,JLPT_1 JLPT JLPT_3
保護,ほご,JLPT_1 JLPT JLPT_3
保障,ほしょう,JLPT_1 JLPT JLPT_3
補償,ほしょう,JLPT_1 JLPT JLPT_3
ほっと,ほっと,JLPT_1 JLPT JLPT_3
前もって,まえもって,JLPT_1 JLPT JLPT_3
膜,まく,JLPT_1 JLPT JLPT_3
マスコミ,マスコミ,JLPT_1 JLPT JLPT_3
股,また,JLPT_1 JLPT JLPT_3
末,まつ,JLPT_1 JLPT JLPT_3
マッサージ,マッサージ,JLPT_1 JLPT JLPT_3
見掛ける,みかける,JLPT_1 JLPT JLPT_3
捲る,めくる,JLPT_1 JLPT JLPT_3
メッセージ,メッセージ,JLPT_1 JLPT JLPT_3
野党,やとう,JLPT_1 JLPT JLPT_3
優,ゆう,JLPT_1 JLPT JLPT_3
有機,ゆうき,JLPT_1 JLPT JLPT_3
世,よ,JLPT_1 JLPT JLPT_3
良い,よい,JLPT_1 JLPT JLPT_3
予想,よそう,JLPT_1 JLPT JLPT_3
弱まる,よわまる,JLPT_1 JLPT JLPT_3
弱める,よわめる,JLPT_1 JLPT JLPT_3
ラベル,ラベル,JLPT_1 JLPT JLPT_3
ルール,ルール,JLPT_1 JLPT JLPT_3
枠,わく,JLPT_1 JLPT JLPT_3
踏む,ふむ,JLPT JLPT_N4
～区,～く,JLPT JLPT_N4
すっと,すっと,JLPT JLPT_N4
盗む,ぬすむ,Genki Genki_Ln.21 JLPT JLPT_N4
大抵,たいてい,Genki Genki_Ln.3 JLPT JLPT_N4
とうとう,とうとう,JLPT JLPT_N4
ガソリン,ガソリン,Genki Genki_Ln.21 JLPT JLPT_N4
鳴る,なる,Intermediate_Japanese_Ln.2 JLPT JLPT_N4
しっかり,しっかり,JLPT JLPT_N4
生きる,いきる,JLPT JLPT_N4
苦い,にがい,JLPT JLPT_N4
沸く,わく,JLPT JLPT_N4
意見,いけん,JLPT JLPT_N4
やはり; やっぱり,やはり; やっぱり,JLPT JLPT_N4
漫画,まんが,Genki Genki_Ln.14 JLPT JLPT_N4
ステレオ,ステレオ,JLPT JLPT_N4
医学,いがく,JLPT JLPT_N4
テキスト,テキスト,JLPT JLPT_N4
～月,～つき,JLPT JLPT_N4
折る,おる,JLPT JLPT_N4
～会,～かい,JLPT JLPT_N4
うかがう,うかがう,JLPT JLPT_N4
聞こえる,きこえる,JLPT JLPT_N4
僕,ぼく,Genki Genki_Ln.5 JLPT JLPT_N4
必ず,かならず,Intermediate_Japanese_Ln.8 JLPT JLPT_N4
壊す,こわす,JLPT JLPT_N4
怒る,おこる,Genki Genki_Ln.19 JLPT JLPT_N4
床屋,とこや,Genki Genki_Ln.10 Intermediate_Japanese_Ln.6 JLPT JLPT_N4
オートバイ,オートバイ,JLPT JLPT_N4
運動,うんどうする,JLPT JLPT_N4
止む,やむ,JLPT JLPT_N4
もし,もし,JLPT JLPT_N4
表,おもて,JLPT JLPT_N4
大学生,だいがくせい,Genki Genki_Ln.1 Genki_Ln.8 JLPT JLPT_N4
運転手,うんてんしゅ,Intermediate_Japanese_Ln.6 JLPT JLPT_N4
予習,よしゅう,Genki Genki_Ln.22 Intermediate_Japanese_Ln.5 JLPT JLPT_N4
心配,しんぱいする,JLPT JLPT_N4
別,べつ,JLPT JLPT_N4
非常に,ひじょうに,Intermediate_Japanese_Ln.2 JLPT JLPT_N4
お宅,おたく,Genki Genki_Ln.13 Intermediate_Japanese_Ln.7 JLPT JLPT_N4
柔らかい,やわらかい,JLPT JLPT_N4
拾う,ひろう,Genki Genki_Ln.22 JLPT JLPT_N4
～ございます,～ございます,JLPT JLPT_N4
気,き,JLPT JLPT_N4
比べる,くらべる,JLPT JLPT_N4
ほとんど,ほとんど,Intermediate_Japanese_Ln.7 JLPT JLPT_N4
つもり,つもり,JLPT JLPT_N4
郊外,こうがい,JLPT JLPT_N4
だめ,だめ,JLPT JLPT_N4
売り場,うりば,JLPT JLPT_N4
正月,しょうがつ,JLPT JLPT_N4
規則,きそく,JLPT JLPT_N4
うん,うん,Genki Genki_Ln.8 JLPT JLPT_N4
発音,はつおん,JLPT JLPT_N4
焼く,やく,Genki Genki_Ln.21 JLPT JLPT_N4
屋上,おくじょう,JLPT JLPT_N4
失礼,しつれい,JLPT JLPT_N4
ごみ,ごみ,Genki Genki_Ln.16 JLPT JLPT_N4
アフリカ,アフリカ,JLPT JLPT_N4
点,てん,Intermediate_Japanese_Ln.5 JLPT JLPT_N4
一生懸命,いっしょうけんめい,Intermediate_Japanese_Ln.5 JLPT JLPT_N4
今度,こんど,Genki Genki_Ln.9 JLPT JLPT_N4
機会,きかい,JLPT JLPT_N4
建てる,たてる,JLPT JLPT_N4
複雑,ふくざつ,JLPT JLPT_N4
彼,かれ,Genki Genki_Ln.12 Intermediate_Japanese_Ln.8 JLPT JLPT_N4
いらっしゃる,いらっしゃる,Genki Genki_Ln.19 JLPT JLPT_N4
布団,ふとん,JLPT JLPT_N4
大事,だいじ,JLPT JLPT_N4
贈り物,おくりもの,Intermediate_Japanese_Ln.9 JLPT JLPT_N4
泥棒,どろぼう,Genki Genki_Ln.21 JLPT JLPT_N4
～製,～せい,JLPT JLPT_N4
注意,ちゅうい,JLPT JLPT_N4
台風,たいふう,Genki Genki_Ln.16 JLPT JLPT_N4
日,ひ,Genki Genki_Ln.16 JLPT JLPT_N4
～軒,～けん,JLPT JLPT_N4
そう,そう,JLPT JLPT_N4
通る,とおる,JLPT JLPT_N4
過ぎる,すぎる,JLPT JLPT_N4
レポート; リポート,レポート; リポート,JLPT JLPT_N4
葉,は,JLPT JLPT_N4
必要,ひつよう,JLPT JLPT_N4
課長,かちょう,Intermediate_Japanese_Ln.7 JLPT JLPT_N4
地震,じしん,Genki Genki_Ln.15 JLPT JLPT_N4
すると,すると,JLPT JLPT_N4
止める,やめる,JLPT JLPT_N4
ガラス,ガラス,JLPT JLPT_N4
～学部,～がくぶ,JLPT JLPT_N4
厳しい,きびしい,Genki Genki_Ln.13 Intermediate_Japanese_Ln.5 JLPT JLPT_N4
エスカレーター,エスカレーター,JLPT JLPT_N4
人口,じんこう,Intermediate_Japanese_Ln.4 JLPT JLPT_N4
月,つき,Genki Genki_Ln.20 JLPT JLPT_N4
絹,きぬ,JLPT JLPT_N4
ちっとも,ちっとも,JLPT JLPT_N4
深い,ふかい,JLPT JLPT_N4
壊れる,こわれる,JLPT JLPT_N4
揺れる,ゆれる,JLPT JLPT_N4
落る,おちる,JLPT JLPT_N4
できるだけ,できるだけ,JLPT JLPT_N4
悲しい,かなしい,Genki Genki_Ln.13 JLPT JLPT_N4
中学校,ちゅうがっこう,JLPT JLPT_N4
ガス,ガス,JLPT JLPT_N4
祈る,いのる,JLPT JLPT_N4
盛ん,さかん,JLPT JLPT_N4
アルバイト,アルバイト,Genki Genki_Ln.4 JLPT JLPT_N4
起こす,おこす,Genki Genki_Ln.16 JLPT JLPT_N4
致す,いたす,Genki Genki_Ln.20 JLPT JLPT_N4
噛む,かむ,JLPT JLPT_N4
赤ちゃん,あかちゃん,Genki Genki_Ln.21 JLPT JLPT_N4
浅い,あさい,JLPT JLPT_N4
うそ,嘘,JLPT JLPT_N4
小説,しょうせつ,Genki Genki_Ln.20 JLPT JLPT_N4
親,おや,Genki Genki_Ln.16 Intermediate_Japanese_Ln.6 JLPT JLPT_N4
それに,それに,Intermediate_Japanese_Ln.2 JLPT JLPT_N4
西洋,せいよう,JLPT JLPT_N4
思う,おもう,Genki Genki_Ln.8 JLPT JLPT_N4
パート (タイム),パート (タイム),JLPT JLPT_N4
時代,じだい,JLPT JLPT_N4
申し上げる,もうしあげる,JLPT JLPT_N4
～式,～しき,JLPT JLPT_N4
出席,しゅっせきする,JLPT JLPT_N4
～家,～か,JLPT JLPT_N4
迎える,むかえる,JLPT JLPT_N4
触る,さわる,JLPT JLPT_N4
建て,～だて,JLPT JLPT_N4
社長,しゃちょう,Genki Genki_Ln.11 JLPT JLPT_N4
動物園,どうぶつえん,JLPT JLPT_N4
捕まえる,つかまえる,JLPT JLPT_N4
季節,きせつ,Genki Genki_Ln.10 Intermediate_Japanese_Ln.9 JLPT JLPT_N4
寄る,よる,Genki Genki_Ln.19 Intermediate_Japanese_Ln.3 JLPT JLPT_N4
決まる,きまる,Intermediate_Japanese_Ln.2 JLPT JLPT_N4
開く,ひらく,JLPT JLPT_N4
逃げる,にげる,JLPT JLPT_N4
だから,だから,Genki Genki_Ln.4 JLPT JLPT_N4
残念,ざんねん,Intermediate_Japanese_Ln.7 JLPT JLPT_N4
畳,たたみ,JLPT JLPT_N4
丁寧,ていねい,JLPT JLPT_N4
地理,ちり,JLPT JLPT_N4
さっき,さっき,Genki Genki_Ln.4 JLPT JLPT_N4
怖い,こわい,Genki Genki_Ln.5 JLPT JLPT_N4
包む,つつむ,Genki Genki_Ln.21 JLPT JLPT_N4
なるべく,なるべく,Intermediate_Japanese_Ln.3 JLPT JLPT_N4
無理,むり,JLPT JLPT_N4
サンドイッチ,サンドイッチ,JLPT JLPT_N4
会議室,かいぎしつ,JLPT JLPT_N4
品物,しなもの,JLPT JLPT_N4
人形,にんぎょう,JLPT JLPT_N4
利用,りよう,JLPT JLPT_N4
飾る,かざる,JLPT JLPT_N4
止める,とめる,JLPT JLPT_N4
恥ずかしい,はずかしい,Genki Genki_Ln.18 JLPT JLPT_N4
いくら～ても,いくら～ても,JLPT JLPT_N4
用事,ようじ,Genki Genki_Ln.12 JLPT JLPT_N4
ビル,ビル,JLPT JLPT_N4
けんかする,けんかする,JLPT JLPT_N4
頑張る,がんばる,Genki Genki_Ln.13 JLPT JLPT_N4
投げる,なげる,Intermediate_Japanese_Ln.7 JLPT JLPT_N4
故障,こしょうする,JLPT JLPT_N4
力,ちから,JLPT JLPT_N4
受ける,うける,JLPT JLPT_N4
気分,きぶん,JLPT JLPT_N4
間違える,まちがえる,Genki Genki_Ln.21 JLPT JLPT_N4
そんな,そんな,JLPT JLPT_N4
星,ほし,JLPT JLPT_N4
場合,ばあい,JLPT JLPT_N4
やっと,やっと,JLPT JLPT_N4
足りる,たりる,Genki Genki_Ln.17 Intermediate_Japanese_Ln.4 JLPT JLPT_N4
行う,おこなう,Intermediate_Japanese_Ln.3 JLPT JLPT_N4
ぶどう,ぶどう,JLPT JLPT_N4
無くなる,なくなる,JLPT JLPT_N4
準備,じゅんびする,JLPT JLPT_N4
世界,せかい,Genki Genki_Ln.10 JLPT JLPT_N4
住所,じゅうしょ,JLPT JLPT_N4
再来月,さらいげつ,JLPT JLPT_N4
林,はやし,JLPT JLPT_N4
倍,ばい,JLPT JLPT_N4
痩せる,やせる,Genki Genki_Ln.7 JLPT JLPT_N4
線,せん,JLPT JLPT_N4
戦争,せんそう,JLPT JLPT_N4
決める,きめる,Genki Genki_Ln.10 Intermediate_Japanese_Ln.9 JLPT JLPT_N4
調べる,しらべる,JLPT JLPT_N4
寝坊,ねぼう,JLPT JLPT_N4
パパ,パパ,JLPT JLPT_N4
光る,ひかる,JLPT JLPT_N4
夫,おっと,JLPT JLPT_N4
雲,くも,JLPT JLPT_N4
坂,さか,JLPT JLPT_N4
～(て) しまう,～(て) しまう,JLPT JLPT_N4
飛行場,ひこうじょう,JLPT JLPT_N4
柔道,じゅうどう,JLPT JLPT_N4
決して,けっして,JLPT JLPT_N4
事務所,じむしょ,JLPT JLPT_N4
連絡,れんらく,JLPT JLPT_N4
小学校,しょうがっこう,Genki Genki_Ln.23 JLPT JLPT_N4
客,きゃく,Intermediate_Japanese_Ln.2 JLPT JLPT_N4
昔,むかし,Genki Genki_Ln.21 JLPT JLPT_N4
美しい,うつくしい,JLPT JLPT_N4
捨てる,すてる,Genki Genki_Ln.15 JLPT JLPT_N4
なさる,なさる,Genki Genki_Ln.19 JLPT JLPT_N4
事,こと,Genki Genki_Ln.21 JLPT JLPT_N4
どんどん,どんどん,JLPT JLPT_N4
試合,しあい,Genki Genki_Ln.12 Intermediate_Japanese_Ln.7 JLPT JLPT_N4
適当,てきとう,JLPT JLPT_N4
素晴らしい,すばらしい,Intermediate_Japanese_Ln.4 JLPT JLPT_N4
美術館,びじゅつかん,Genki Genki_Ln.11 JLPT JLPT_N4
文法,ぶんぽう,Genki Genki_Ln.13 JLPT JLPT_N4
終わり,おわり,JLPT JLPT_N4
壁,かべ,JLPT JLPT_N4
一度,いちど,JLPT JLPT_N4
お礼,おれい,Genki Genki_Ln.19 Intermediate_Japanese_Ln.9 JLPT JLPT_N4
親切,しんせつ,JLPT JLPT_N4
知らせる,しらせる,JLPT JLPT_N4
歯医者,はいしゃ,JLPT JLPT_N4
熱心,ねっしん,JLPT JLPT_N4
始める,はじめる,Genki Genki_Ln.8 JLPT JLPT_N4
もらう,もらう,JLPT JLPT_N4
泣く,なく,Genki Genki_Ln.13 JLPT JLPT_N4
治る,なおる,JLPT JLPT_N4
熱,ねつ,Intermediate_Japanese_Ln.3 JLPT JLPT_N4
お祭り,おまつり,JLPT JLPT_N4
水道,すいどう,JLPT JLPT_N4
匂い,におい,JLPT JLPT_N4
ベル,ベル,JLPT JLPT_N4
赤ん坊,あかんぼう,JLPT JLPT_N4
おかしい,おかしい,Intermediate_Japanese_Ln.2 JLPT JLPT_N4
事故,じこ,JLPT JLPT_N4
変,へん,JLPT JLPT_N4
辞典,じてん,JLPT JLPT_N4
残る,のこる,JLPT JLPT_N4
立てる,たてる,JLPT JLPT_N4
くれる,くれる,JLPT JLPT_N4
～員,～いん,JLPT JLPT_N4
原因,げんいん,JLPT JLPT_N4
驚く,おどろく,Intermediate_Japanese_Ln.8 JLPT JLPT_N4
いただく,頂く,Genki Genki_Ln.20 JLPT JLPT_N4
祖母,そぼ,JLPT JLPT_N4
場所,ばしょ,Genki Genki_Ln.23 Intermediate_Japanese_Ln.5 JLPT JLPT_N4
答,こたえ,JLPT JLPT_N4
もちろん,もちろん,Genki Genki_Ln.7 Intermediate_Japanese_Ln.5 JLPT JLPT_N4
漬ける,つける,JLPT JLPT_N4
受付,うけつけ,Genki Genki_Ln.22 Intermediate_Japanese_Ln.8 JLPT JLPT_N4
内,うち,JLPT JLPT_N4
スクリーン,スクリーン,JLPT JLPT_N4
増える,ふえる,JLPT JLPT_N4
または,または,JLPT JLPT_N4
けがする,けがする,JLPT JLPT_N4
以下,いか,JLPT JLPT_N4
選ぶ,えらぶ,Genki Genki_Ln.17 Intermediate_Japanese_Ln.3 JLPT JLPT_N4
～ばかり,～ばかり,JLPT JLPT_N4
心,こころ,JLPT JLPT_N4
～だす,～だす,JLPT JLPT_N4
サラダ,サラダ,JLPT JLPT_N4
届ける,とどける,Intermediate_Japanese_Ln.9 JLPT JLPT_N4
あいさつする,挨拶,JLPT JLPT_N4
景色,けしき,JLPT JLPT_N4
確か,たしか,Intermediate_Japanese_Ln.4 JLPT JLPT_N4
ステーキ,ステーキ,JLPT JLPT_N4
食料品,しょくりょうひん,JLPT JLPT_N4
森,もり,JLPT JLPT_N4
以内,いない,JLPT JLPT_N4
予定,よてい,Genki Genki_Ln.15 Intermediate_Japanese_Ln.15 JLPT JLPT_N4
オーバー,オーバー,JLPT JLPT_N4
乾く,かわく,JLPT JLPT_N4
石,いし,JLPT JLPT_N4
思い出す,おもいだす,Intermediate_Japanese_Ln.8 JLPT JLPT_N4
踊る,おどる,Genki Genki_Ln.9 JLPT JLPT_N4
細かい,こまかい,JLPT JLPT_N4
塗る,ぬる,JLPT JLPT_N4
ご主人,ごしゅじん,Genki Genki_Ln.14 JLPT JLPT_N4
珍しい,めずらしい,Intermediate_Japanese_Ln.4 JLPT JLPT_N4
用,よう,Intermediate_Japanese_Ln.9 JLPT JLPT_N4
公務員,こうむいん,JLPT JLPT_N4
お嬢さん,おじょうさん,Genki Genki_Ln.22 JLPT JLPT_N4
用意,ようい,JLPT JLPT_N4
探す,さがす,Genki Genki_Ln.15 Intermediate_Japanese_Ln.8 JLPT JLPT_N4
形,かたち,JLPT JLPT_N4
運転,うんてんする,JLPT JLPT_N4
すっかり,すっかり,JLPT JLPT_N4
アナウンサー,アナウンサー,JLPT JLPT_N4
お土産,おみやげ,Genki Genki_Ln.4 JLPT JLPT_N4
消しゴム,けしゴム,JLPT JLPT_N4
旅館,りょかん,Genki Genki_Ln.15 Intermediate_Japanese_Ln.6 JLPT JLPT_N4
海岸,かいがん,JLPT JLPT_N4
寂しい,さびしい,Genki Genki_Ln.9 JLPT JLPT_N4
火,ひ,JLPT JLPT_N4
育てる,そだてる,Genki Genki_Ln.22 JLPT JLPT_N4
味噌,みそ,JLPT JLPT_N4
お祝い,おいわい,Intermediate_Japanese_Ln.7 JLPT JLPT_N4
乗り物,のりもの,JLPT JLPT_N4
案内,あんないする,JLPT JLPT_N4
通う,かよう,JLPT JLPT_N4
連れる,つれる,JLPT JLPT_N4
技術,ぎじゅつ,JLPT JLPT_N4
小鳥,ことり,JLPT JLPT_N4
下宿,げしゅく,JLPT JLPT_N4
ジャム,ジャム,JLPT JLPT_N4
招待,しょうたいする,JLPT JLPT_N4
鏡,かがみ,JLPT JLPT_N4
はず,はず,JLPT JLPT_N4
法律,ほうりつ,JLPT JLPT_N4
進む,すすむ,JLPT JLPT_N4
楽む,たのしむ,JLPT JLPT_N4
貿易,ぼうえき,JLPT JLPT_N4
反対,はんたい,JLPT JLPT_N4
おる,おる,Genki Genki_Ln.20 JLPT JLPT_N4
申す,もうす,Genki Genki_Ln.20 JLPT JLPT_N4
試験,しけん,Genki Genki_Ln.9 JLPT JLPT_N4
真面目,まじめ,JLPT JLPT_N4
ごらんになる,,Genki Genki_Ln.19 JLPT JLPT_N4
店員,てんいん,Intermediate_Japanese_Ln.6 JLPT JLPT_N4
泊まる,とまる,JLPT JLPT_N4
よろしい,よろしい,JLPT JLPT_N4
今夜,こんや,JLPT JLPT_N4
おつり,おつり,JLPT JLPT_N4
チェックする,チェックする,JLPT JLPT_N4
会話,かいわ,JLPT JLPT_N4
空気,くうき,Genki Genki_Ln.8 JLPT JLPT_N4
交通,こうつう,JLPT JLPT_N4
ワープロ,ワープロ,JLPT JLPT_N4
喜ぶ,よろこぶ,JLPT JLPT_N4
急行,きゅうこう,Intermediate_Japanese_Ln.7 JLPT JLPT_N4
皆,みな,JLPT JLPT_N4
味,あじ,JLPT JLPT_N4
空港,くうこう,Genki Genki_Ln.20 JLPT JLPT_N4
手袋,てぶくろ,Genki Genki_Ln.10 JLPT JLPT_N4
校長,こうちょう,JLPT JLPT_N4
ごちそう,ごちそう,JLPT JLPT_N4
踊り,おどり,JLPT JLPT_N4
興味,きょうみ,JLPT JLPT_N4
引っ越す,ひっこす,JLPT JLPT_N4
冷房,れいぼう,JLPT JLPT_N4
都合,つごう,JLPT JLPT_N4
遠慮,えんりょする,JLPT JLPT_N4
亡くなる,なくなる,JLPT JLPT_N4
科学,かがく,Genki Genki_Ln.1 JLPT JLPT_N4
はっきり,はっきり,JLPT JLPT_N4
差し上げる,さしあげる,Genki Genki_Ln.20 JLPT JLPT_N4
気持ち,きもち,JLPT JLPT_N4
祖父,そふ,JLPT JLPT_N4
港,みなと,JLPT JLPT_N4
予約,よやく,Genki Genki_Ln.10 JLPT JLPT_N4
凄い,すごい,JLPT JLPT_N4
入学,にゅうがくする,JLPT JLPT_N4
片付ける,かたづける,JLPT JLPT_N4
写す,うつす,JLPT JLPT_N4
パソコン,パソコン,JLPT JLPT_N4
部長,ぶちょう,Genki Genki_Ln.19 Intermediate_Japanese_Ln.15 JLPT JLPT_N4
火事,かじ,JLPT JLPT_N4
足す,たす,JLPT JLPT_N4
教会,きょうかい,Intermediate_Japanese_Ln.9 JLPT JLPT_N4
彼ら,かれら,JLPT JLPT_N4
いっぱい,一杯,JLPT JLPT_N4
アメリカ,アメリカ,Genki Genki_Ln.1 Genki_Ln.2 JLPT JLPT_N4
男性,だんせい,JLPT JLPT_N4
理由,りゆう,JLPT JLPT_N4
生産,せいさんする,JLPT JLPT_N4
着物,きもの,Genki Genki_Ln.13 JLPT JLPT_N4
おもちゃ,おもちゃ,Genki Genki_Ln.11 JLPT JLPT_N4
暮れる,くれる,JLPT JLPT_N4
釣る,つる,JLPT JLPT_N4
～ちゃん,～ちゃん,JLPT JLPT_N4
打つ,うつ,JLPT JLPT_N4
あんな,あんな,JLPT JLPT_N4
謝る,あやまる,JLPT JLPT_N4
昼間,ひるま,JLPT JLPT_N4
教育,きょういく,JLPT JLPT_N4
女性,じょせい,JLPT JLPT_N4
米,こめ,JLPT JLPT_N4
邪魔,じゃま,JLPT JLPT_N4
国際,こくさい,JLPT JLPT_N4
隅,すみ,JLPT JLPT_N4
伺う,うかがう,JLPT JLPT_N4
再来週,さらいしゅう,JLPT JLPT_N4
夢,ゆめ,Genki Genki_Ln.11 JLPT JLPT_N4
喉,のど,JLPT JLPT_N4
最近,さいきん,Genki Genki_Ln.15 Intermediate_Japanese_Ln.9 JLPT JLPT_N4
周り,まわり,JLPT JLPT_N4
歴史,れきし,Genki Genki_Ln.1 Genki_Ln.2 Intermediate_Japanese_Ln.3 JLPT JLPT_N4
不便,ふべん,JLPT JLPT_N4
血,ち,JLPT JLPT_N4
～続ける,～つづける,JLPT JLPT_N4
毛,け,JLPT JLPT_N4
ひどい,ひどい,Genki Genki_Ln.21 Intermediate_Japanese_Ln.4 JLPT JLPT_N4
例えば,たとえば,Genki Genki_Ln.17 Intermediate_Japanese_Ln.2 JLPT JLPT_N4
中々,なかなか,JLPT JLPT_N4
随分,ずいぶん,JLPT JLPT_N4
～やすい,～やすい,JLPT JLPT_N4
押し入れ,おしいれ,JLPT JLPT_N4
電灯,でんとう,JLPT JLPT_N4
叱る,しかる,JLPT JLPT_N4
サンダル,サンダル,JLPT JLPT_N4
びっくりする,びっくりする,Genki Genki_Ln.21 JLPT JLPT_N4
うまい,うまい,JLPT JLPT_N4
変える,かえる,JLPT JLPT_N4
講堂,こうどう,JLPT JLPT_N4
子,こ,JLPT JLPT_N4
沸かす,わかす,JLPT JLPT_N4
レジ,レジ,JLPT JLPT_N4
しばらく,しばらく,JLPT JLPT_N4
特に,とくに,Intermediate_Japanese_Ln.3 JLPT JLPT_N4
空く,あく,JLPT JLPT_N4
計画,けいかくする,JLPT JLPT_N4
通り,とおり,JLPT JLPT_N4
下着,したぎ,JLPT JLPT_N4
経済,けいざい,JLPT JLPT_N4
こう,こう,JLPT JLPT_N4
是非,ぜひ,Genki Genki_Ln.9 Intermediate_Japanese_Ln.15 Intermediate_Japanese_Ln.8 JLPT JLPT_N4
裏,うら,JLPT JLPT_N4
為,ため,JLPT JLPT_N4
おいでになる,おいでになる,JLPT JLPT_N4
変わる,かわる,Intermediate_Japanese_Ln.4 JLPT JLPT_N4
以外,いがい,Intermediate_Japanese_Ln.3 JLPT JLPT_N4
済む,すむ,JLPT JLPT_N4
ハンバーグ,ハンバーグ,JLPT JLPT_N4
市,し,JLPT JLPT_N4
引き出し,ひきだし,JLPT JLPT_N4
遊び,あそび,JLPT JLPT_N4
支度,したくする,JLPT JLPT_N4
～始める,～はじめる,JLPT JLPT_N4
見える,みえる,Genki Genki_Ln.15 JLPT JLPT_N4
十分,じゅうぶん,JLPT JLPT_N4
音,おと,Genki Genki_Ln.20 JLPT JLPT_N4
きっと,きっと,Intermediate_Japanese_Ln.7 JLPT JLPT_N4
まず,まず,Genki Genki_Ln.18 JLPT JLPT_N4
遠く,とおく,JLPT JLPT_N4
大体,だいたい,Intermediate_Japanese_Ln.15 Intermediate_Japanese_Ln.3 JLPT JLPT_N4
折れる,おれる,JLPT JLPT_N4
正しい,ただしい,JLPT JLPT_N4
輸入,ゆにゅう,JLPT JLPT_N4
返事,へんじ,JLPT JLPT_N4
都,と,JLPT JLPT_N4
産業,さんぎょう,JLPT JLPT_N4
伝える,つたえる,Genki Genki_Ln.20 Intermediate_Japanese_Ln.15 JLPT JLPT_N4
お金持ち,かねもち; おかねもち,JLPT JLPT_N4
説明,せつめい,JLPT JLPT_N4
島,しま,Intermediate_Japanese_Ln.5 JLPT JLPT_N4
道具,どうぐ,JLPT JLPT_N4
滑る,すべる,JLPT JLPT_N4
それほど,それほど,JLPT JLPT_N4
以上,いじょう,JLPT JLPT_N4
～まま,～まま,JLPT JLPT_N4
特急,とっきゅう,JLPT JLPT_N4
プレゼント,プレゼント,Genki Genki_Ln.12 JLPT JLPT_N4
～(に) よると,～(に) よると,JLPT JLPT_N4
妻,つま,JLPT JLPT_N4
帰り,かえり,JLPT JLPT_N4
具合,ぐあい,JLPT JLPT_N4
堅; 硬; 固い,かたい,JLPT JLPT_N4
駐車場,ちゅうしゃじょう,JLPT JLPT_N4
スーツ,スーツ,JLPT JLPT_N4
危険,きけん,Intermediate_Japanese_Ln.15 JLPT JLPT_N4
髪,かみ,Genki Genki_Ln.7 JLPT JLPT_N4
天気予報,てんきよほう,Genki Genki_Ln.8 JLPT JLPT_N4
彼女,かのじょ,Genki Genki_Ln.12 JLPT JLPT_N4
間,あいだ,JLPT JLPT_N4
卒業,そつぎょう,JLPT JLPT_N4
それで,それで,JLPT JLPT_N4
枝,えだ,JLPT JLPT_N4
専門,せんもん,Genki Genki_Ln.1 JLPT JLPT_N4
そろそろ,そろそろ,JLPT JLPT_N4
送る,おくる,Genki Genki_Ln.14 Intermediate_Japanese_Ln.3 JLPT JLPT_N4
あげる,あげる,JLPT JLPT_N4
騒ぐ,さわぐ,JLPT JLPT_N4
尋ねる,たずねる,JLPT JLPT_N4
放送,ほうそうする,JLPT JLPT_N4
政治,せいじ,Genki Genki_Ln.1 Genki_Ln.12 Intermediate_Japanese_Ln.3 JLPT JLPT_N4
市民,しみん,JLPT JLPT_N4
ファックス,ファックス,JLPT JLPT_N4
負ける,まける,Intermediate_Japanese_Ln.7 JLPT JLPT_N4
指輪,ゆびわ,Genki Genki_Ln.14 JLPT JLPT_N4
田舎,いなか,JLPT JLPT_N4
見つける,みつける,Genki Genki_Ln.21 JLPT JLPT_N4
高校生,こうこうせい,Genki Genki_Ln.1 JLPT JLPT_N4
講義,こうぎ,Intermediate_Japanese_Ln.5 JLPT JLPT_N4
そんなに,そんなに,JLPT JLPT_N4
昼休み,ひるやすみ,JLPT JLPT_N4
忘れ物,わすれもの,JLPT JLPT_N4
下りる,おりる,JLPT JLPT_N4
腕,うで,Intermediate_Japanese_Ln.7 JLPT JLPT_N4
訳,わけ,JLPT JLPT_N4
承知,しょうちする,JLPT JLPT_N4
日記,にっき,Genki Genki_Ln.18 JLPT JLPT_N4
高校; 高等学校,こうこう; こうとうがっこう,JLPT JLPT_N4
似る,にる,JLPT JLPT_N4
～おわる,～おわる,JLPT JLPT_N4
暖房,だんぼう,JLPT JLPT_N4
留守,るす,Genki Genki_Ln.21 JLPT JLPT_N4
割合,わりあい,JLPT JLPT_N4
寺,てら,JLPT JLPT_N4
慣れる,なれる,JLPT JLPT_N4
普通,ふつう,Intermediate_Japanese_Ln.2 Intermediate_Japanese_Ln.3 JLPT JLPT_N4
手伝う,てつだう,JLPT JLPT_N4
なるほど,なるほど,Intermediate_Japanese_Ln.6 JLPT JLPT_N4
くださる,くださる,JLPT JLPT_N4
息子,むすこ,JLPT JLPT_N4
お子さん,おこさん,Genki Genki_Ln.19 JLPT JLPT_N4
会場,かいじょう,JLPT JLPT_N4
笑う,わらう,JLPT JLPT_N4
運ぶ,はこぶ,Genki Genki_Ln.22 Intermediate_Japanese_Ln.6 JLPT JLPT_N4
文学,ぶんがく,Genki Genki_Ln.1 Intermediate_Japanese_Ln.3 JLPT JLPT_N4
光,ひかり,JLPT JLPT_N4
お見舞い,おみまい,JLPT JLPT_N4
席,せき,Intermediate_Japanese_Ln.7 JLPT JLPT_N4
～様,～さま,JLPT JLPT_N4
ご存じ,ごぞんじ,JLPT JLPT_N4
下る,さがる,JLPT JLPT_N4
字,じ,Genki Genki_Ln.20 JLPT JLPT_N4
アジア,アジア,JLPT JLPT_N4
褒める,ほめる,Genki Genki_Ln.21 JLPT JLPT_N4
空く,すく,JLPT JLPT_N4
あ,あ,JLPT JLPT_N4
最も,もっとも,JLPT JLPT_N4
合う,あう,JLPT JLPT_N4
～代,～だい,JLPT JLPT_N4
最後,さいご,JLPT JLPT_N4
値段,ねだん,JLPT JLPT_N4
退院,たいいんする,JLPT JLPT_N4
展覧会,てんらんかい,JLPT JLPT_N4
久しぶり,ひさしぶり,Genki Genki_Ln.11 Intermediate_Japanese_Ln.4 JLPT JLPT_N4
カーテン,カーテン,Genki Genki_Ln.18 JLPT JLPT_N4
汽車,きしゃ,JLPT JLPT_N4
遅れる,おくれる,Genki Genki_Ln.19 Intermediate_Japanese_Ln.2 JLPT JLPT_N4
見つかる,みつかる,JLPT JLPT_N4
召し上がる,めしあがる,Genki Genki_Ln.19 Intermediate_Japanese_Ln.6 JLPT JLPT_N4
太る,ふとる,Genki Genki_Ln.7 JLPT JLPT_N4
注射,ちゅうしゃ,JLPT JLPT_N4
様,よう,JLPT JLPT_N4
～おき,～おき,JLPT JLPT_N4
最初,さいしょ,JLPT JLPT_N4
御～,ご～,JLPT JLPT_N4
安心,あんしん,JLPT JLPT_N4
直る,なおる,JLPT JLPT_N4
集める,あつめる,Genki Genki_Ln.16 Intermediate_Japanese_Ln.7 JLPT JLPT_N4
直す,なおす,Genki Genki_Ln.16 JLPT JLPT_N4
続く,つづく,JLPT JLPT_N4
先輩,せんぱい,Genki Genki_Ln.22 JLPT JLPT_N4
約束,やくそく,Genki Genki_Ln.13 JLPT JLPT_N4
世話,せわする,JLPT JLPT_N4
近所,きんじょ,JLPT JLPT_N4
将来,しょうらい,Genki Genki_Ln.11 Intermediate_Japanese_Ln.5 JLPT JLPT_N4
億,おく,JLPT JLPT_N4
数学,すうがく,JLPT JLPT_N4
文化,ぶんか,Genki Genki_Ln.19 JLPT JLPT_N4
払う,はらう,Genki Genki_Ln.10 Intermediate_Japanese_Ln.3 JLPT JLPT_N4
習慣,しゅうかん,JLPT JLPT_N4
焼ける,やける,JLPT JLPT_N4
君,きみ,JLPT JLPT_N4
冷える,ひえる,JLPT JLPT_N4
点く,つく,JLPT JLPT_N4
この間,このあいだ,Genki Genki_Ln.16 JLPT JLPT_N4
かっこう,格好,JLPT JLPT_N4
かまう,,JLPT JLPT_N4
続ける,つづける,Genki Genki_Ln.21 JLPT JLPT_N4
落す,おとす,JLPT JLPT_N4
明日,あす,JLPT JLPT_N4
出発,しゅっぱつする,JLPT JLPT_N4
拝見,はいけんする,JLPT JLPT_N4
割れる,われる,JLPT JLPT_N4
背中,せなか,JLPT JLPT_N4
新聞社,しんぶんしゃ,JLPT JLPT_N4
いじめる,いじめる,Genki Genki_Ln.21 JLPT JLPT_N4
回る、回す,まわる、まわす,JLPT JLPT_N4
～君,～くん,JLPT JLPT_N4
おっしゃる,おっしゃる,Genki Genki_Ln.19 JLPT JLPT_N4
眠い,ねむい,Genki Genki_Ln.10 JLPT JLPT_N4
濡れる,ぬれる,JLPT JLPT_N4
倒れる,たおれる,JLPT JLPT_N4
スーパー (マーケット),スーパー (マーケット),JLPT JLPT_N4
アクセサリー,アクセサリー,JLPT JLPT_N4
考える,かんがえる,Genki Genki_Ln.18 JLPT JLPT_N4
向かう,むかう,JLPT JLPT_N4
自由,じゆう,Genki Genki_Ln.22 JLPT JLPT_N4
仕方,しかた,JLPT JLPT_N4
首,くび,JLPT JLPT_N4
程,ほど,JLPT JLPT_N4
代わり,かわり,JLPT JLPT_N4
失敗,しっぱい,JLPT JLPT_N4
工業,こうぎょう,JLPT JLPT_N4
移る,うつる,JLPT JLPT_N4
スーツケース,スーツケース,JLPT JLPT_N4
ひげ,ひげ,Genki Genki_Ln.17 JLPT JLPT_N4
研究室,けんきゅうしつ,Intermediate_Japanese_Ln.3 JLPT JLPT_N4
工場,こうじょう,Genki Genki_Ln.21 Intermediate_Japanese_Ln.15 JLPT JLPT_N4
紹介,しょうかい,JLPT JLPT_N4
けれど; けれども,けれど; けれども,JLPT JLPT_N4
舟,ふね,JLPT JLPT_N4
動く,うごく,JLPT JLPT_N4
～(に) ついて,～(に) ついて,JLPT JLPT_N4
コンサート,コンサート,Genki Genki_Ln.9 JLPT JLPT_N4
虫,むし,JLPT JLPT_N4
優しい,やさしい,Genki Genki_Ln.5 JLPT JLPT_N4
コンピュータ; コンピューター,コンピュータ; コンピューター,JLPT JLPT_N4
植える,うえる,JLPT JLPT_N4
両方,りょうほう,JLPT JLPT_N4
汚れる,よごれる,JLPT JLPT_N4
水泳,すいえい,JLPT JLPT_N4
経験,けいけんする,JLPT JLPT_N4
勝つ,かつ,JLPT JLPT_N4
砂,すな,JLPT JLPT_N4
警察,けいさつ,Genki Genki_Ln.21 JLPT JLPT_N4
取り替える,とりかえる,JLPT JLPT_N4
急ぐ,いそぐ,Genki Genki_Ln.6 Intermediate_Japanese_Ln.2 JLPT JLPT_N4
簡単,かんたん,JLPT JLPT_N4
参る,まいる,Genki Genki_Ln.20 Intermediate_Japanese_Ln.6 JLPT JLPT_N4
全然,ぜんぜん,JLPT JLPT_N4
特別,とくべつ,JLPT JLPT_N4
復習,ふくしゅう,JLPT JLPT_N4
間に合う,まにあう,JLPT JLPT_N4
役に立つ,やくにたつ,Intermediate_Japanese_Ln.4 JLPT JLPT_N4
もうすぐ,もうすぐ,Genki Genki_Ln.12 JLPT JLPT_N4
真中,まんなか,JLPT JLPT_N4
戻る,もどる,Genki Genki_Ln.20 Intermediate_Japanese_Ln.8 JLPT JLPT_N4
研究,けんきゅう,JLPT JLPT_N4
ケーキ,ケーキ,Genki Genki_Ln.13 JLPT JLPT_N4
草,くさ,JLPT JLPT_N4
込む,こむ,JLPT JLPT_N4
この頃,このごろ,Genki Genki_Ln.10 JLPT JLPT_N4
訪ねる,たずねる,JLPT JLPT_N4
下げる,さげる,Intermediate_Japanese_Ln.2 JLPT JLPT_N4
花見,はなみ,JLPT JLPT_N4
途中,とちゅう,JLPT JLPT_N4
入院,にゅういんする,JLPT JLPT_N4
乗り換える,のりかえる,JLPT JLPT_N4
別れる,わかれる,JLPT JLPT_N4
～町,～ちょう,JLPT JLPT_N4
安全,あんぜん,JLPT JLPT_N4
看護婦,かんごふ,JLPT JLPT_N4
見物,けんぶつ,JLPT JLPT_N4
相談,そうだんする,JLPT JLPT_N4
ガソリンスタンド,ガソリンスタンド,JLPT JLPT_N4
テニス,テニス,Genki Genki_Ln.3 JLPT JLPT_N4
眠る,ねむる,JLPT JLPT_N4
上がる,あがる,JLPT JLPT_N4
翻訳,ほんやく,Intermediate_Japanese_Ln.8 JLPT JLPT_N4
食事,しょくじする,JLPT JLPT_N4
おかげ,お陰,JLPT JLPT_N4
娘,むすめ,JLPT JLPT_N4
湯,ゆ,JLPT JLPT_N4
競争,きょうそう,JLPT JLPT_N4
会議,かいぎ,Genki Genki_Ln.21 JLPT JLPT_N4
湖,みずうみ,Genki Genki_Ln.11 Intermediate_Japanese_Ln.4 JLPT JLPT_N4
集まる,あつまる,Intermediate_Japanese_Ln.7 JLPT JLPT_N4
～にくい,～にくい,JLPT JLPT_N4
生活,せいかつする,JLPT JLPT_N4
糸,いと,JLPT JLPT_N4
関係,かんけい,JLPT JLPT_N4
ピアノ,ピアノ,Genki Genki_Ln.9 JLPT JLPT_N4
～目,～め,JLPT JLPT_N4
番組,ばんぐみ,Genki Genki_Ln.15 JLPT JLPT_N4
急,きゅう,JLPT JLPT_N4
棚,たな,JLPT JLPT_N4
木綿,もめん,JLPT JLPT_N4
輸出,ゆしゅつする,JLPT JLPT_N4
タイプ,タイプ,JLPT JLPT_N4
すり,すり,JLPT JLPT_N4
うれしい,嬉しい,Genki Genki_Ln.13 JLPT JLPT_N4
アルコール,アルコール,JLPT JLPT_N4
ソフト,ソフト,JLPT JLPT_N4
神社,じんじゃ,JLPT JLPT_N4
大分,だいぶ,Intermediate_Japanese_Ln.4 JLPT JLPT_N4
楽しみ,たのしみ,JLPT JLPT_N4
趣味,しゅみ,Genki Genki_Ln.20 JLPT JLPT_N4
電報,でんぽう,JLPT JLPT_N4
家内,かない,Intermediate_Japanese_Ln.7 JLPT JLPT_N4
指,ゆび,JLPT JLPT_N4
これから,これから,JLPT JLPT_N4
たまに,たまに,JLPT JLPT_N4
社会,しゃかい,JLPT JLPT_N4
ああ,ああ,JLPT JLPT_4 JLPT_5 JLPT_N5
会う,あう,JLPT JLPT_3 JLPT_5 JLPT_N5
青,あお,JLPT JLPT_5 JLPT_N5
青い,あおい,Genki Genki_Ln.9 JLPT JLPT_5 JLPT_N5
赤,あか,JLPT JLPT_5 JLPT_N5
赤い,あかい,Genki Genki_Ln.9 Intermediate_Japanese Intermediate_Japanese_Ln.12 JLPT JLPT_5 JLPT_N5
明るい,あかるい,Genki Genki_Ln.18 Intermediate_Japanese Intermediate_Japanese_Ln.11 JLPT JLPT_5 JLPT_N5
秋,あき,Genki Genki_Ln.10 Intermediate_Japanese Intermediate_Japanese_Ln.4 JLPT JLPT_3 JLPT_5 JLPT_N5
開く,あく,JLPT JLPT_3 JLPT_5 JLPT_N5
開ける,あける,Intermediate_Japanese Intermediate_Japanese_Ln.12 JLPT JLPT_3 JLPT_5 JLPT_N5
上げる,あげる,JLPT JLPT_3 JLPT_5 JLPT_N5
朝,あさ,Genki Genki_Ln.3 Intermediate_Japanese Intermediate_Japanese_Ln.2 JLPT JLPT_5 JLPT_N5
朝御飯,あさごはん,Genki Genki_Ln.3 JLPT JLPT_5 JLPT_N5
明後日,あさって,JLPT JLPT_5 JLPT_N5
足; 脚,あし,JLPT JLPT_5 JLPT_N5
明日,あした,Genki Genki_Ln.3 Intermediate_Japanese Intermediate_Japanese_Ln.7 JLPT JLPT_3 JLPT_5 JLPT_N5
あそこ,あそこ,Genki Genki_Ln.2 JLPT JLPT_5 JLPT_N5
遊ぶ,あそぶ,Genki Genki_Ln.6 Intermediate_Japanese Intermediate_Japanese_Ln.1 JLPT JLPT_5 JLPT_N5
暖かい,あたたかい,JLPT_N5
頭,あたま,Intermediate_Japanese Intermediate_Japanese_Ln.2 JLPT JLPT_5 JLPT_N5
新しい,あたらしい,Genki Genki_Ln.5 JLPT JLPT_5 JLPT_N5
あちら,あちら,Genki Genki_Ln.20 JLPT JLPT_5 JLPT_N5
暑い,あつい,Genki Genki_Ln.5 Intermediate_Japanese Intermediate_Japanese_Ln.4 JLPT JLPT_5 JLPT_N5
熱い,あつい,Genki Genki_Ln.5 JLPT JLPT_5 JLPT_N5
厚い,あつい,JLPT JLPT_5 JLPT_N5
あっち,あっち,JLPT JLPT_5 JLPT_N5
後,あと,Genki Genki_Ln.18 JLPT JLPT_2 JLPT_3 JLPT_5 JLPT_N5
あなた,あなた,Genki Genki_Ln.4 JLPT JLPT_5 JLPT_N5
兄,あに,Genki Genki_Ln.14 JLPT JLPT_5 JLPT_N5
姉,あね,Genki Genki_Ln.7 JLPT JLPT_5 JLPT_N5
アパート,アパート,Genki Genki_Ln.7 JLPT JLPT_5 JLPT_N5
あの,あの,JLPT JLPT_4 JLPT_5 JLPT_N5
浴びる,あびる,JLPT JLPT_3 JLPT_5 JLPT_N5
危ない,あぶない,Intermediate_Japanese Intermediate_Japanese_Ln.15 JLPT JLPT_5 JLPT_N5
甘い,あまい,Genki Genki_Ln.12 JLPT JLPT_5 JLPT_N5
余り,あまり,JLPT JLPT_3 JLPT_5 JLPT_N5
雨,あめ,Genki Genki_Ln.8 JLPT JLPT_5 JLPT_N5
飴,あめ,JLPT JLPT_5 JLPT_N5
洗う,あらう,Genki Genki_Ln.8 Intermediate_Japanese Intermediate_Japanese_Ln.10 JLPT JLPT_5 JLPT_N5
在る,ある,JLPT JLPT_3 JLPT_5 JLPT_N5
有る,ある,JLPT JLPT_3 JLPT_5 JLPT_N5
歩く,あるく,Genki Genki_Ln.20 Intermediate_Japanese Intermediate_Japanese_Ln.1 JLPT JLPT_5 JLPT_N5
あれ,あれ,Genki Genki_Ln.2 JLPT JLPT_5 JLPT_N5
いい; よい,いい; よい,JLPT JLPT_5 JLPT_N5
いいえ,いいえ,JLPT JLPT_5 JLPT_N5
言う,いう,Genki Genki_Ln.8 JLPT JLPT_5 JLPT_N5
家,いえ,Genki Genki_Ln.3 JLPT JLPT_2 JLPT_3 JLPT_5 JLPT_N5
いかが,いかが,JLPT JLPT_5 JLPT_N5
行く,いく; ゆく,JLPT JLPT_5 JLPT_N5
いくつ,いくつ,JLPT JLPT_3 JLPT_5 JLPT_N5
いくら,いくら,Genki Genki_Ln.2 JLPT JLPT_3 JLPT_5 JLPT_N5
池,いけ,JLPT JLPT_5 JLPT_N5
医者,いしゃ,Genki Genki_Ln.1 Genki_Ln.10 Intermediate_Japanese Intermediate_Japanese_Ln.12 JLPT JLPT_5 JLPT_N5
椅子,いす,JLPT JLPT_3 JLPT_5 JLPT_N5
忙しい,いそがしい,Genki Genki_Ln.5 JLPT JLPT_5 JLPT_N5
痛い,いたい,Genki Genki_Ln.12 Intermediate_Japanese Intermediate_Japanese_Ln.5 JLPT JLPT_5 JLPT_N5
一,いち,JLPT JLPT_3 JLPT_5 JLPT_N5
一日,いちにち,Genki Genki_Ln.13 JLPT JLPT_5 JLPT_N5
一番,いちばん,Genki Genki_Ln.10 Intermediate_Japanese Intermediate_Japanese_Ln.3 JLPT JLPT_3 JLPT_5 JLPT_N5
いつ,いつ,Genki Genki_Ln.3 JLPT JLPT_2 JLPT_5 JLPT_N5
五日,いつか,Genki Genki_Ln.13 JLPT JLPT_3 JLPT_5 JLPT_N5
一緒,いっしょ,Intermediate_Japanese Intermediate_Japanese_Ln.7 JLPT JLPT_5 JLPT_N5
五つ,いつつ,Genki Genki_Ln.9 JLPT JLPT_5 JLPT_N5
いつも,いつも,Genki Genki_Ln.12 JLPT JLPT_3 JLPT_5 JLPT_N5
犬,いぬ,Genki Genki_Ln.4 JLPT JLPT_5 JLPT_N5
今,いま,Genki Genki_Ln.1 JLPT JLPT_3 JLPT_5 JLPT_N5
意味,いみ,Genki Genki_Ln.12 Intermediate_Japanese Intermediate_Japanese_Ln.2 JLPT JLPT_5 JLPT_N5
妹,いもうと,Genki Genki_Ln.1 Genki_Ln.7 JLPT JLPT_5 JLPT_N5
嫌,いや,JLPT JLPT_3 JLPT_5 JLPT_N5
入口,いりぐち,JLPT JLPT_5 JLPT_N5
居る,いる,JLPT JLPT_5 JLPT_N5
要る,いる,JLPT JLPT_5 JLPT_N5
入れる,いれる,JLPT JLPT_5 JLPT_N5
色,いろ,Genki Genki_Ln.9 Intermediate_Japanese Intermediate_Japanese_Ln.9 JLPT JLPT_5 JLPT_N5
色々,いろいろ,JLPT JLPT_5 JLPT_N5
上,うえ,JLPT JLPT_2 JLPT_5 JLPT_N5
後ろ,うしろ,JLPT JLPT_3 JLPT_5 JLPT_N5
薄い,うすい,JLPT JLPT_3 JLPT_5 JLPT_N5
歌,うた,Genki Genki_Ln.7 JLPT JLPT_5 JLPT_N5
歌う,うたう,Genki Genki_Ln.7 Intermediate_Japanese Intermediate_Japanese_Ln.7 JLPT JLPT_5 JLPT_N5
うち,うち,Genki Genki_Ln.3 JLPT JLPT_3 JLPT_5 JLPT_N5
生まれる,うまれる,JLPT JLPT_3 JLPT_5 JLPT_N5
海,うみ,Genki Genki_Ln.5 JLPT JLPT_5 JLPT_N5
売る,うる,Genki Genki_Ln.15 Intermediate_Japanese Intermediate_Japanese_Ln.6 JLPT JLPT_3 JLPT_5 JLPT_N5
うるさい,うるさい,Genki Genki_Ln.22 JLPT JLPT_3 JLPT_5 JLPT_N5
上着,うわぎ,JLPT JLPT_5 JLPT_N5
絵,え,Genki Genki_Ln.15 JLPT JLPT_3 JLPT_5 JLPT_N5
映画,えいが,Genki Genki_Ln.3 Intermediate_Japanese Intermediate_Japanese_Ln.7 JLPT JLPT_5 JLPT_N5
映画館,えいがかん,Genki Genki_Ln.15 JLPT JLPT_5 JLPT_N5
英語,えいご,Genki Genki_Ln.1 JLPT JLPT_5 JLPT_N5
ええ,ええ,Genki Genki_Ln.1 JLPT JLPT_5 JLPT_N5
駅,えき,Genki Genki_Ln.10 JLPT JLPT_5 JLPT_N5
エレベーター,エレベーター,JLPT JLPT_2 JLPT_5 JLPT_N5
～円,～えん,JLPT JLPT_5 JLPT_N5
鉛筆,えんぴつ,Genki Genki_Ln.2 JLPT JLPT_5 JLPT_N5
お～,お～,JLPT JLPT_5 JLPT_N5
美味しい,おいしい,JLPT JLPT_5 JLPT_N5
多い,おおい,Intermediate_Japanese Intermediate_Japanese_Ln.1 JLPT JLPT_5 JLPT_N5
大きい,おおきい,Genki Genki_Ln.5 JLPT JLPT_5 JLPT_N5
大きな,おおきな,JLPT JLPT_5 JLPT_N5
大勢,おおぜい,JLPT JLPT_5 JLPT_N5
お母さん,おかあさん,Genki Genki_Ln.1 Genki_Ln.2 JLPT JLPT_5 JLPT_N5
お菓子,おかし,Genki Genki_Ln.11 JLPT JLPT_5 JLPT_N5
お金,おかね,Genki Genki_Ln.6 JLPT JLPT_5 JLPT_N5
起きる,おきる,Genki Genki_Ln.3 Intermediate_Japanese Intermediate_Japanese_Ln.12 JLPT JLPT_3 JLPT_5 JLPT_N5
置く,おく,Genki Genki_Ln.21 JLPT JLPT_3 JLPT_5 JLPT_N5
奥さん,おくさん,Genki Genki_Ln.14 Intermediate_Japanese Intermediate_Japanese_Ln.9 JLPT JLPT_5 JLPT_N5
お酒,おさけ,Genki Genki_Ln.3 JLPT JLPT_5 JLPT_N5
お皿,おさら,JLPT JLPT_5 JLPT_N5
伯父; 叔父さん,おじさん,JLPT JLPT_5 JLPT_N5
おじいさん,おじいさん,Genki Genki_Ln.13 JLPT JLPT_3 JLPT_5 JLPT_N5
教える,おしえる,Intermediate_Japanese Intermediate_Japanese_Ln.1 JLPT JLPT_5 JLPT_N5
押す,おす,Genki Genki_Ln.18 JLPT JLPT_5 JLPT_N5
遅い,おそい,Genki Genki_Ln.10 Intermediate_Japanese Intermediate_Japanese_Ln.11 JLPT JLPT_5 JLPT_N5
お茶,おちゃ,Genki Genki_Ln.3 Intermediate_Japanese Intermediate_Japanese_Ln.6 JLPT JLPT_5 JLPT_N5
お手洗い,おてあらい,Genki Genki_Ln.2 Intermediate_Japanese Intermediate_Japanese_Ln.13 JLPT JLPT_5 JLPT_N5
お父さん,おとうさん,Genki Genki_Ln.1 Genki_Ln.2 JLPT JLPT_5 JLPT_N5
弟,おとうと,Genki Genki_Ln.1 Genki_Ln.7 JLPT JLPT_5 JLPT_N5
男,おとこ,Genki Genki_Ln.17 JLPT JLPT_5 JLPT_N5
男の子,おとこのこ,Genki Genki_Ln.11 JLPT JLPT_5 JLPT_N5
一昨日,おととい,Genki Genki_Ln.19 JLPT JLPT_5 JLPT_N5
おととし,おととし,JLPT JLPT_5 JLPT_N5
大人,おとな,Genki Genki_Ln.13 JLPT JLPT_5 JLPT_N5
お腹,おなか,JLPT JLPT_3 JLPT_5 JLPT_N5
同じ,おなじ,Genki Genki_Ln.14 Intermediate_Japanese Intermediate_Japanese_Ln.1 JLPT JLPT_5 JLPT_N5
お兄さん,おにいさん,Genki Genki_Ln.1 Genki_Ln.7 Intermediate_Japanese Intermediate_Japanese_Ln.4 JLPT JLPT_5 JLPT_N5
お姉さん,おねえさん,Genki Genki_Ln.1 Genki_Ln.7 JLPT JLPT_5 JLPT_N5
伯母さん; 叔母さん,おばさん,JLPT JLPT_5 JLPT_N5
おばあさん,おばあさん,Genki Genki_Ln.6 JLPT JLPT_5 JLPT_N5
お風呂,おふろ,JLPT_N5
お弁当,おべんとう,Genki Genki_Ln.9 JLPT JLPT_5 JLPT_N5
覚える,おぼえる,Intermediate_Japanese Intermediate_Japanese_Ln.2 JLPT JLPT_5 JLPT_N5
おまわりさん,おまわりさん,JLPT JLPT_5 JLPT_N5
重い,おもい,Genki Genki_Ln.20 JLPT JLPT_3 JLPT_5 JLPT_N5
面白い,おもしろい,Genki Genki_Ln.5 Intermediate_Japanese Intermediate_Japanese_Ln.4 JLPT JLPT_5 JLPT_N5
泳ぐ,およぐ,Genki Genki_Ln.5 JLPT JLPT_5 JLPT_N5
降りる,おりる,JLPT JLPT_3 JLPT_5 JLPT_N5
終る,おわる,JLPT JLPT_5 JLPT_N5
音楽,おんがく,Genki Genki_Ln.3 Intermediate_Japanese Intermediate_Japanese_Ln.3 JLPT JLPT_5 JLPT_N5
女,おんな,Genki Genki_Ln.17 JLPT JLPT_5 JLPT_N5
女の子,おんなのこ,Genki Genki_Ln.11 JLPT JLPT_5 JLPT_N5
～回,～かい,JLPT JLPT_1 JLPT_5 JLPT_N5
～階,～かい,JLPT JLPT_4 JLPT_5 JLPT_N5
外国,がいこく,Genki Genki_Ln.11 Intermediate_Japanese Intermediate_Japanese_Ln.6 JLPT JLPT_5 JLPT_N5
外国人,がいこくじん,Genki Genki_Ln.15 JLPT JLPT_5 JLPT_N5
会社,かいしゃ,Genki Genki_Ln.7 JLPT JLPT_5 JLPT_N5
階段,かいだん,JLPT JLPT_5 JLPT_N5
買い物,かいもの,Genki Genki_Ln.4 JLPT JLPT_5 JLPT_N5
買う,かう,JLPT JLPT_3 JLPT_5 JLPT_N5
返す,かえす,JLPT JLPT_3 JLPT_5 JLPT_N5
帰る,かえる,Intermediate_Japanese Intermediate_Japanese_Ln.1 JLPT JLPT_3 JLPT_5 JLPT_N5
顔,かお,Genki Genki_Ln.10 Intermediate_Japanese Intermediate_Japanese_Ln.2 JLPT JLPT_3 JLPT_5 JLPT_N5
かかる,かかる,Genki Genki_Ln.10 Intermediate_Japanese Intermediate_Japanese_Ln.1 JLPT JLPT_3 JLPT_5 JLPT_N5
鍵,かぎ,Genki Genki_Ln.17 JLPT JLPT_3 JLPT_5 JLPT_N5
書く,かく,JLPT JLPT_3 JLPT_5 JLPT_N5
学生,がくせい,Genki Genki_Ln.1 JLPT JLPT_5 JLPT_N5
～か月,～かげつ,JLPT JLPT_5 JLPT_N5
掛ける,かける,JLPT JLPT_3 JLPT_4 JLPT_5 JLPT_N5
かける,かける,Genki Genki_Ln.19 JLPT JLPT_3 JLPT_4 JLPT_5 JLPT_N5
傘,かさ,Genki Genki_Ln.2 JLPT JLPT_5 JLPT_N5
貸す,かす,Intermediate_Japanese Intermediate_Japanese_Ln.3 JLPT JLPT_5 JLPT_N5
風,かぜ,Genki Genki_Ln.22 JLPT JLPT_5 JLPT_N5
風邪,かぜ,Genki Genki_Ln.12 JLPT JLPT_5 JLPT_N5
方,かた,Intermediate_Japanese Intermediate_Japanese_Ln.4 JLPT JLPT_3 JLPT_4 JLPT_5 JLPT_N5
家族,かぞく,Genki Genki_Ln.7 Intermediate_Japanese Intermediate_Japanese_Ln.1 JLPT JLPT_5 JLPT_N5
片仮名,かたかな,JLPT JLPT_5 JLPT_N5
～月,～がつ,JLPT JLPT_5 JLPT_N5
学校,がっこう,Genki Genki_Ln.3 JLPT JLPT_5 JLPT_N5
カップ,カップ,JLPT JLPT_1 JLPT_5 JLPT_N5
家庭,かてい,Intermediate_Japanese Intermediate_Japanese_Ln.3 JLPT JLPT_3 JLPT_5 JLPT_N5
角,かど,Genki Genki_Ln.20 JLPT JLPT_5 JLPT_N5
かばん,かばん,Genki Genki_Ln.2 JLPT JLPT_5 JLPT_N5
花瓶,かびん,JLPT JLPT_5 JLPT_N5
かぶる,かぶる,Genki Genki_Ln.7 JLPT JLPT_3 JLPT_5 JLPT_N5
紙,かみ,Genki Genki_Ln.17 JLPT JLPT_3 JLPT_5 JLPT_N5
カメラ,カメラ,Genki Genki_Ln.8 JLPT JLPT_5 JLPT_N5
火曜日,かようび,Genki Genki_Ln.4 JLPT JLPT_5 JLPT_N5
辛い,からい,Genki Genki_Ln.13 JLPT JLPT_5 JLPT_N5
体,からだ,Genki Genki_Ln.23 Intermediate_Japanese Intermediate_Japanese_Ln.4 JLPT JLPT_5 JLPT_N5
借りる,かりる,JLPT JLPT_5 JLPT_N5
～がる,～がる,JLPT JLPT_5 JLPT_N5
軽い,かるい,JLPT JLPT_5 JLPT_N5
カレー,カレー,Genki Genki_Ln.13 JLPT JLPT_1 JLPT_5 JLPT_N5
カレンダー,カレンダー,JLPT JLPT_5 JLPT_N5
川; 河,かわ,JLPT JLPT_3 JLPT_5 JLPT_N5
～側,～がわ,JLPT_N5
可愛い,かわいい,JLPT JLPT_5 JLPT_N5
漢字,かんじ,Genki Genki_Ln.6 Intermediate_Japanese Intermediate_Japanese_Ln.4 JLPT JLPT_3 JLPT_5 JLPT_N5
木,き,Genki Genki_Ln.22 JLPT JLPT_5 JLPT_N5
黄色,きいろ,JLPT JLPT_5 JLPT_N5
黄色い,きいろい,JLPT JLPT_5 JLPT_N5
消える,きえる,Genki Genki_Ln.18 JLPT JLPT_5 JLPT_N5
聞く,きく,JLPT JLPT_3 JLPT_5 JLPT_N5
北,きた,Intermediate_Japanese Intermediate_Japanese_Ln.10 JLPT JLPT_5 JLPT_N5
ギター,ギター,Genki Genki_Ln.9 JLPT JLPT_5 JLPT_N5
汚い,きたない,Genki Genki_Ln.16 JLPT JLPT_5 JLPT_N5
喫茶店,きっさてん,Genki Genki_Ln.2 Intermediate_Japanese Intermediate_Japanese_Ln.11 JLPT JLPT_5 JLPT_N5
切手,きって,Genki Genki_Ln.5 Intermediate_Japanese Intermediate_Japanese_Ln.3 JLPT JLPT_5 JLPT_N5
切符,きっぷ,Genki Genki_Ln.5 Intermediate_Japanese Intermediate_Japanese_Ln.10 JLPT JLPT_5 JLPT_N5
昨日,きのう,Genki Genki_Ln.4 JLPT JLPT_3 JLPT_5 JLPT_N5
九,きゅう,JLPT JLPT_3 JLPT_5 JLPT_N5
牛肉,ぎゅうにく,JLPT JLPT_5 JLPT_N5
牛乳,ぎゅうにゅう,Genki Genki_Ln.18 JLPT JLPT_5 JLPT_N5
今日,きょう,Genki Genki_Ln.3 JLPT JLPT_5 JLPT_N5
教室,きょうしつ,Intermediate_Japanese Intermediate_Japanese_Ln.3 JLPT JLPT_5 JLPT_N5
兄弟,きょうだい,Genki Genki_Ln.7 JLPT JLPT_5 JLPT_N5
去年,きょねん,Genki Genki_Ln.14 Intermediate_Japanese Intermediate_Japanese_Ln.1 JLPT JLPT_5 JLPT_N5
嫌い,きらい,JLPT JLPT_5 JLPT_N5
切る,きる,Genki Genki_Ln.8 Intermediate_Japanese Intermediate_Japanese_Ln.12 JLPT JLPT_5 JLPT_N5
着る,きる,Genki Genki_Ln.7 Intermediate_Japanese Intermediate_Japanese_Ln.9 JLPT JLPT_5 JLPT_N5
綺麗,きれい,JLPT JLPT_5 JLPT_N5
キロ; キログラム,キロ; キログラム,JLPT JLPT_3 JLPT_5 JLPT_N5
キロ; キロメートル,キロ; キロメートル,JLPT JLPT_3 JLPT_5 JLPT_N5
銀行,ぎんこう,Genki Genki_Ln.2 JLPT JLPT_5 JLPT_N5
金曜日,きんようび,Genki Genki_Ln.4 JLPT JLPT_3 JLPT_5 JLPT_N5
九,く,JLPT JLPT_3 JLPT_5 JLPT_N5
薬,くすり,Genki Genki_Ln.9 Intermediate_Japanese Intermediate_Japanese_Ln.12 JLPT JLPT_5 JLPT_N5
下さい,ください,JLPT JLPT_5 JLPT_N5
果物,くだもの,Intermediate_Japanese Intermediate_Japanese_Ln.9 JLPT JLPT_5 JLPT_N5
口,くち,Intermediate_Japanese Intermediate_Japanese_Ln.11 Intermediate_Japanese_Ln.8 JLPT JLPT_5 JLPT_N5
靴,くつ,Genki Genki_Ln.2 JLPT JLPT_5 JLPT_N5
靴下,くつした,Genki Genki_Ln.23 JLPT JLPT_5 JLPT_N5
国,くに,Genki Genki_Ln.7 JLPT JLPT_5 JLPT_N5
曇り,くもり,Genki Genki_Ln.12 JLPT JLPT_3 JLPT_5 JLPT_N5
曇る,くもる,JLPT JLPT_5 JLPT_N5
暗い,くらい,JLPT JLPT_3 JLPT_5 JLPT_N5
～くらい; ぐらい,～くらい; ぐらい,JLPT JLPT_5 JLPT_N5
クラス,クラス,Genki Genki_Ln.4 JLPT JLPT_5 JLPT_N5
グラム,グラム,JLPT JLPT_5 JLPT_N5
来る,くる,JLPT JLPT_5 JLPT_N5
車,くるま,Genki Genki_Ln.7 JLPT JLPT_5 JLPT_N5
黒,くろ,JLPT JLPT_5 JLPT_N5
黒い,くろい,Genki Genki_Ln.9 JLPT JLPT_5 JLPT_N5
警官,けいかん,JLPT JLPT_5 JLPT_N5
今朝,けさ,Genki Genki_Ln.8 Intermediate_Japanese Intermediate_Japanese_Ln.2 JLPT JLPT_5 JLPT_N5
消す,けす,JLPT JLPT_5 JLPT_N5
結構,けっこう,JLPT JLPT_3 JLPT_5 JLPT_N5
結婚,けっこん (する),JLPT JLPT_5 JLPT_N5
月曜日,げつようび,Genki Genki_Ln.4 JLPT JLPT_3 JLPT_5 JLPT_N5
玄関,げんかん,Intermediate_Japanese Intermediate_Japanese_Ln.5 JLPT JLPT_4 JLPT_5 JLPT_N5
元気,げんき,JLPT JLPT_5 JLPT_N5
～個,～こ,JLPT JLPT_2 JLPT_5 JLPT_N5
五,ご,JLPT JLPT_3 JLPT_5 JLPT_N5
～語,～ご,JLPT JLPT_5 JLPT_N5
公園,こうえん,Genki Genki_Ln.4 JLPT JLPT_3 JLPT_5 JLPT_N5
交差点,こうさてん,JLPT JLPT_5 JLPT_N5
紅茶,こうちゃ,Genki Genki_Ln.13 JLPT JLPT_5 JLPT_N5
交番,こうばん,JLPT JLPT_5 JLPT_N5
声,こえ,Intermediate_Japanese Intermediate_Japanese_Ln.2 JLPT JLPT_5 JLPT_N5
コート,コート,JLPT JLPT_5 JLPT_N5
コーヒー,コーヒー,Genki Genki_Ln.3 JLPT JLPT_5 JLPT_N5
ここ,ここ,Genki Genki_Ln.4 JLPT JLPT_3 JLPT_5 JLPT_N5
午後,ごご,Genki Genki_Ln.1 JLPT JLPT_5 JLPT_N5
九日,ここのか,Genki Genki_Ln.13 JLPT JLPT_5 JLPT_N5
九つ,ここのつ,Genki Genki_Ln.9 JLPT JLPT_5 JLPT_N5
午前,ごぜん,Genki Genki_Ln.1 JLPT JLPT_5 JLPT_N5
答える,こたえる,JLPT JLPT_5 JLPT_N5
こちら,こちら,Genki Genki_Ln.11 Genki_Ln.19 JLPT JLPT_5 JLPT_N5
こっち,こっち,JLPT JLPT_4 JLPT_5 JLPT_N5
コップ,コップ,Genki Genki_Ln.14 JLPT JLPT_5 JLPT_N5
今年,ことし,Genki Genki_Ln.10 JLPT JLPT_5 JLPT_N5
言葉,ことば,Genki Genki_Ln.13 Intermediate_Japanese Intermediate_Japanese_Ln.2 JLPT JLPT_5 JLPT_N5
子供,こども,Genki Genki_Ln.4 Intermediate_Japanese Intermediate_Japanese_Ln.2 JLPT JLPT_5 JLPT_N5
この,この,JLPT JLPT_3 JLPT_5 JLPT_N5
御飯,ごはん,Genki Genki_Ln.4 JLPT JLPT_5 JLPT_N5
コピーする,コピーする,JLPT JLPT_3 JLPT_5 JLPT_N5
困る,こまる,Genki Genki_Ln.16 JLPT JLPT_5 JLPT_N5
これ,これ,Genki Genki_Ln.2 JLPT JLPT_5 JLPT_N5
～ころ; ～ごろ,～ころ; ～ごろ,JLPT JLPT_5 JLPT_N5
今月,こんげつ,Genki Genki_Ln.8 JLPT JLPT_5 JLPT_N5
今週,こんしゅう,Genki Genki_Ln.6 JLPT JLPT_5 JLPT_N5
こんな,こんな,JLPT JLPT_5 JLPT_N5
今晩,こんばん,Genki Genki_Ln.3 Intermediate_Japanese Intermediate_Japanese_Ln.1 JLPT JLPT_5 JLPT_N5
さあ,さあ,JLPT JLPT_5 JLPT_N5
～歳,～さい,JLPT JLPT_2 JLPT_5 JLPT_N5
財布,さいふ,Genki Genki_Ln.2 Intermediate_Japanese Intermediate_Japanese_Ln.4 JLPT JLPT_5 JLPT_N5
魚,さかな,Genki Genki_Ln.2 JLPT JLPT_5 JLPT_N5
先,さき,JLPT JLPT_5 JLPT_N5
咲く,さく,Genki Genki_Ln.18 JLPT JLPT_3 JLPT_5 JLPT_N5
作文,さくぶん,Genki Genki_Ln.9 JLPT JLPT_5 JLPT_N5
差す,さす,JLPT JLPT_3 JLPT_5 JLPT_N5
～冊,～さつ,JLPT JLPT_5 JLPT_N5
雑誌,ざっし,Genki Genki_Ln.3 Intermediate_Japanese Intermediate_Japanese_Ln.8 JLPT JLPT_5 JLPT_N5
砂糖,さとう,Genki Genki_Ln.16 JLPT JLPT_5 JLPT_N5
寒い,さむい,Genki Genki_Ln.5 Intermediate_Japanese Intermediate_Japanese_Ln.2 JLPT JLPT_5 JLPT_N5
さ来年,さらいねん,JLPT JLPT_5 JLPT_N5
～さん,～さん,JLPT JLPT_2 JLPT_5 JLPT_N5
三,さん,JLPT JLPT_5 JLPT_N5
散歩,さんぽ (する),JLPT JLPT_3 JLPT_5 JLPT_N5
四,し,JLPT JLPT_3 JLPT_5 JLPT_N5
～時,～じ,JLPT JLPT_1 JLPT_5 JLPT_N5
塩,しお,JLPT JLPT_5 JLPT_N5
しかし,しかし,Intermediate_Japanese Intermediate_Japanese_Ln.3 JLPT JLPT_5 JLPT_N5
時間,じかん,Genki Genki_Ln.14 JLPT JLPT_2 JLPT_5 JLPT_N5
～時間,～じかん,JLPT JLPT_5 JLPT_N5
仕事,しごと,Genki Genki_Ln.1 Genki_Ln.8 JLPT JLPT_5 JLPT_N5
辞書,じしょ,Genki Genki_Ln.2 JLPT JLPT_5 JLPT_N5
静か,しずか,JLPT JLPT_5 JLPT_N5
下,した,JLPT JLPT_3 JLPT_5 JLPT_N5
七,しち,JLPT JLPT_3 JLPT_5 JLPT_N5
質問,しつもん,Intermediate_Japanese Intermediate_Japanese_Ln.2 JLPT JLPT_5 JLPT_N5
自転車,じてんしゃ,Genki Genki_Ln.2 JLPT JLPT_5 JLPT_N5
自動車,じどうしゃ,JLPT JLPT_5 JLPT_N5
死ぬ,しぬ,Genki Genki_Ln.6 JLPT JLPT_5 JLPT_N5
字引,じびき,JLPT JLPT_5 JLPT_N5
自分,じぶん,Genki Genki_Ln.17 Intermediate_Japanese Intermediate_Japanese_Ln.1 JLPT JLPT_5 JLPT_N5
閉まる,しまる,JLPT JLPT_5 JLPT_N5
閉める,しめる,JLPT JLPT_3 JLPT_5 JLPT_N5
締める,しめる,JLPT JLPT_3 JLPT_5 JLPT_N5
じゃ; じゃあ,じゃ; じゃあ,JLPT JLPT_3 JLPT_5 JLPT_N5
写真,しゃしん,Genki Genki_Ln.4 Intermediate_Japanese Intermediate_Japanese_Ln.4 JLPT JLPT_5 JLPT_N5
シャツ,シャツ,Genki Genki_Ln.10 JLPT JLPT_5 JLPT_N5
シャワー,シャワー,JLPT JLPT_5 JLPT_N5
十,じゅう,JLPT JLPT_3 JLPT_5 JLPT_N5
～中,～じゅう,JLPT JLPT_2 JLPT_5 JLPT_N5
～週間,～しゅうかん,JLPT JLPT_5 JLPT_N5
授業,じゅぎょう,Genki Genki_Ln.11 Intermediate_Japanese Intermediate_Japanese_Ln.3 JLPT JLPT_2 JLPT_5 JLPT_N5
宿題,しゅくだい,Genki Genki_Ln.5 Intermediate_Japanese Intermediate_Japanese_Ln.1 JLPT JLPT_5 JLPT_N5
上手,じょうず,JLPT JLPT_5 JLPT_N5
丈夫,じょうぶ,JLPT JLPT_5 JLPT_N5
醤油,しょうゆ,Genki Genki_Ln.18 JLPT JLPT_5 JLPT_N5
食堂,しょくどう,Genki Genki_Ln.7 JLPT JLPT_5 JLPT_N5
知る,しる,Genki Genki_Ln.7 JLPT JLPT_5 JLPT_N5
白,しろ,JLPT JLPT_3 JLPT_5 JLPT_N5
白い,しろい,Genki Genki_Ln.9 JLPT JLPT_5 JLPT_N5
～人,～じん,JLPT JLPT_5 JLPT_N5
新聞,しんぶん,Genki Genki_Ln.2 JLPT JLPT_5 JLPT_N5
水曜日,すいようび,Genki Genki_Ln.4 JLPT JLPT_5 JLPT_N5
吸う,すう,JLPT JLPT_3 JLPT_5 JLPT_N5
スカート,スカート,Genki Genki_Ln.18 JLPT JLPT_5 JLPT_N5
好き,すき,JLPT JLPT_5 JLPT_N5
～すぎ,～すぎ,JLPT JLPT_5 JLPT_N5
少ない,すくない,Genki Genki_Ln.17 JLPT JLPT_5 JLPT_N5
すぐに,すぐに,JLPT JLPT_5 JLPT_N5
少し,すこし,Genki Genki_Ln.21 JLPT JLPT_5 JLPT_N5
涼しい,すずしい,Genki Genki_Ln.10 JLPT JLPT_5 JLPT_N5
～ずつ,～ずつ,JLPT JLPT_5 JLPT_N5
ストーブ,ストーブ,Genki Genki_Ln.17 JLPT JLPT_5 JLPT_N5
スプーン,スプーン,JLPT JLPT_5 JLPT_N5
スポーツ,スポーツ,Genki Genki_Ln.3 JLPT JLPT_5 JLPT_N5
ズボン,ズボン,JLPT JLPT_5 JLPT_N5
住む,すむ,JLPT JLPT_3 JLPT_5 JLPT_N5
する,する,Genki Genki_Ln.17 JLPT JLPT_3 JLPT_5 JLPT_N5
座る,すわる,JLPT JLPT_5 JLPT_N5
背,せい,Intermediate_Japanese Intermediate_Japanese_Ln.4 JLPT JLPT_3 JLPT_5 JLPT_N5
生徒,せいと,Intermediate_Japanese Intermediate_Japanese_Ln.5 JLPT JLPT_5 JLPT_N5
セーター,セーター,Genki Genki_Ln.13 JLPT JLPT_5 JLPT_N5
石鹸,せっけん,JLPT JLPT_5 JLPT_N5
背広,せびろ,Intermediate_Japanese Intermediate_Japanese_Ln.9 JLPT JLPT_5 JLPT_N5
狭い,せまい,Genki Genki_Ln.12 Intermediate_Japanese Intermediate_Japanese_Ln.15 JLPT JLPT_5 JLPT_N5
ゼロ,ゼロ,JLPT JLPT_5 JLPT_N5
千,せん,JLPT JLPT_5 JLPT_N5
先月,せんげつ,Genki Genki_Ln.9 Intermediate_Japanese Intermediate_Japanese_Ln.1 JLPT JLPT_5 JLPT_N5
先週,せんしゅう,Genki Genki_Ln.4 JLPT JLPT_5 JLPT_N5
先生,せんせい,Genki Genki_Ln.1 JLPT JLPT_5 JLPT_N5
洗濯,せんたく,Intermediate_Japanese Intermediate_Japanese_Ln.11 JLPT JLPT_3 JLPT_5 JLPT_N5
全部,ぜんぶ,Genki Genki_Ln.13 Intermediate_Japanese Intermediate_Japanese_Ln.3 JLPT JLPT_5 JLPT_N5
そう; そうです,そう; そうです,JLPT JLPT_5 JLPT_N5
掃除,そうじ (する),JLPT JLPT_3 JLPT_5 JLPT_N5
そうして; そして,そうして; そして,JLPT JLPT_5 JLPT_N5
そこ,そこ,Genki Genki_Ln.4 JLPT JLPT_2 JLPT_3 JLPT_5 JLPT_N5
そちら,そちら,JLPT JLPT_5 JLPT_N5
そっち,そっち,JLPT JLPT_5 JLPT_N5
外,そと,Genki Genki_Ln.18 Intermediate_Japanese Intermediate_Japanese_Ln.2 JLPT JLPT_5 JLPT_N5
その,その,JLPT JLPT_3 JLPT_5 JLPT_N5
そば,そば,Genki Genki_Ln.15 JLPT JLPT_3 JLPT_5 JLPT_N5
空,そら,JLPT JLPT_5 JLPT_N5
それ,それ,Genki Genki_Ln.2 JLPT JLPT_3 JLPT_5 JLPT_N5
それから,それから,Intermediate_Japanese Intermediate_Japanese_Ln.1 JLPT JLPT_5 JLPT_N5
それでは,それでは,JLPT JLPT_5 JLPT_N5
～台,～だい,JLPT JLPT_5 JLPT_N5
大学,だいがく,Genki Genki_Ln.1 JLPT JLPT_5 JLPT_N5
大使館,たいしかん,JLPT JLPT_5 JLPT_N5
大丈夫,だいじょうぶ,Genki Genki_Ln.5 Intermediate_Japanese Intermediate_Japanese_Ln.3 JLPT JLPT_5 JLPT_N5
大好き,だいすき,JLPT JLPT_5 JLPT_N5
大切,たいせつ,JLPT JLPT_5 JLPT_N5
台所,だいどころ,JLPT JLPT_5 JLPT_N5
大変,たいへん,JLPT JLPT_3 JLPT_5 JLPT_N5
高い,たかい,Genki Genki_Ln.2 JLPT JLPT_5 JLPT_N5
～だけ,～だけ,JLPT JLPT_1 JLPT_5 JLPT_N5
沢山,たくさん,JLPT JLPT_5 JLPT_N5
タクシー,タクシー,JLPT JLPT_5 JLPT_N5
出す,だす,Genki Genki_Ln.16 JLPT JLPT_5 JLPT_N5
～たち,～たち,JLPT JLPT_5 JLPT_N5
立つ,たつ,Genki Genki_Ln.6 JLPT JLPT_3 JLPT_5 JLPT_N5
たて,たて,JLPT JLPT_3 JLPT_5 JLPT_N5
建物,たてもの,Intermediate_Japanese Intermediate_Japanese_Ln.5 JLPT JLPT_5 JLPT_N5
楽しい,たのしい,Genki Genki_Ln.5 JLPT JLPT_5 JLPT_N5
頼む,たのむ,Genki Genki_Ln.18 Intermediate_Japanese Intermediate_Japanese_Ln.3 JLPT JLPT_5 JLPT_N5
たばこ,たばこ,JLPT JLPT_5 JLPT_N5
多分,たぶん,Genki Genki_Ln.12 Intermediate_Japanese Intermediate_Japanese_Ln.2 JLPT JLPT_3 JLPT_5 JLPT_N5
食べ物,たべもの,Genki Genki_Ln.5 JLPT JLPT_5 JLPT_N5
食べる,たべる,JLPT JLPT_5 JLPT_N5
卵,たまご,Intermediate_Japanese Intermediate_Japanese_Ln.6 JLPT JLPT_5 JLPT_N5
誰,だれ,Genki Genki_Ln.2 JLPT JLPT_5 JLPT_N5
誰か,だれか,JLPT JLPT_3 JLPT_5 JLPT_N5
誕生日,たんじょうび,Genki Genki_Ln.5 JLPT JLPT_5 JLPT_N5
段々,だんだん,JLPT JLPT_5 JLPT_N5
小さい,ちいさい,Genki Genki_Ln.5 JLPT JLPT_5 JLPT_N5
小さな,ちいさな,JLPT JLPT_5 JLPT_N5
近い,ちかい,Genki Genki_Ln.13 JLPT JLPT_5 JLPT_N5
違う,ちがう,Genki Genki_Ln.23 Intermediate_Japanese Intermediate_Japanese_Ln.1 JLPT JLPT_5 JLPT_N5
近く,ちかく,Intermediate_Japanese Intermediate_Japanese_Ln.1 JLPT JLPT_5 JLPT_N5
地下鉄,ちかてつ,Genki Genki_Ln.10 JLPT JLPT_5 JLPT_N5
地図,ちず,Genki Genki_Ln.15 Intermediate_Japanese Intermediate_Japanese_Ln.12 JLPT JLPT_5 JLPT_N5
父,ちち,Genki Genki_Ln.7 JLPT JLPT_5 JLPT_N5
茶色,ちゃいろ,JLPT JLPT_5 JLPT_N5
茶碗,ちゃわん,JLPT JLPT_5 JLPT_N5
～中,～ちゅう,JLPT JLPT_5 JLPT_N5
丁度,ちょうど,JLPT JLPT_5 JLPT_N5
ちょっと,ちょっと,Genki Genki_Ln.3 JLPT JLPT_2 JLPT_5 JLPT_N5
一日,ついたち,JLPT JLPT_5 JLPT_N5
使う,つかう,JLPT JLPT_5 JLPT_N5
疲れる,つかれる,Genki Genki_Ln.11 Intermediate_Japanese Intermediate_Japanese_Ln.10 JLPT JLPT_5 JLPT_N5
次,つぎ,Genki Genki_Ln.6 JLPT JLPT_5 JLPT_N5
着く,つく,JLPT JLPT_3 JLPT_5 JLPT_N5
机,つくえ,Genki Genki_Ln.4 Intermediate_Japanese Intermediate_Japanese_Ln.10 JLPT JLPT_5 JLPT_N5
作る,つくる,Genki Genki_Ln.8 JLPT JLPT_5 JLPT_N5
つける,つける,JLPT JLPT_3 JLPT_4 JLPT_5 JLPT_N5
勤める,つとめる,JLPT JLPT_5 JLPT_N5
つまらない,つまらない,Genki Genki_Ln.5 JLPT JLPT_5 JLPT_N5
冷たい,つめたい,Genki Genki_Ln.10 JLPT JLPT_5 JLPT_N5
強い,つよい,Genki Genki_Ln.17 Intermediate_Japanese Intermediate_Japanese_Ln.13 JLPT JLPT_5 JLPT_N5
手,て,JLPT JLPT_5 JLPT_N5
テープ,テープ,Genki Genki_Ln.2 JLPT JLPT_5 JLPT_N5
テープレコーダー,テープレコーダー,JLPT JLPT_5 JLPT_N5
テーブル,テーブル,JLPT JLPT_5 JLPT_N5
出かける,でかける,Genki Genki_Ln.5 JLPT JLPT_5 JLPT_N5
手紙,てがみ,Genki Genki_Ln.4 JLPT JLPT_5 JLPT_N5
できる,できる,JLPT JLPT_3 JLPT_4 JLPT_5 JLPT_N5
出口,でぐち,Intermediate_Japanese Intermediate_Japanese_Ln.7 JLPT JLPT_5 JLPT_N5
テスト,テスト,Genki Genki_Ln.5 JLPT JLPT_5 JLPT_N5
では,では,JLPT JLPT_3 JLPT_5 JLPT_N5
デパート,デパート,Genki Genki_Ln.4 JLPT JLPT_5 JLPT_N5
でも,でも,JLPT JLPT_3 JLPT_5 JLPT_N5
出る,でる,JLPT JLPT_5 JLPT_N5
テレビ,テレビ,Genki Genki_Ln.3 JLPT JLPT_5 JLPT_N5
天気,てんき,Genki Genki_Ln.5 JLPT JLPT_5 JLPT_N5
電気,でんき,Genki Genki_Ln.6 JLPT JLPT_5 JLPT_N5
電車,でんしゃ,Genki Genki_Ln.6 JLPT JLPT_5 JLPT_N5
電話,でんわ,Genki Genki_Ln.1 JLPT JLPT_5 JLPT_N5
戸,と,JLPT JLPT_5 JLPT_N5
～度,～ど,JLPT JLPT_1 JLPT_5 JLPT_N5
ドア,ドア,JLPT JLPT_5 JLPT_N5
トイレ,トイレ,Intermediate_Japanese Intermediate_Japanese_Ln.10 JLPT JLPT_5 JLPT_N5
どう,どう,JLPT JLPT_5 JLPT_N5
どうして,どうして,Genki Genki_Ln.4 JLPT JLPT_5 JLPT_N5
どうぞ,どうぞ,JLPT JLPT_5 JLPT_N5
動物,どうぶつ,Intermediate_Japanese Intermediate_Japanese_Ln.10 JLPT JLPT_5 JLPT_N5
どうも,どうも,Genki Genki_Ln.2 Intermediate_Japanese Intermediate_Japanese_Ln.1 JLPT JLPT_5 JLPT_N5
十,(〜を) とお,Genki Genki_Ln.9 JLPT JLPT_3 JLPT_5 JLPT_N5
遠い,とおい,Genki Genki_Ln.21 JLPT JLPT_5 JLPT_N5
十日,とおか,Genki Genki_Ln.13 JLPT JLPT_5 JLPT_N5
～時,～とき,JLPT JLPT_3 JLPT_5 JLPT_N5
時々,ときどき,Genki Genki_Ln.3 JLPT JLPT_5 JLPT_N5
時計,とけい,Genki Genki_Ln.2 Intermediate_Japanese Intermediate_Japanese_Ln.2 JLPT JLPT_5 JLPT_N5
どこ,どこ,Genki Genki_Ln.2 JLPT JLPT_5 JLPT_N5
所,ところ,Genki Genki_Ln.8 Intermediate_Japanese Intermediate_Japanese_Ln.1 JLPT JLPT_5 JLPT_N5
年,とし,JLPT JLPT_3 JLPT_5 JLPT_N5
図書館,としょかん,Genki Genki_Ln.2 Intermediate_Japanese Intermediate_Japanese_Ln.5 JLPT JLPT_5 JLPT_N5
どちら,どちら,Genki Genki_Ln.10 Genki_Ln.19 JLPT JLPT_5 JLPT_N5
どっち,どっち,Genki Genki_Ln.10 JLPT JLPT_5 JLPT_N5
とても,とても,Genki Genki_Ln.5 Intermediate_Japanese Intermediate_Japanese_Ln.1 JLPT JLPT_3 JLPT_5 JLPT_N5
どなた,どなた,JLPT JLPT_5 JLPT_N5
隣,となり,Intermediate_Japanese Intermediate_Japanese_Ln.1 JLPT JLPT_5 JLPT_N5
どの,どの,JLPT JLPT_5 JLPT_N5
飛ぶ,とぶ,JLPT JLPT_5 JLPT_N5
止まる,とまる,JLPT JLPT_5 JLPT_N5
友達,ともだち,Genki Genki_Ln.1 Intermediate_Japanese Intermediate_Japanese_Ln.1 JLPT JLPT_5 JLPT_N5
土曜日,どようび,Genki Genki_Ln.3 JLPT JLPT_3 JLPT_5 JLPT_N5
鳥,とり,Intermediate_Japanese Intermediate_Japanese_Ln.6 JLPT JLPT_5 JLPT_N5
鶏肉,とりにく,JLPT JLPT_5 JLPT_N5
取る,とる,Genki Genki_Ln.11 Intermediate_Japanese Intermediate_Japanese_Ln.1 JLPT JLPT_5 JLPT_N5
撮る,とる,JLPT JLPT_5 JLPT_N5
どれ,どれ,Genki Genki_Ln.2 JLPT JLPT_3 JLPT_5 JLPT_N5
どんな,どんな,JLPT JLPT_3 JLPT_5 JLPT_N5
ない,ない,JLPT JLPT_5 JLPT_N5
ナイフ,ナイフ,JLPT JLPT_5 JLPT_N5
中,なか,JLPT JLPT_3 JLPT_5 JLPT_N5
長い,ながい,Genki Genki_Ln.7 Intermediate_Japanese Intermediate_Japanese_Ln.4 JLPT JLPT_2 JLPT_5 JLPT_N5
鳴く,なく,JLPT JLPT_5 JLPT_N5
無くす,なくす,JLPT JLPT_3 JLPT_5 JLPT_N5
なぜ,なぜ,Genki Genki_Ln.19 JLPT JLPT_5 JLPT_N5
夏,なつ,Genki Genki_Ln.8 Intermediate_Japanese Intermediate_Japanese_Ln.4 JLPT JLPT_5 JLPT_N5
夏休み,なつやすみ,JLPT JLPT_5 JLPT_N5
～など,～など,JLPT JLPT_3 JLPT_5 JLPT_N5
七つ,ななつ,Genki Genki_Ln.9 JLPT JLPT_3 JLPT_5 JLPT_N5
何,なん; なに,Genki Genki_Ln.1 JLPT JLPT_3 JLPT_5 JLPT_N5
七日,なのか,Genki Genki_Ln.13 JLPT JLPT_5 JLPT_N5
名前,なまえ,Genki Genki_Ln.1 JLPT JLPT_5 JLPT_N5
習う,ならう,Genki Genki_Ln.11 JLPT JLPT_5 JLPT_N5
並ぶ,ならぶ,Intermediate_Japanese Intermediate_Japanese_Ln.7 JLPT JLPT_5 JLPT_N5
並べる,ならべる,Intermediate_Japanese Intermediate_Japanese_Ln.15 JLPT JLPT_5 JLPT_N5
なる,なる,Genki Genki_Ln.10 JLPT JLPT_3 JLPT_5 JLPT_N5
何～,なん～,JLPT JLPT_5 JLPT_N5
二,に,JLPT JLPT_5 JLPT_N5
にぎやか,にぎやか,JLPT JLPT_5 JLPT_N5
肉,にく,Genki Genki_Ln.2 JLPT JLPT_5 JLPT_N5
西,にし,JLPT JLPT_5 JLPT_N5
～日,～にち,JLPT JLPT_5 JLPT_N5
日曜日,にちようび,Genki Genki_Ln.3 JLPT JLPT_3 JLPT_5 JLPT_N5
荷物,にもつ,Genki Genki_Ln.6 Intermediate_Japanese Intermediate_Japanese_Ln.6 JLPT JLPT_5 JLPT_N5
ニュース,ニュース,Genki Genki_Ln.17 JLPT JLPT_5 JLPT_N5
庭,にわ,Genki Genki_Ln.15 JLPT JLPT_5 JLPT_N5
～人,～にん,JLPT JLPT_5 JLPT_N5
脱ぐ,ぬぐ,Genki Genki_Ln.17 JLPT JLPT_5 JLPT_N5
温い,ぬるい,JLPT JLPT_3 JLPT_5 JLPT_N5
ネクタイ,ネクタイ,Genki Genki_Ln.14 JLPT JLPT_5 JLPT_N5
猫,ねこ,Genki Genki_Ln.4 JLPT JLPT_5 JLPT_N5
寝る,ねる,Genki Genki_Ln.3 Intermediate_Japanese Intermediate_Japanese_Ln.2 JLPT JLPT_5 JLPT_N5
～年,～ねん,JLPT JLPT_5 JLPT_N5
ノート,ノート,Genki Genki_Ln.2 JLPT JLPT_5 JLPT_N5
登る,のぼる,JLPT JLPT_3 JLPT_5 JLPT_N5
飲み物,のみもの,Genki Genki_Ln.5 JLPT JLPT_5 JLPT_N5
飲む,のむ,JLPT JLPT_5 JLPT_N5
乗る,のる,JLPT JLPT_3 JLPT_5 JLPT_N5
歯,は,Genki Genki_Ln.12 Intermediate_Japanese Intermediate_Japanese_Ln.12 JLPT JLPT_5 JLPT_N5
パーティー,パーティー,Genki Genki_Ln.8 JLPT JLPT_5 JLPT_N5
はい,はい,Genki Genki_Ln.1 JLPT JLPT_3 JLPT_5 JLPT_N5
～杯,～はい,JLPT JLPT_5 JLPT_N5
灰皿,はいざら,JLPT JLPT_5 JLPT_N5
入る,はいる,JLPT JLPT_5 JLPT_N5
葉書,はがき,Genki Genki_Ln.5 JLPT JLPT_5 JLPT_N5
はく,はく,Genki Genki_Ln.7 JLPT JLPT_3 JLPT_5 JLPT_N5
箱,はこ,JLPT JLPT_5 JLPT_N5
橋,はし,JLPT JLPT_3 JLPT_5 JLPT_N5
箸,はし,Genki Genki_Ln.8 JLPT JLPT_3 JLPT_5 JLPT_N5
始まる,はじまる,Genki Genki_Ln.9 JLPT JLPT_5 JLPT_N5
初め; 始め,はじめ,JLPT JLPT_3 JLPT_5 JLPT_N5
初めて,はじめて,Genki Genki_Ln.12 Intermediate_Japanese Intermediate_Japanese_Ln.1 JLPT JLPT_5 JLPT_N5
走る,はしる,Genki Genki_Ln.22 Intermediate_Japanese Intermediate_Japanese_Ln.10 JLPT JLPT_5 JLPT_N5
バス,バス,Genki Genki_Ln.5 Intermediate_Japanese Intermediate_Japanese_Ln.10 JLPT JLPT_1 JLPT_5 JLPT_N5
バター,バター,JLPT JLPT_5 JLPT_N5
二十歳,はたち,JLPT JLPT_3 JLPT_5 JLPT_N5
働く,はたらく,Genki Genki_Ln.11 Intermediate_Japanese Intermediate_Japanese_Ln.9 JLPT JLPT_5 JLPT_N5
八,はち,JLPT JLPT_5 JLPT_N5
二十日,はつか,JLPT JLPT_5 JLPT_N5
花,はな,JLPT JLPT_5 JLPT_N5
鼻,はな,JLPT JLPT_5 JLPT_N5
話,はなし,Genki Genki_Ln.19 JLPT JLPT_5 JLPT_N5
話す,はなす,JLPT JLPT_3 JLPT_5 JLPT_N5
母,はは,Genki Genki_Ln.14 JLPT JLPT_5 JLPT_N5
早い,はやい,Genki Genki_Ln.3 JLPT JLPT_5 JLPT_N5
速い,はやい,Genki Genki_Ln.7 Intermediate_Japanese Intermediate_Japanese_Ln.4 JLPT JLPT_5 JLPT_N5
春,はる,Genki Genki_Ln.10 Intermediate_Japanese Intermediate_Japanese_Ln.4 JLPT JLPT_3 JLPT_5 JLPT_N5
貼る,はる,Genki Genki_Ln.21 Intermediate_Japanese Intermediate_Japanese_Ln.3 JLPT JLPT_3 JLPT_5 JLPT_N5
晴れ,はれ,Genki Genki_Ln.12 JLPT JLPT_5 JLPT_N5
晴れる,はれる,Genki Genki_Ln.19 JLPT JLPT_5 JLPT_N5
半,はん,Genki Genki_Ln.1 JLPT JLPT_3 JLPT_5 JLPT_N5
晩,ばん,JLPT JLPT_3 JLPT_5 JLPT_N5
～番,～ばん,JLPT JLPT_5 JLPT_N5
パン,パン,Genki Genki_Ln.4 JLPT JLPT_5 JLPT_N5
ハンカチ,ハンカチ,JLPT JLPT_5 JLPT_N5
番号,ばんごう,Genki Genki_Ln.1 JLPT JLPT_5 JLPT_N5
晩御飯,ばんごはん,Genki Genki_Ln.3 JLPT JLPT_5 JLPT_N5
半分,はんぶん,JLPT JLPT_5 JLPT_N5
東,ひがし,JLPT JLPT_5 JLPT_N5
～匹,～ひき,JLPT JLPT_5 JLPT_N5
引く,ひく,JLPT JLPT_2 JLPT_3 JLPT_5 JLPT_N5
弾く,ひく,Genki Genki_Ln.9 JLPT JLPT_3 JLPT_5 JLPT_N5
低い,ひくい,JLPT JLPT_5 JLPT_N5
飛行機,ひこうき,Genki Genki_Ln.5 Intermediate_Japanese Intermediate_Japanese_Ln.1 JLPT JLPT_5 JLPT_N5
左,ひだり,JLPT JLPT_5 JLPT_N5
人,ひと,Genki Genki_Ln.4 JLPT JLPT_5 JLPT_N5
一つ,ひとつ,Genki Genki_Ln.9 JLPT JLPT_5 JLPT_N5
一月,ひとつき,JLPT JLPT_5 JLPT_N5
一人,ひとり,Genki Genki_Ln.7 JLPT JLPT_3 JLPT_5 JLPT_N5
暇,ひま,JLPT JLPT_5 JLPT_N5
百,ひゃく,JLPT JLPT_5 JLPT_N5
病院,びょういん,Genki Genki_Ln.4 JLPT JLPT_5 JLPT_N5
病気,びょうき,Genki Genki_Ln.9 Intermediate_Japanese Intermediate_Japanese_Ln.2 JLPT JLPT_5 JLPT_N5
平仮名,ひらがな,JLPT JLPT_5 JLPT_N5
昼,ひる,JLPT JLPT_5 JLPT_N5
昼御飯,ひるごはん,Genki Genki_Ln.3 JLPT JLPT_5 JLPT_N5
広い,ひろい,Genki Genki_Ln.15 Intermediate_Japanese Intermediate_Japanese_Ln.15 JLPT JLPT_5 JLPT_N5
フィルム,フィルム,JLPT JLPT_5 JLPT_N5
封筒,ふうとう,Intermediate_Japanese Intermediate_Japanese_Ln.3 JLPT JLPT_5 JLPT_N5
プール,プール,Genki Genki_Ln.15 JLPT JLPT_5 JLPT_N5
フォーク,フォーク,JLPT JLPT_5 JLPT_N5
吹く,ふく,Genki Genki_Ln.22 JLPT JLPT_3 JLPT_5 JLPT_N5
服,ふく,Genki Genki_Ln.12 JLPT JLPT_3 JLPT_5 JLPT_N5
二つ,ふたつ,Genki Genki_Ln.9 JLPT JLPT_5 JLPT_N5
豚肉,ぶたにく,JLPT JLPT_5 JLPT_N5
二人,ふたり,Genki Genki_Ln.7 JLPT JLPT_5 JLPT_N5
二日,ふつか,Genki Genki_Ln.13 JLPT JLPT_5 JLPT_N5
太い,ふとい,JLPT JLPT_5 JLPT_N5
冬,ふゆ,Genki Genki_Ln.8 Intermediate_Japanese Intermediate_Japanese_Ln.4 JLPT JLPT_5 JLPT_N5
降る,ふる,Intermediate_Japanese Intermediate_Japanese_Ln.2 JLPT JLPT_3 JLPT_5 JLPT_N5
古い,ふるい,Genki Genki_Ln.5 JLPT JLPT_5 JLPT_N5
～分,～ふん,JLPT JLPT_5 JLPT_N5
文章,ぶんしょう,JLPT JLPT_5 JLPT_N5
ページ,ページ,Genki Genki_Ln.6 JLPT JLPT_5 JLPT_N5
下手,へた,JLPT JLPT_5 JLPT_N5
ベッド,ベッド,JLPT JLPT_5 JLPT_N5
ペット,ペット,Genki Genki_Ln.15 JLPT JLPT_3 JLPT_5 JLPT_N5
部屋,へや,Genki Genki_Ln.5 Intermediate_Japanese Intermediate_Japanese_Ln.2 JLPT JLPT_5 JLPT_N5
辺,へん,JLPT JLPT_5 JLPT_N5
ペン,ペン,Genki Genki_Ln.2 JLPT JLPT_5 JLPT_N5
勉強,べんきょう (する),JLPT JLPT_3 JLPT_5 JLPT_N5
便利,べんり,JLPT JLPT_5 JLPT_N5
帽子,ぼうし,Genki Genki_Ln.2 JLPT JLPT_5 JLPT_N5
ボールペン,ボールペン,JLPT JLPT_5 JLPT_N5
外,ほか,JLPT JLPT_3 JLPT_5 JLPT_N5
ポケット,ポケット,JLPT JLPT_5 JLPT_N5
欲しい,ほしい,JLPT JLPT_5 JLPT_N5
ポスト,ポスト,JLPT JLPT_5 JLPT_N5
細い,ほそい,JLPT JLPT_5 JLPT_N5
ボタン,ボタン,JLPT JLPT_5 JLPT_N5
ホテル,ホテル,Genki Genki_Ln.4 JLPT JLPT_5 JLPT_N5
本,ほん,Genki Genki_Ln.2 JLPT JLPT_5 JLPT_N5
～本,～ほん,JLPT JLPT_2 JLPT_5 JLPT_N5
本棚,ほんだな,JLPT JLPT_5 JLPT_N5
本当,ほんとう,JLPT JLPT_3 JLPT_5 JLPT_N5
～枚,～まい,JLPT JLPT_5 JLPT_N5
毎朝,まいあさ,Genki Genki_Ln.19 JLPT JLPT_5 JLPT_N5
毎月,まいげつ; まいつき,JLPT JLPT_5 JLPT_N5
毎週,まいしゅう,Genki Genki_Ln.8 JLPT JLPT_5 JLPT_N5
毎日,まいにち,Genki Genki_Ln.3 JLPT JLPT_5 JLPT_N5
毎年,まいねん; まいとし,JLPT JLPT_5 JLPT_N5
毎晩,まいばん,Genki Genki_Ln.3 JLPT JLPT_5 JLPT_N5
前,まえ,Genki Genki_Ln.17 JLPT JLPT_5 JLPT_N5
～前,～まえ,JLPT JLPT_5 JLPT_N5
曲る,まがる,JLPT JLPT_3 JLPT_5 JLPT_N5
まずい,まずい,Genki Genki_Ln.23 JLPT JLPT_5 JLPT_N5
また,また,Genki Genki_Ln.20 Intermediate_Japanese Intermediate_Japanese_Ln.5 JLPT JLPT_3 JLPT_5 JLPT_N5
まだ,まだ,Genki Genki_Ln.19 JLPT JLPT_3 JLPT_5 JLPT_N5
町,まち,Genki Genki_Ln.4 Intermediate_Japanese Intermediate_Japanese_Ln.1 JLPT JLPT_3 JLPT_5 JLPT_N5
待つ,まつ,JLPT JLPT_3 JLPT_5 JLPT_N5
まっすぐ,まっすぐ,JLPT JLPT_3 JLPT_5 JLPT_N5
マッチ,マッチ,JLPT JLPT_5 JLPT_N5
窓,まど,Genki Genki_Ln.6 JLPT JLPT_5 JLPT_N5
丸い; 円い,まるい,JLPT JLPT_3 JLPT_5 JLPT_N5
万,まん,JLPT JLPT_5 JLPT_N5
万年筆,まんねんひつ,JLPT JLPT_5 JLPT_N5
磨く,みがく,Genki Genki_Ln.13 JLPT JLPT_5 JLPT_N5
右,みぎ,JLPT JLPT_5 JLPT_N5
短い,みじかい,Genki Genki_Ln.7 Intermediate_Japanese Intermediate_Japanese_Ln.11 JLPT JLPT_5 JLPT_N5
水,みず,Genki Genki_Ln.3 JLPT JLPT_5 JLPT_N5
店,みせ,Genki Genki_Ln.13 Intermediate_Japanese Intermediate_Japanese_Ln.6 JLPT JLPT_5 JLPT_N5
見せる,みせる,Genki Genki_Ln.16 JLPT JLPT_5 JLPT_N5
道,みち,Genki Genki_Ln.16 JLPT JLPT_5 JLPT_N5
三日,みっか,Genki Genki_Ln.13 JLPT JLPT_5 JLPT_N5
三つ,みっつ,Genki Genki_Ln.9 JLPT JLPT_5 JLPT_N5
緑,みどり,JLPT JLPT_5 JLPT_N5
皆さん,みなさん,Intermediate_Japanese Intermediate_Japanese_Ln.4 JLPT JLPT_5 JLPT_N5
南,みなみ,Intermediate_Japanese Intermediate_Japanese_Ln.10 JLPT JLPT_5 JLPT_N5
耳,みみ,Intermediate_Japanese Intermediate_Japanese_Ln.5 JLPT JLPT_5 JLPT_N5
見る,みる,JLPT JLPT_3 JLPT_5 JLPT_N5
みんな,みんな,Genki Genki_Ln.9 JLPT JLPT_3 JLPT_5 JLPT_N5
六日,むいか,Genki Genki_Ln.13 JLPT JLPT_5 JLPT_N5
向こう,むこう,JLPT JLPT_5 JLPT_N5
難しい,むずかしい,Genki Genki_Ln.5 Intermediate_Japanese Intermediate_Japanese_Ln.2 JLPT JLPT_5 JLPT_N5
六つ,むっつ,Genki Genki_Ln.9 JLPT JLPT_5 JLPT_N5
村,むら,Intermediate_Japanese Intermediate_Japanese_Ln.10 JLPT JLPT_5 JLPT_N5
目,め,Genki Genki_Ln.7 JLPT JLPT_3 JLPT_5 JLPT_N5
メートル,メートル,JLPT JLPT_5 JLPT_N5
眼鏡,めがね,Genki Genki_Ln.7 JLPT JLPT_5 JLPT_N5
もう,もう,Genki Genki_Ln.9 JLPT JLPT_2 JLPT_5 JLPT_N5
木曜日,もくようび,Genki Genki_Ln.4 JLPT JLPT_3 JLPT_5 JLPT_N5
もしもし,もしもし,Genki Genki_Ln.4 JLPT JLPT_5 JLPT_N5
持つ,もつ,JLPT JLPT_5 JLPT_N5
もっと,もっと,Genki Genki_Ln.11 JLPT JLPT_3 JLPT_5 JLPT_N5
物,もの,Genki Genki_Ln.12 JLPT JLPT_3 JLPT_5 JLPT_N5
門,もん,JLPT JLPT_5 JLPT_N5
問題,もんだい,Intermediate_Japanese Intermediate_Japanese_Ln.11 JLPT JLPT_5 JLPT_N5
～屋,～や,JLPT_N5
八百屋,やおや,JLPT JLPT_5 JLPT_N5
野菜,やさい,Genki Genki_Ln.2 JLPT JLPT_5 JLPT_N5
易しい,やさしい,JLPT JLPT_5 JLPT_N5
安い,やすい,Genki Genki_Ln.5 JLPT JLPT_5 JLPT_N5
休み,やすみ,Genki Genki_Ln.5 JLPT JLPT_5 JLPT_N5
休む,やすむ,JLPT JLPT_5 JLPT_N5
八つ,やっつ,Genki Genki_Ln.9 JLPT JLPT_5 JLPT_N5
山,やま,Genki Genki_Ln.11 JLPT JLPT_5 JLPT_N5
やる,やる,Genki Genki_Ln.21 JLPT JLPT_4 JLPT_5 JLPT_N5
夕方,ゆうがた,Genki Genki_Ln.18 Intermediate_Japanese Intermediate_Japanese_Ln.10 JLPT JLPT_5 JLPT_N5
夕飯,ゆうはん,JLPT JLPT_4 JLPT_5 JLPT_N5
郵便局,ゆうびんきょく,Genki Genki_Ln.2 JLPT JLPT_5 JLPT_N5
昨夜,ゆうべ,JLPT JLPT_3 JLPT_5 JLPT_N5
有名,ゆうめい,JLPT JLPT_5 JLPT_N5
雪,ゆき,Genki Genki_Ln.12 JLPT JLPT_3 JLPT_5 JLPT_N5
ゆっくりと,ゆっくりと,JLPT JLPT_5 JLPT_N5
八日,ようか,Genki Genki_Ln.13 JLPT JLPT_5 JLPT_N5
洋服,ようふく,JLPT JLPT_5 JLPT_N5
よく,よく,Genki Genki_Ln.14 Genki_Ln.3 JLPT JLPT_5 JLPT_N5
横,よこ,Intermediate_Japanese Intermediate_Japanese_Ln.11 JLPT JLPT_5 JLPT_N5
四日,よっか,Genki Genki_Ln.13 JLPT JLPT_5 JLPT_N5
四つ,よっつ,Genki Genki_Ln.9 JLPT JLPT_2 JLPT_5 JLPT_N5
呼ぶ,よぶ,Genki Genki_Ln.19 JLPT JLPT_3 JLPT_5 JLPT_N5
読む,よむ,JLPT JLPT_5 JLPT_N5
夜,よる,Genki Genki_Ln.6 JLPT JLPT_3 JLPT_5 JLPT_N5
弱い,よわい,JLPT JLPT_5 JLPT_N5
来月,らいげつ,Genki Genki_Ln.8 JLPT JLPT_5 JLPT_N5
来週,らいしゅう,Genki Genki_Ln.6 JLPT JLPT_5 JLPT_N5
来年,らいねん,Genki Genki_Ln.6 JLPT JLPT_5 JLPT_N5
ラジオ,ラジオ,Genki Genki_Ln.14 JLPT JLPT_5 JLPT_N5
ラジオカセ,ラジオカセ,JLPT JLPT_5 JLPT_N5
りっぱ,りっぱ,JLPT JLPT_3 JLPT_5 JLPT_N5
留学生,りゅうがくせい,Genki Genki_Ln.1 JLPT JLPT_5 JLPT_N5
両親,りょうしん,Genki Genki_Ln.14 Intermediate_Japanese Intermediate_Japanese_Ln.1 JLPT JLPT_5 JLPT_N5
料理,りょうり,Intermediate_Japanese Intermediate_Japanese_Ln.4 JLPT JLPT_5 JLPT_N5
旅行,りょこう,Genki Genki_Ln.5 JLPT JLPT_5 JLPT_N5
零,れい,JLPT JLPT_3 JLPT_5 JLPT_N5
冷蔵庫,れいぞうこ,Genki Genki_Ln.18 JLPT JLPT_5 JLPT_N5
レコード,レコード,JLPT JLPT_5 JLPT_N5
レストラン,レストラン,Genki Genki_Ln.4 JLPT JLPT_5 JLPT_N5
練習,れんしゅう (する),JLPT JLPT_5 JLPT_N5
廊下,ろうか,JLPT JLPT_5 JLPT_N5
六,ろく,JLPT JLPT_5 JLPT_N5
ワイシャツ,ワイシャツ,JLPT JLPT_5 JLPT_N5
若い,わかい,Genki Genki_Ln.9 Intermediate_Japanese Intermediate_Japanese_Ln.1 JLPT JLPT_5 JLPT_N5
分かる,わかる,JLPT JLPT_5 JLPT_N5
忘れる,わすれる,Intermediate_Japanese Intermediate_Japanese_Ln.3 JLPT JLPT_5 JLPT_N5
私,わたし,Genki Genki_Ln.1 JLPT JLPT_5 JLPT_N5
私,わたくし,Genki Genki_Ln.13 JLPT JLPT_2 JLPT_5 JLPT_N5
渡す,わたす,Intermediate_Japanese Intermediate_Japanese_Ln.6 JLPT JLPT_5 JLPT_N5
渡る,わたる,JLPT JLPT_5 JLPT_N5
悪い,わるい,Genki Genki_Ln.12 Intermediate_Japanese Intermediate_Japanese_Ln.3 JLPT JLPT_5 JLPT_N5
